fold,session_id,start_sec,window_index_in_session,num_windows_in_session,position_ratio,true_label,pred_label,correct,final_confidence,audio_gate_weight,sensor_gate_weight,audio_conf_top1,audio_conf_margin,audio_conf_entropyinv,sensor_conf_top1,sensor_conf_margin,sensor_conf_entropyinv
repeat1_fold1,MMdata_1071.50s_0327_201445_4ml,0.0,0,214,0.002336448598130841,2,2,1,0.9989680051803589,0.9020398259162903,0.09796011447906494,0.998491644859314,0.9977185726165771,0.9887570142745972,0.9830905199050903,0.9663062691688538,0.9212700128555298
repeat1_fold1,MMdata_1071.50s_0327_201445_4ml,5.0,1,214,0.007009345794392523,2,2,1,0.9989288449287415,0.920989990234375,0.0790100023150444,0.9984147548675537,0.9976071715354919,0.9882557392120361,0.9906463623046875,0.9813205003738403,0.9515764713287354
repeat1_fold1,MMdata_1071.50s_0327_201445_4ml,10.0,2,214,0.011682242990654205,2,2,1,0.9988012313842773,0.9144184589385986,0.08558153361082077,0.9985368251800537,0.99772709608078,0.9890609383583069,0.9622095227241516,0.9244362115859985,0.853444516658783
repeat1_fold1,MMdata_1071.50s_0327_201445_4ml,15.0,3,214,0.016355140186915886,2,2,1,0.9987491369247437,0.9211535453796387,0.07884645462036133,0.998513400554657,0.9977059364318848,0.9889042973518372,0.9679055213928223,0.9358242750167847,0.8706866502761841
repeat1_fold1,MMdata_1071.50s_0327_201445_4ml,20.0,4,214,0.02102803738317757,2,2,1,0.9989932179450989,0.8951866626739502,0.1048133373260498,0.9985103011131287,0.997728705406189,0.9888806343078613,0.9826604723930359,0.9655921459197998,0.9190865755081177
repeat1_fold1,MMdata_1071.50s_0327_201445_4ml,25.0,5,214,0.02570093457943925,2,2,1,0.9988885521888733,0.9221587777137756,0.07784120738506317,0.9984388947486877,0.9976406097412109,0.9884127974510193,0.985621988773346,0.9712642431259155,0.931350827217102
repeat1_fold1,MMdata_1071.50s_0327_201445_4ml,30.0,6,214,0.030373831775700934,2,2,1,0.9988270401954651,0.9145734906196594,0.08542652428150177,0.998518168926239,0.997731626033783,0.9889332056045532,0.9597054719924927,0.9194305539131165,0.8461258411407471
repeat1_fold1,MMdata_1071.50s_0327_201445_4ml,35.0,7,214,0.035046728971962614,2,2,1,0.9987789988517761,0.9204924702644348,0.07950752973556519,0.9984947443008423,0.9976719617843628,0.9887826442718506,0.9716356992721558,0.9432865381240845,0.8824520707130432
repeat1_fold1,MMdata_1071.50s_0327_201445_4ml,40.0,8,214,0.0397196261682243,2,2,1,0.9989601373672485,0.8971068263053894,0.10289323329925537,0.998544454574585,0.9977949857711792,0.9891032576560974,0.9818229675292969,0.9638261795043945,0.9163779616355896
repeat1_fold1,MMdata_1071.50s_0327_201445_4ml,45.0,9,214,0.04439252336448598,2,2,1,0.9988963603973389,0.9211629033088684,0.07883705198764801,0.9984385371208191,0.9976457357406616,0.9884103536605835,0.9850975275039673,0.9702157974243164,0.9293379783630371
repeat1_fold1,MMdata_1071.50s_0327_201445_4ml,50.0,10,214,0.04906542056074766,2,2,1,0.9988455772399902,0.9124493598937988,0.087550587952137,0.9985576272010803,0.9978043437004089,0.9891905188560486,0.9630064964294434,0.9260378479957581,0.8557488322257996
repeat1_fold1,MMdata_1071.50s_0327_201445_4ml,55.0,11,214,0.053738317757009345,2,2,1,0.9988012313842773,0.9196819067001343,0.0803181380033493,0.9984986782073975,0.9977038502693176,0.9888049364089966,0.9714996218681335,0.9430168271064758,0.8819999694824219
repeat1_fold1,MMdata_1071.50s_0327_201445_4ml,60.0,12,214,0.05841121495327103,2,2,1,0.9989230036735535,0.8966870903968811,0.10331294685602188,0.9985532164573669,0.9978181719779968,0.9891608357429504,0.9783990979194641,0.9569242596626282,0.9044434428215027
repeat1_fold1,MMdata_1071.50s_0327_201445_4ml,65.0,13,214,0.0630841121495327,2,2,1,0.9988252520561218,0.9215130805969238,0.07848695665597916,0.9984691739082336,0.9976863265037537,0.9886102080345154,0.9687678217887878,0.9375489950180054,0.8733713626861572
repeat1_fold1,MMdata_1071.50s_0327_201445_4ml,70.0,14,214,0.06775700934579439,2,2,1,0.9988294243812561,0.9163458347320557,0.08365423232316971,0.9985243678092957,0.9977274537086487,0.9889755249023438,0.9679507613182068,0.935919463634491,0.8707947134971619
repeat1_fold1,MMdata_1071.50s_0327_201445_4ml,75.0,15,214,0.07242990654205607,2,2,1,0.9987344145774841,0.9191232323646545,0.08087675273418427,0.9985130429267883,0.9976702928543091,0.9889089465141296,0.9651745557785034,0.9303627610206604,0.8623210191726685
repeat1_fold1,MMdata_1071.50s_0327_201445_4ml,80.0,16,214,0.07710280373831775,2,2,1,0.9989537000656128,0.8937104940414429,0.10628951340913773,0.998578667640686,0.9978489875793457,0.9893285632133484,0.9835062623023987,0.9672423601150513,0.9223837852478027
repeat1_fold1,MMdata_1071.50s_0327_201445_4ml,85.0,17,214,0.08177570093457943,2,2,1,0.9987818598747253,0.9214333891868591,0.07856665551662445,0.9984939098358154,0.9977103471755981,0.9887725710868835,0.9596521258354187,0.919315755367279,0.8460295796394348
repeat1_fold1,MMdata_1071.50s_0327_201445_4ml,90.0,18,214,0.08644859813084112,2,2,1,0.9988664388656616,0.9171684384346008,0.08283156901597977,0.9984903335571289,0.9976913332939148,0.9887506365776062,0.9796301126480103,0.9592811465263367,0.9093034863471985
repeat1_fold1,MMdata_1071.50s_0327_201445_4ml,95.0,19,214,0.0911214953271028,2,2,1,0.9987597465515137,0.9192273616790771,0.08077256381511688,0.9985176920890808,0.9977054595947266,0.9889330267906189,0.9579684734344482,0.9159508347511292,0.8411872386932373
repeat1_fold1,MMdata_1071.50s_0327_201445_4ml,100.0,20,214,0.09579439252336448,2,2,1,0.9989204406738281,0.8931133151054382,0.10688664764165878,0.9985968470573425,0.9978910684585571,0.9894483685493469,0.9822792410850525,0.9647241830825806,0.9181060791015625
repeat1_fold1,MMdata_1071.50s_0327_201445_4ml,105.0,21,214,0.10046728971962617,2,2,1,0.9988420605659485,0.9208879470825195,0.07911206036806107,0.9984663724899292,0.9976871609687805,0.9885913729667664,0.9680337905883789,0.936082124710083,0.8710755109786987
repeat1_fold1,MMdata_1071.50s_0327_201445_4ml,110.0,22,214,0.10514018691588785,2,2,1,0.9987950325012207,0.9145195484161377,0.08548039942979813,0.9985546469688416,0.9977819919586182,0.9891731142997742,0.9529132843017578,0.9058446884155273,0.8270477056503296
repeat1_fold1,MMdata_1071.50s_0327_201445_4ml,115.0,23,214,0.10981308411214953,2,2,1,0.9987521171569824,0.9195133447647095,0.0804867148399353,0.9985200762748718,0.9977094531059265,0.9889489412307739,0.9560337066650391,0.9120811820030212,0.8357239961624146
repeat1_fold1,MMdata_1071.50s_0327_201445_4ml,120.0,24,214,0.11448598130841121,2,2,1,0.9988956451416016,0.8938673138618469,0.1061326190829277,0.9985972046852112,0.9978896975517273,0.9894505143165588,0.9870395064353943,0.974210798740387,0.936340868473053
repeat1_fold1,MMdata_1071.50s_0327_201445_4ml,125.0,25,214,0.1191588785046729,2,2,1,0.9988023042678833,0.9213463664054871,0.07865367084741592,0.9985151886940002,0.9977574944496155,0.9889112114906311,0.9672563672065735,0.9345266819000244,0.8686742782592773
repeat1_fold1,MMdata_1071.50s_0327_201445_4ml,130.0,26,214,0.12383177570093458,2,2,1,0.9988523721694946,0.913992166519165,0.08600785583257675,0.9985301494598389,0.9977601170539856,0.9890104532241821,0.9667280912399292,0.9334800839424133,0.8669825792312622
repeat1_fold1,MMdata_1071.50s_0327_201445_4ml,135.0,27,214,0.12850467289719625,2,2,1,0.9987460374832153,0.9197686910629272,0.08023130148649216,0.9985209107398987,0.9977096915245056,0.9889545440673828,0.9553217887878418,0.9106564521789551,0.8337407112121582
repeat1_fold1,MMdata_1071.50s_0327_201445_4ml,140.0,28,214,0.13317757009345793,2,2,1,0.9989237189292908,0.8917965888977051,0.10820342600345612,0.998603880405426,0.9978853464126587,0.9894950985908508,0.9851959943771362,0.9706063866615295,0.9288352131843567
repeat1_fold1,MMdata_1071.50s_0327_201445_4ml,145.0,29,214,0.1378504672897196,2,2,1,0.9988511800765991,0.9229208827018738,0.07707907259464264,0.9984361529350281,0.9976478219032288,0.9883939623832703,0.9782002568244934,0.9564142227172852,0.9043538570404053
repeat1_fold1,MMdata_1071.50s_0327_201445_4ml,150.0,30,214,0.1425233644859813,2,2,1,0.9988481998443604,0.9153210520744324,0.08467891067266464,0.9985228180885315,0.9977495074272156,0.9889622330665588,0.9678084254264832,0.9356383085250854,0.8703290224075317
repeat1_fold1,MMdata_1071.50s_0327_201445_4ml,155.0,31,214,0.14719626168224298,2,2,1,0.9987671375274658,0.9187618494033813,0.08123814314603806,0.9985333681106567,0.9977282285690308,0.989037036895752,0.96344393491745,0.9269028306007385,0.8571186661720276
repeat1_fold1,MMdata_1071.50s_0327_201445_4ml,160.0,32,214,0.15186915887850466,2,2,1,0.9989547729492188,0.894128680229187,0.1058712899684906,0.9986218214035034,0.9979037642478943,0.9896145462989807,0.9878601431846619,0.9760242700576782,0.9389784336090088
repeat1_fold1,MMdata_1071.50s_0327_201445_4ml,165.0,33,214,0.15654205607476634,2,2,1,0.9988645315170288,0.9197615385055542,0.080238476395607,0.9984834790229797,0.997700035572052,0.9887038469314575,0.9753968715667725,0.9508124589920044,0.8947738409042358
repeat1_fold1,MMdata_1071.50s_0327_201445_4ml,170.0,34,214,0.16121495327102803,2,2,1,0.998839795589447,0.9160717129707336,0.08392824232578278,0.9985004663467407,0.9977078437805176,0.9888166785240173,0.9718915820121765,0.9438040852546692,0.8832376003265381
repeat1_fold1,MMdata_1071.50s_0327_201445_4ml,175.0,35,214,0.1658878504672897,2,2,1,0.9987912774085999,0.9189070463180542,0.0810929462313652,0.9985114932060242,0.9977045655250549,0.9888913035392761,0.9672538042068481,0.9345234036445618,0.868653416633606
repeat1_fold1,MMdata_1071.50s_0327_201445_4ml,180.0,36,214,0.1705607476635514,2,2,1,0.9989364743232727,0.8925148844718933,0.10748511552810669,0.9985874891281128,0.9978527426719666,0.9893869757652283,0.9844526648521423,0.969122588634491,0.9259920120239258
repeat1_fold1,MMdata_1071.50s_0327_201445_4ml,185.0,37,214,0.17523364485981308,2,2,1,0.9988527297973633,0.9223664999008179,0.07763353735208511,0.9984700083732605,0.9976946115493774,0.988615095615387,0.9804719090461731,0.9609599709510803,0.9123194217681885
repeat1_fold1,MMdata_1071.50s_0327_201445_4ml,190.0,38,214,0.17990654205607476,2,2,1,0.9988563060760498,0.9154499769210815,0.08454997837543488,0.9985151886940002,0.9977397322654724,0.988912045955658,0.9732667803764343,0.9465581178665161,0.8876839280128479
repeat1_fold1,MMdata_1071.50s_0327_201445_4ml,195.0,39,214,0.18457943925233644,2,2,1,0.9987874627113342,0.9189951419830322,0.08100483566522598,0.9985200762748718,0.9977236986160278,0.9889466762542725,0.9655581712722778,0.9311329126358032,0.8634626269340515
repeat1_fold1,MMdata_1071.50s_0327_201445_4ml,200.0,40,214,0.18925233644859812,2,2,1,0.9989548921585083,0.8967203497886658,0.10327962040901184,0.9985519051551819,0.9978097081184387,0.9891523718833923,0.9876551032066345,0.9755395650863647,0.938413679599762
repeat1_fold1,MMdata_1071.50s_0327_201445_4ml,205.0,41,214,0.1939252336448598,2,2,1,0.9987658262252808,0.9224355816841125,0.07756441831588745,0.9984741806983948,0.9976855516433716,0.9886432886123657,0.9658000469207764,0.9316113591194153,0.8642351627349854
repeat1_fold1,MMdata_1071.50s_0327_201445_4ml,210.0,42,214,0.1985981308411215,2,2,1,0.9988284707069397,0.91878741979599,0.08121255785226822,0.9984754920005798,0.9976699948310852,0.9886527061462402,0.9776525497436523,0.9553229808807373,0.902436375617981
repeat1_fold1,MMdata_1071.50s_0327_201445_4ml,215.0,43,214,0.20327102803738317,2,2,1,0.9988099336624146,0.9182700514793396,0.08172998577356339,0.9985179305076599,0.997730016708374,0.9889313578605652,0.9712820053100586,0.9425828456878662,0.8812915086746216
repeat1_fold1,MMdata_1071.50s_0327_201445_4ml,220.0,44,214,0.20794392523364486,2,2,1,0.9990057349205017,0.8905454874038696,0.10945451259613037,0.9985322952270508,0.9977495074272156,0.9890261888504028,0.9886985421180725,0.9779085516929626,0.9417607188224792
repeat1_fold1,MMdata_1071.50s_0327_201445_4ml,225.0,45,214,0.21261682242990654,2,2,1,0.9988536834716797,0.9231383204460144,0.0768616795539856,0.9984459280967712,0.9976487755775452,0.9884582757949829,0.9834598898887634,0.9669339060783386,0.9232085943222046
repeat1_fold1,MMdata_1071.50s_0327_201445_4ml,230.0,46,214,0.21728971962616822,2,2,1,0.9988681077957153,0.9200272560119629,0.0799727663397789,0.9984757304191589,0.9976795315742493,0.9886539578437805,0.9833199381828308,0.9666599035263062,0.9226515889167786
repeat1_fold1,MMdata_1071.50s_0327_201445_4ml,235.0,47,214,0.2219626168224299,2,2,1,0.9987773299217224,0.9202528595924377,0.07974714785814285,0.9985017776489258,0.997678816318512,0.9888292551040649,0.9727000594139099,0.9454149007797241,0.8858986496925354
repeat1_fold1,MMdata_1071.50s_0327_201445_4ml,240.0,48,214,0.2266355140186916,2,2,1,0.9989414811134338,0.8902658820152283,0.10973408818244934,0.9986182451248169,0.9979065656661987,0.989590585231781,0.9858259558677673,0.971955418586731,0.9309402108192444
repeat1_fold1,MMdata_1071.50s_0327_201445_4ml,245.0,49,214,0.23130841121495327,2,2,1,0.9987922310829163,0.9236273169517517,0.07637262344360352,0.9984499216079712,0.9976485967636108,0.9884850978851318,0.975736677646637,0.9514847993850708,0.8959622383117676
repeat1_fold1,MMdata_1071.50s_0327_201445_4ml,250.0,50,214,0.23598130841121495,2,2,1,0.9988468885421753,0.9174094200134277,0.08259058743715286,0.9984904527664185,0.9976823329925537,0.9887517094612122,0.9761098623275757,0.9522407054901123,0.8971580862998962
repeat1_fold1,MMdata_1071.50s_0327_201445_4ml,255.0,51,214,0.24065420560747663,2,2,1,0.9987956285476685,0.9159241914749146,0.08407578617334366,0.998530387878418,0.9977328181266785,0.9890155792236328,0.9575144648551941,0.9150481820106506,0.8398597836494446
repeat1_fold1,MMdata_1071.50s_0327_201445_4ml,260.0,52,214,0.24532710280373832,2,2,1,0.9989612102508545,0.8854748606681824,0.11452512443065643,0.9986190795898438,0.9979084134101868,0.9895966649055481,0.9869982004165649,0.9744700193405151,0.9349961280822754
repeat1_fold1,MMdata_1071.50s_0327_201445_4ml,265.0,53,214,0.25,2,2,1,0.9988595247268677,0.9220074415206909,0.07799257338047028,0.9984269142150879,0.997638463973999,0.9883338809013367,0.9804604649543762,0.9609355926513672,0.9122875928878784
repeat1_fold1,MMdata_1071.50s_0327_201445_4ml,270.0,54,214,0.2546728971962617,2,2,1,0.9988922476768494,0.9187238216400146,0.08127623796463013,0.9984651803970337,0.9976885914802551,0.9885832071304321,0.985101044178009,0.970225989818573,0.9293310046195984
repeat1_fold1,MMdata_1071.50s_0327_201445_4ml,275.0,55,214,0.25934579439252337,2,2,1,0.9988051652908325,0.9191439747810364,0.08085601776838303,0.9985106587409973,0.9977285265922546,0.9888826608657837,0.9669985771179199,0.9340144991874695,0.8678568601608276
repeat1_fold1,MMdata_1071.50s_0327_201445_4ml,280.0,56,214,0.26401869158878505,2,2,1,0.9989851117134094,0.8872604370117188,0.11273961514234543,0.9986041188240051,0.997875452041626,0.9894975423812866,0.9870375394821167,0.974606454372406,0.9349843263626099
repeat1_fold1,MMdata_1071.50s_0327_201445_4ml,285.0,57,214,0.26869158878504673,2,2,1,0.9988107681274414,0.9213812947273254,0.07861872017383575,0.9984734654426575,0.9976929426193237,0.9886384010314941,0.9733060002326965,0.9466257691383362,0.8878830075263977
repeat1_fold1,MMdata_1071.50s_0327_201445_4ml,290.0,58,214,0.2733644859813084,2,2,1,0.9989272952079773,0.9149826169013977,0.08501739799976349,0.9984795451164246,0.9977133274078369,0.9886777400970459,0.9880220890045166,0.9760867357254028,0.940664529800415
repeat1_fold1,MMdata_1071.50s_0327_201445_4ml,295.0,59,214,0.2780373831775701,2,2,1,0.9988406300544739,0.9166309833526611,0.08336903154850006,0.9985128045082092,0.9977436661720276,0.988896369934082,0.9694960117340088,0.9390164613723755,0.8755817413330078
repeat1_fold1,MMdata_1071.50s_0327_201445_4ml,300.0,60,214,0.2827102803738318,2,2,1,0.9990183115005493,0.8892005681991577,0.1107993945479393,0.9985600113868713,0.9977937936782837,0.989208459854126,0.9885681867599487,0.9777411818504333,0.9409729838371277
repeat1_fold1,MMdata_1071.50s_0327_201445_4ml,305.0,61,214,0.28738317757009346,2,2,1,0.9988529682159424,0.9220151305198669,0.07798492163419724,0.9984347224235535,0.9976183772087097,0.988386332988739,0.9799909591674805,0.9599959254264832,0.9106237888336182
repeat1_fold1,MMdata_1071.50s_0327_201445_4ml,310.0,62,214,0.29205607476635514,2,2,1,0.9988504648208618,0.9185587167739868,0.08144127577543259,0.9984890222549438,0.9977028965950012,0.9887408018112183,0.9813472032546997,0.9627152681350708,0.9154292941093445
repeat1_fold1,MMdata_1071.50s_0327_201445_4ml,315.0,63,214,0.2967289719626168,2,2,1,0.9988765120506287,0.9148741960525513,0.08512581884860992,0.9984973669052124,0.997721254825592,0.9887943863868713,0.9792932271957397,0.9586203098297119,0.9080401659011841
repeat1_fold1,MMdata_1071.50s_0327_201445_4ml,320.0,64,214,0.3014018691588785,2,2,1,0.9990363121032715,0.8909708261489868,0.10902921110391617,0.9984588623046875,0.9976266622543335,0.9885474443435669,0.9902200102806091,0.9810424447059631,0.9478880763053894
repeat1_fold1,MMdata_1071.50s_0327_201445_4ml,325.0,65,214,0.3060747663551402,2,2,1,0.9988056421279907,0.9213441610336304,0.07865589112043381,0.9984464049339294,0.9976125955581665,0.9884650707244873,0.9700066447257996,0.9400255084037781,0.8772766590118408
repeat1_fold1,MMdata_1071.50s_0327_201445_4ml,330.0,66,214,0.3107476635514019,2,2,1,0.9988621473312378,0.9155610799789429,0.08443892002105713,0.9984835982322693,0.9977043271064758,0.9887046217918396,0.9751806259155273,0.9503859281539917,0.894011914730072
repeat1_fold1,MMdata_1071.50s_0327_201445_4ml,335.0,67,214,0.31542056074766356,2,2,1,0.9988586902618408,0.9167701005935669,0.0832299217581749,0.998492956161499,0.9977229237556458,0.9887657165527344,0.9729009866714478,0.9458279013633728,0.8864796161651611
repeat1_fold1,MMdata_1071.50s_0327_201445_4ml,340.0,68,214,0.32009345794392524,2,2,1,0.9990033507347107,0.8899603486061096,0.1100396066904068,0.9985041618347168,0.99769526720047,0.9888429045677185,0.9859937429428101,0.9725198149681091,0.9308648109436035
repeat1_fold1,MMdata_1071.50s_0327_201445_4ml,345.0,69,214,0.3247663551401869,2,2,1,0.998852014541626,0.9237766861915588,0.07622338831424713,0.9983927607536316,0.9975650310516357,0.988113284111023,0.9843830466270447,0.9687790870666504,0.9266737699508667
repeat1_fold1,MMdata_1071.50s_0327_201445_4ml,350.0,70,214,0.3294392523364486,2,2,1,0.9989290833473206,0.9160918593406677,0.08390812575817108,0.9984574317932129,0.9976774454116821,0.988533079624176,0.9891703724861145,0.9783794283866882,0.9453526139259338
repeat1_fold1,MMdata_1071.50s_0327_201445_4ml,355.0,71,214,0.3341121495327103,2,2,1,0.9988791346549988,0.915253221988678,0.08474675565958023,0.9984887838363647,0.9977275729179382,0.9887380599975586,0.9797486662864685,0.9595347046852112,0.9096243977546692
repeat1_fold1,MMdata_1071.50s_0327_201445_4ml,360.0,72,214,0.338785046728972,2,2,1,0.9990472197532654,0.8823432922363281,0.11765673011541367,0.9985092282295227,0.9977187514305115,0.988874614238739,0.9886232018470764,0.9786003828048706,0.9395707845687866
repeat1_fold1,MMdata_1071.50s_0327_201445_4ml,365.0,73,214,0.34345794392523366,2,2,1,0.9988473653793335,0.9239704012870789,0.07602960616350174,0.9983965754508972,0.9975625276565552,0.9881383776664734,0.9838398098945618,0.9676924347877502,0.9246349930763245
repeat1_fold1,MMdata_1071.50s_0327_201445_4ml,370.0,74,214,0.34813084112149534,2,2,1,0.9988707900047302,0.916290283203125,0.08370974659919739,0.9984815716743469,0.9977025985717773,0.9886909127235413,0.9728347063064575,0.9456940293312073,0.8862718939781189
repeat1_fold1,MMdata_1071.50s_0327_201445_4ml,375.0,75,214,0.352803738317757,2,2,1,0.9989025592803955,0.9130862951278687,0.08691372722387314,0.9984785914421082,0.9977124929428101,0.9886712431907654,0.9779692888259888,0.9559820294380188,0.903374195098877
repeat1_fold1,MMdata_1071.50s_0327_201445_4ml,380.0,76,214,0.3574766355140187,2,2,1,0.9990100860595703,0.8950462341308594,0.10495372861623764,0.9984612464904785,0.9976269006729126,0.9885632991790771,0.9856297373771667,0.9716097116470337,0.930020272731781
repeat1_fold1,MMdata_1071.50s_0327_201445_4ml,385.0,77,214,0.3621495327102804,2,2,1,0.9987758994102478,0.9234041571617126,0.07659581303596497,0.9984254837036133,0.9975687265396118,0.9883303642272949,0.9735537171363831,0.9471177458763123,0.8887186050415039
repeat1_fold1,MMdata_1071.50s_0327_201445_4ml,390.0,78,214,0.36682242990654207,2,2,1,0.9988897442817688,0.9190289974212646,0.08097097277641296,0.9984642267227173,0.9976768493652344,0.9885774850845337,0.984268307685852,0.968559980392456,0.9261783957481384
repeat1_fold1,MMdata_1071.50s_0327_201445_4ml,395.0,79,214,0.37149532710280375,2,2,1,0.998917818069458,0.9160163998603821,0.08398354798555374,0.9984374642372131,0.9976510405540466,0.9884024858474731,0.9865082502365112,0.9730572700500488,0.9346728920936584
repeat1_fold1,MMdata_1071.50s_0327_201445_4ml,400.0,80,214,0.37616822429906543,2,2,1,0.9990133047103882,0.8890827894210815,0.11091717332601547,0.998505711555481,0.9977083206176758,0.9888516664505005,0.9875620603561401,0.9757843017578125,0.9367324709892273
repeat1_fold1,MMdata_1071.50s_0327_201445_4ml,405.0,81,214,0.3808411214953271,2,2,1,0.9987414479255676,0.9212669134140015,0.07873309403657913,0.9984537363052368,0.9975831508636475,0.9885206818580627,0.9631689190864563,0.926348090171814,0.8563342094421387
repeat1_fold1,MMdata_1071.50s_0327_201445_4ml,410.0,82,214,0.3855140186915888,2,2,1,0.9988413453102112,0.9222460389137268,0.07775390893220901,0.9984685778617859,0.9976924657821655,0.9886061549186707,0.9819552302360535,0.9639264345169067,0.9176628589630127
repeat1_fold1,MMdata_1071.50s_0327_201445_4ml,415.0,83,214,0.3901869158878505,2,2,1,0.9989051818847656,0.9145890474319458,0.0854109674692154,0.9984744191169739,0.997708797454834,0.9886437058448792,0.9835805296897888,0.9672015905380249,0.9235029220581055
repeat1_fold1,MMdata_1071.50s_0327_201445_4ml,420.0,84,214,0.39485981308411217,2,2,1,0.9989935755729675,0.892455518245697,0.10754448175430298,0.9985331296920776,0.9977417588233948,0.9890326261520386,0.9896814227104187,0.9798278212547302,0.9459719061851501
repeat1_fold1,MMdata_1071.50s_0327_201445_4ml,425.0,85,214,0.39953271028037385,2,2,1,0.9987465143203735,0.9222959280014038,0.07770401984453201,0.998454213142395,0.9975912570953369,0.9885216355323792,0.9679237604141235,0.9358572959899902,0.8707676529884338
repeat1_fold1,MMdata_1071.50s_0327_201445_4ml,430.0,86,214,0.40420560747663553,2,2,1,0.9989030361175537,0.9141465425491333,0.0858534723520279,0.9984914064407349,0.997721254825592,0.9887557029724121,0.9834677577018738,0.9669738411903381,0.9230958223342896
repeat1_fold1,MMdata_1071.50s_0327_201445_4ml,435.0,87,214,0.4088785046728972,2,2,1,0.9987757802009583,0.9214922785758972,0.07850774377584457,0.9984862804412842,0.9976642727851868,0.9887269139289856,0.9663582444190979,0.932729184627533,0.86592698097229
repeat1_fold1,MMdata_1071.50s_0327_201445_4ml,440.0,88,214,0.4135514018691589,2,2,1,0.9989977478981018,0.8960708975791931,0.1039290651679039,0.9984672665596008,0.997649610042572,0.9886011481285095,0.9855713844299316,0.9714646339416504,0.9298909306526184
repeat1_fold1,MMdata_1071.50s_0327_201445_4ml,445.0,89,214,0.4182242990654206,2,2,1,0.9987236857414246,0.9220147132873535,0.07798522710800171,0.9984706044197083,0.9976000189781189,0.9886321425437927,0.9645178914070129,0.929045557975769,0.8603698015213013
repeat1_fold1,MMdata_1071.50s_0327_201445_4ml,450.0,90,214,0.42289719626168226,2,2,1,0.9988614320755005,0.9170129299163818,0.08298705518245697,0.9984514713287354,0.9976484775543213,0.9884949922561646,0.9724580645561218,0.9449378848075867,0.8850653767585754
repeat1_fold1,MMdata_1071.50s_0327_201445_4ml,455.0,91,214,0.42757009345794394,2,2,1,0.9987195730209351,0.9218032956123352,0.0781966894865036,0.9984982013702393,0.9976775050163269,0.98880535364151,0.9585483074188232,0.9171080589294434,0.8428606390953064
repeat1_fold1,MMdata_1071.50s_0327_201445_4ml,460.0,92,214,0.4322429906542056,2,2,1,0.9989922642707825,0.8937245607376099,0.10627540946006775,0.9984812140464783,0.9976698160171509,0.9886916875839233,0.9842071533203125,0.9687684774398804,0.9245645999908447
repeat1_fold1,MMdata_1071.50s_0327_201445_4ml,465.0,93,214,0.4369158878504673,2,2,1,0.9987989664077759,0.9250643253326416,0.0749356746673584,0.9984027743339539,0.9975308775901794,0.9881835579872131,0.9849146604537964,0.9698402285575867,0.9287012815475464
repeat1_fold1,MMdata_1071.50s_0327_201445_4ml,470.0,94,214,0.441588785046729,2,2,1,0.9988217949867249,0.9158697128295898,0.08413036912679672,0.9985113739967346,0.9977316856384277,0.9888869524002075,0.9570724368095398,0.9141636490821838,0.83861243724823
repeat1_fold1,MMdata_1071.50s_0327_201445_4ml,475.0,95,214,0.4462616822429907,2,2,1,0.9987685084342957,0.9208618998527527,0.07913811504840851,0.9984869956970215,0.9976561665534973,0.9887330532073975,0.964316189289093,0.9286448955535889,0.8597441911697388
repeat1_fold1,MMdata_1071.50s_0327_201445_4ml,480.0,96,214,0.45093457943925236,2,2,1,0.9989879727363586,0.8961613774299622,0.10383869707584381,0.9984721541404724,0.9976544380187988,0.9886326193809509,0.984486997127533,0.9692611694335938,0.9258604049682617
repeat1_fold1,MMdata_1071.50s_0327_201445_4ml,485.0,97,214,0.45560747663551404,2,2,1,0.9987366795539856,0.9233591556549072,0.07664082944393158,0.9984608888626099,0.9976081252098083,0.9885633587837219,0.9737685322761536,0.9475467205047607,0.8894301652908325
repeat1_fold1,MMdata_1071.50s_0327_201445_4ml,490.0,98,214,0.4602803738317757,2,2,1,0.9988908171653748,0.9156039953231812,0.08439601212739944,0.9984533786773682,0.9976621866226196,0.9885067939758301,0.981261134147644,0.9625508785247803,0.9150710105895996
repeat1_fold1,MMdata_1071.50s_0327_201445_4ml,495.0,99,214,0.4649532710280374,2,2,1,0.9988214373588562,0.921937108039856,0.07806292921304703,0.998484194278717,0.997675359249115,0.9887104034423828,0.9813718795776367,0.9627604484558105,0.9155434370040894
repeat1_fold1,MMdata_1071.50s_0327_201445_4ml,500.0,100,214,0.4696261682242991,2,2,1,0.9989846348762512,0.9006063938140869,0.09939368069171906,0.9984210729598999,0.997571587562561,0.9883004426956177,0.9839736819267273,0.9681611061096191,0.9241979122161865
repeat1_fold1,MMdata_1071.50s_0327_201445_4ml,505.0,101,214,0.4742990654205608,2,2,1,0.9987094402313232,0.9225754737854004,0.07742448151111603,0.9984539747238159,0.9975769519805908,0.9885234236717224,0.9644370675086975,0.9288834929466248,0.8601298332214355
repeat1_fold1,MMdata_1071.50s_0327_201445_4ml,510.0,102,214,0.47897196261682246,2,2,1,0.9988443851470947,0.9170172810554504,0.08298274874687195,0.9984976053237915,0.9977089762687683,0.9887976050376892,0.9720674753189087,0.9441543817520142,0.8838158845901489
repeat1_fold1,MMdata_1071.50s_0327_201445_4ml,515.0,103,214,0.48364485981308414,2,2,1,0.9987891316413879,0.9227262735366821,0.0772736594080925,0.9984642267227173,0.9976157546043396,0.988584578037262,0.9766681790351868,0.9533492922782898,0.8991024494171143
repeat1_fold1,MMdata_1071.50s_0327_201445_4ml,520.0,104,214,0.4883177570093458,2,2,1,0.9989701509475708,0.8991134762763977,0.10088658332824707,0.9984525442123413,0.9976187348365784,0.9885056614875793,0.9771811962127686,0.9545609951019287,0.8999144434928894
repeat1_fold1,MMdata_1071.50s_0327_201445_4ml,525.0,105,214,0.4929906542056075,2,2,1,0.9987260699272156,0.9227783679962158,0.07722165435552597,0.9984740614891052,0.9976111650466919,0.9886535406112671,0.9713299870491028,0.9426698684692383,0.8815080523490906
repeat1_fold1,MMdata_1071.50s_0327_201445_4ml,530.0,106,214,0.4976635514018692,2,2,1,0.9987900853157043,0.9132108688354492,0.08678918331861496,0.9985230565071106,0.9977370500564575,0.9889646768569946,0.9397671818733215,0.8795529007911682,0.792669415473938
repeat1_fold1,MMdata_1071.50s_0327_201445_4ml,535.0,107,214,0.5023364485981309,2,2,1,0.9988614320755005,0.9225714206695557,0.07742860913276672,0.9984225034713745,0.9975929856300354,0.9883080720901489,0.9835317134857178,0.9670802354812622,0.9234596490859985
repeat1_fold1,MMdata_1071.50s_0327_201445_4ml,540.0,108,214,0.5070093457943925,2,2,1,0.9989702701568604,0.9000317454338074,0.09996824711561203,0.9984601736068726,0.9976353645324707,0.9885544180870056,0.9830304980278015,0.9662610292434692,0.9207319617271423
repeat1_fold1,MMdata_1071.50s_0327_201445_4ml,545.0,109,214,0.5116822429906542,2,2,1,0.9987428784370422,0.9235427379608154,0.07645726203918457,0.9984582662582397,0.9975919723510742,0.9885493516921997,0.9761795997619629,0.9523693919181824,0.897465705871582
repeat1_fold1,MMdata_1071.50s_0327_201445_4ml,550.0,110,214,0.5163551401869159,2,2,1,0.9988419413566589,0.9141461253166199,0.08585384488105774,0.998497724533081,0.9976947903633118,0.9887994527816772,0.9622516632080078,0.9245253205299377,0.8535356521606445
repeat1_fold1,MMdata_1071.50s_0327_201445_4ml,555.0,111,214,0.5210280373831776,2,2,1,0.9989410042762756,0.920764148235321,0.07923581451177597,0.9983788728713989,0.9975600242614746,0.9880222678184509,0.9906584024429321,0.9813507199287415,0.951594889163971
repeat1_fold1,MMdata_1071.50s_0327_201445_4ml,560.0,112,214,0.5257009345794392,2,2,1,0.9989858269691467,0.8977369666099548,0.10226302593946457,0.9984467625617981,0.9976328611373901,0.9884647130966187,0.9839144945144653,0.9680655598640442,0.9238866567611694
repeat1_fold1,MMdata_1071.50s_0327_201445_4ml,565.0,113,214,0.530373831775701,2,2,1,0.9987080097198486,0.9221168756484985,0.07788307219743729,0.9985089898109436,0.9976644515991211,0.9888821244239807,0.9681098461151123,0.9362295866012573,0.8713439702987671
repeat1_fold1,MMdata_1071.50s_0327_201445_4ml,570.0,114,214,0.5350467289719626,2,2,1,0.9988719820976257,0.9143301844596863,0.0856698676943779,0.9984986782073975,0.9977201819419861,0.9888032674789429,0.9729505181312561,0.9459253549575806,0.8866509795188904
repeat1_fold1,MMdata_1071.50s_0327_201445_4ml,575.0,115,214,0.5397196261682243,2,2,1,0.9989526271820068,0.9162020087242126,0.08379805088043213,0.9984269142150879,0.9976256489753723,0.9883341789245605,0.9889007806777954,0.9778539538383484,0.9441782832145691
repeat1_fold1,MMdata_1071.50s_0327_201445_4ml,580.0,116,214,0.544392523364486,2,2,1,0.9989909529685974,0.8964987397193909,0.10350120812654495,0.9984379410743713,0.997619092464447,0.9884074926376343,0.9818902015686035,0.9640274047851562,0.9163535833358765
repeat1_fold1,MMdata_1071.50s_0327_201445_4ml,585.0,117,214,0.5490654205607477,2,2,1,0.9986757636070251,0.9237084984779358,0.07629146426916122,0.9984744191169739,0.9976006746292114,0.9886586666107178,0.970461368560791,0.9409317374229431,0.8787407279014587
repeat1_fold1,MMdata_1071.50s_0327_201445_4ml,590.0,118,214,0.5537383177570093,2,2,1,0.9988532066345215,0.9139114022254944,0.08608856052160263,0.9984955787658691,0.9977039098739624,0.9887840747833252,0.9626771807670593,0.9253760576248169,0.8547952175140381
repeat1_fold1,MMdata_1071.50s_0327_201445_4ml,595.0,119,214,0.5584112149532711,2,2,1,0.9989902377128601,0.9168702363967896,0.08312975615262985,0.9983711838722229,0.9975249767303467,0.9879733920097351,0.9930391907691956,0.9861449599266052,0.9618692994117737
repeat1_fold1,MMdata_1071.50s_0327_201445_4ml,600.0,120,214,0.5630841121495327,2,2,1,0.9990003705024719,0.8985326886177063,0.1014673039317131,0.9984214305877686,0.9975695013999939,0.988303542137146,0.9851014614105225,0.9704391360282898,0.9283905029296875
repeat1_fold1,MMdata_1071.50s_0327_201445_4ml,605.0,121,214,0.5677570093457944,2,2,1,0.9986885190010071,0.9221745729446411,0.0778253823518753,0.9984887838363647,0.9976242184638977,0.9887527823448181,0.9625605940818787,0.9251306653022766,0.854537844657898
repeat1_fold1,MMdata_1071.50s_0327_201445_4ml,610.0,122,214,0.572429906542056,2,2,1,0.9989080429077148,0.91074538230896,0.08925462514162064,0.9984909296035767,0.9977064728736877,0.988752543926239,0.9762604832649231,0.9525585174560547,0.8975656628608704
repeat1_fold1,MMdata_1071.50s_0327_201445_4ml,615.0,123,214,0.5771028037383178,2,2,1,0.9989436268806458,0.9190990924835205,0.08090096712112427,0.9984115362167358,0.9975937604904175,0.9882352352142334,0.9906662106513977,0.9813745617866516,0.9515867829322815
repeat1_fold1,MMdata_1071.50s_0327_201445_4ml,620.0,124,214,0.5817757009345794,2,2,1,0.9989878535270691,0.8988512754440308,0.10114873945713043,0.9984380602836609,0.9976189732551575,0.9884085655212402,0.9805518388748169,0.9612871408462524,0.9117775559425354
repeat1_fold1,MMdata_1071.50s_0327_201445_4ml,625.0,125,214,0.5864485981308412,2,2,1,0.9987820982933044,0.9257320761680603,0.0742679163813591,0.9984450936317444,0.9976112842559814,0.9884563088417053,0.9849591851234436,0.9699291586875916,0.9288719892501831
repeat1_fold1,MMdata_1071.50s_0327_201445_4ml,630.0,126,214,0.5911214953271028,2,2,1,0.9988722205162048,0.9102004766464233,0.08979953080415726,0.9984914064407349,0.9976832270622253,0.9887586832046509,0.9687182307243347,0.937467098236084,0.8731016516685486
repeat1_fold1,MMdata_1071.50s_0327_201445_4ml,635.0,127,214,0.5957943925233645,2,2,1,0.9989410042762756,0.9193024039268494,0.08069761097431183,0.9984172582626343,0.997612714767456,0.9882723689079285,0.9893445372581482,0.9787294864654541,0.9460607767105103
repeat1_fold1,MMdata_1071.50s_0327_201445_4ml,640.0,128,214,0.6004672897196262,2,2,1,0.9989966750144958,0.8981643319129944,0.10183566063642502,0.998431384563446,0.9975955486297607,0.988366961479187,0.9869187474250793,0.9740731716156006,0.9354613423347473
repeat1_fold1,MMdata_1071.50s_0327_201445_4ml,645.0,129,214,0.6051401869158879,2,2,1,0.9987086057662964,0.9223287105560303,0.07767126709222794,0.9985008239746094,0.9976484775543213,0.9888297915458679,0.9642061591148376,0.9284219145774841,0.8594343662261963
repeat1_fold1,MMdata_1071.50s_0327_201445_4ml,650.0,130,214,0.6098130841121495,2,2,1,0.9988566637039185,0.9069536328315735,0.09304644167423248,0.998503565788269,0.9977033734321594,0.988837480545044,0.9666633605957031,0.9333625435829163,0.8667073845863342
repeat1_fold1,MMdata_1071.50s_0327_201445_4ml,655.0,131,214,0.6144859813084113,2,2,1,0.9989264607429504,0.9221867322921753,0.07781322300434113,0.9983914494514465,0.9975805878639221,0.9881041049957275,0.9913160800933838,0.9826627969741821,0.9544281959533691
repeat1_fold1,MMdata_1071.50s_0327_201445_4ml,660.0,132,214,0.6191588785046729,2,2,1,0.9990113973617554,0.8917654752731323,0.10823450982570648,0.9984455704689026,0.9976130723953247,0.9884593486785889,0.9815340638160706,0.963431179523468,0.9146256446838379
repeat1_fold1,MMdata_1071.50s_0327_201445_4ml,665.0,133,214,0.6238317757009346,2,2,1,0.9987824559211731,0.9249820709228516,0.07501792162656784,0.998445451259613,0.9975879788398743,0.9884624481201172,0.9855653643608093,0.9711417555809021,0.9311898350715637
repeat1_fold1,MMdata_1071.50s_0327_201445_4ml,670.0,134,214,0.6285046728971962,2,2,1,0.9988306164741516,0.9080302715301514,0.09196974337100983,0.9985274076461792,0.9977326393127441,0.9889957308769226,0.9464074969291687,0.8928431868553162,0.809577226638794
repeat1_fold1,MMdata_1071.50s_0327_201445_4ml,675.0,135,214,0.633177570093458,2,2,1,0.9989354014396667,0.9214712381362915,0.0785287469625473,0.9983879327774048,0.99757319688797,0.9880813956260681,0.9910922646522522,0.982218861579895,0.9534462690353394
repeat1_fold1,MMdata_1071.50s_0327_201445_4ml,680.0,136,214,0.6378504672897196,2,2,1,0.9990002512931824,0.8986684679985046,0.10133156925439835,0.9984070658683777,0.9975495934486389,0.9882095456123352,0.9833183288574219,0.9668203592300415,0.9218665957450867
repeat1_fold1,MMdata_1071.50s_0327_201445_4ml,685.0,137,214,0.6425233644859814,2,2,1,0.9987655878067017,0.9240880608558655,0.0759119838476181,0.9984637498855591,0.997599184513092,0.9885855317115784,0.984258770942688,0.9685288071632385,0.9262171387672424
repeat1_fold1,MMdata_1071.50s_0327_201445_4ml,690.0,138,214,0.647196261682243,2,2,1,0.9988436698913574,0.9114781022071838,0.08852193504571915,0.9984997510910034,0.9976879358291626,0.9888142347335815,0.9730409979820251,0.946108877658844,0.886930525302887
repeat1_fold1,MMdata_1071.50s_0327_201445_4ml,695.0,139,214,0.6518691588785047,2,2,1,0.9988152980804443,0.9249148964881897,0.07508515566587448,0.9984391331672668,0.997604250907898,0.9884166717529297,0.9847639203071594,0.9695422649383545,0.9281063079833984
repeat1_fold1,MMdata_1071.50s_0327_201445_4ml,700.0,140,214,0.6565420560747663,2,2,1,0.9989926218986511,0.9002633690834045,0.09973665326833725,0.9984038472175598,0.997532844543457,0.9881903529167175,0.9844142198562622,0.9690126180648804,0.9259772300720215
repeat1_fold1,MMdata_1071.50s_0327_201445_4ml,705.0,141,214,0.6612149532710281,2,2,1,0.9987911581993103,0.9232032895088196,0.07679668813943863,0.9984751343727112,0.9976378679275513,0.9886555075645447,0.9819361567497253,0.9638841152191162,0.9176201224327087
repeat1_fold1,MMdata_1071.50s_0327_201445_4ml,710.0,142,214,0.6658878504672897,2,2,1,0.9988436698913574,0.9134511947631836,0.08654879033565521,0.9985009431838989,0.9976820945739746,0.9888231754302979,0.972590982913971,0.9452043175697327,0.885493278503418
repeat1_fold1,MMdata_1071.50s_0327_201445_4ml,715.0,143,214,0.6705607476635514,2,2,1,0.9987964630126953,0.9228962063789368,0.07710378617048264,0.9984751343727112,0.9976481795310974,0.9886534810066223,0.979267954826355,0.9585509896278381,0.9080669283866882
repeat1_fold1,MMdata_1071.50s_0327_201445_4ml,720.0,144,214,0.6752336448598131,2,2,1,0.9990242719650269,0.8903828263282776,0.10961725562810898,0.9984423518180847,0.9975996613502502,0.9884393811225891,0.9851593375205994,0.9707551598548889,0.9279233813285828
repeat1_fold1,MMdata_1071.50s_0327_201445_4ml,725.0,145,214,0.6799065420560748,2,2,1,0.9987857937812805,0.9240576028823853,0.07594232261180878,0.9984657764434814,0.9976274967193604,0.9885935187339783,0.983479380607605,0.9669701457023621,0.9232990741729736
repeat1_fold1,MMdata_1071.50s_0327_201445_4ml,730.0,146,214,0.6845794392523364,2,2,1,0.9988256096839905,0.9068261384963989,0.09317388385534286,0.9985621571540833,0.9977703094482422,0.9892264008522034,0.9531970620155334,0.9064247608184814,0.8277397751808167
repeat1_fold1,MMdata_1071.50s_0327_201445_4ml,735.0,147,214,0.6892523364485982,2,2,1,0.9988442659378052,0.9257380962371826,0.07426191121339798,0.9984186887741089,0.9976039528846741,0.9882813096046448,0.9866654276847839,0.9733462929725647,0.9354314804077148
repeat1_fold1,MMdata_1071.50s_0327_201445_4ml,740.0,148,214,0.6939252336448598,2,2,1,0.9990109205245972,0.8962337374687195,0.10376622527837753,0.9984246492385864,0.9975827932357788,0.988322913646698,0.982014536857605,0.9642633199691772,0.9168575406074524
repeat1_fold1,MMdata_1071.50s_0327_201445_4ml,745.0,149,214,0.6985981308411215,2,2,1,0.9987940788269043,0.9242164492607117,0.07578358054161072,0.9984512329101562,0.9975943565368652,0.9885005354881287,0.9857007265090942,0.9714133143424988,0.9317054748535156
repeat1_fold1,MMdata_1071.50s_0327_201445_4ml,750.0,150,214,0.7032710280373832,2,2,1,0.9988798499107361,0.90827476978302,0.09172522276639938,0.9985069632530212,0.997704029083252,0.9888614416122437,0.9704591631889343,0.9409548044204712,0.8785521388053894
repeat1_fold1,MMdata_1071.50s_0327_201445_4ml,755.0,151,214,0.7079439252336449,2,2,1,0.9988752007484436,0.9237761497497559,0.07622385770082474,0.9984205961227417,0.9975913166999817,0.9882947206497192,0.989605188369751,0.9792308211326599,0.9472466111183167
repeat1_fold1,MMdata_1071.50s_0327_201445_4ml,760.0,152,214,0.7126168224299065,2,2,1,0.9990012049674988,0.8987051248550415,0.10129491239786148,0.9984343647956848,0.9975965023040771,0.9883868098258972,0.9829503297805786,0.9661183953285217,0.9203638434410095
repeat1_fold1,MMdata_1071.50s_0327_201445_4ml,765.0,153,214,0.7172897196261683,2,2,1,0.9987886548042297,0.9241594076156616,0.07584059983491898,0.9984791874885559,0.9976626634597778,0.9886789917945862,0.9812288880348206,0.9624687433242798,0.9150649309158325
repeat1_fold1,MMdata_1071.50s_0327_201445_4ml,770.0,154,214,0.7219626168224299,2,2,1,0.9988442659378052,0.914175808429718,0.08582421392202377,0.99849534034729,0.9976822137832642,0.9887851476669312,0.9775150418281555,0.95505291223526,0.901931881904602
repeat1_fold1,MMdata_1071.50s_0327_201445_4ml,775.0,155,214,0.7266355140186916,2,2,1,0.9988076686859131,0.9258372783660889,0.07416272163391113,0.9984215497970581,0.9975787401199341,0.98830246925354,0.9841181039810181,0.9682490825653076,0.925677478313446
repeat1_fold1,MMdata_1071.50s_0327_201445_4ml,780.0,156,214,0.7313084112149533,2,2,1,0.998991072177887,0.898616373538971,0.10138363391160965,0.9984462857246399,0.9976016879081726,0.9884656071662903,0.985805094242096,0.9718238115310669,0.9311864376068115
repeat1_fold1,MMdata_1071.50s_0327_201445_4ml,785.0,157,214,0.735981308411215,2,2,1,0.9987712502479553,0.9227646589279175,0.07723531126976013,0.9984830021858215,0.9976452589035034,0.9887078404426575,0.9751063585281372,0.9502240419387817,0.8938528895378113
repeat1_fold1,MMdata_1071.50s_0327_201445_4ml,790.0,158,214,0.7406542056074766,2,2,1,0.9988510608673096,0.9102901816368103,0.08970983326435089,0.9985087513923645,0.9976905584335327,0.9888750910758972,0.9720627665519714,0.944155752658844,0.8837314248085022
repeat1_fold1,MMdata_1071.50s_0327_201445_4ml,795.0,159,214,0.7453271028037384,2,2,1,0.9988176226615906,0.9247322678565979,0.07526767998933792,0.99843829870224,0.9976003170013428,0.988412618637085,0.9817970991134644,0.9636083841323853,0.9170992970466614
repeat1_fold1,MMdata_1071.50s_0327_201445_4ml,800.0,160,214,0.75,2,2,1,0.9990233182907104,0.8994303941726685,0.10056956112384796,0.998435914516449,0.997603714466095,0.9883961081504822,0.9900844097137451,0.980408251285553,0.9483523368835449
repeat1_fold1,MMdata_1071.50s_0327_201445_4ml,805.0,161,214,0.7546728971962616,2,2,1,0.9987799525260925,0.9221273064613342,0.07787267863750458,0.9984850287437439,0.9976564645767212,0.9887194633483887,0.9761406183242798,0.9522932767868042,0.8973215818405151
repeat1_fold1,MMdata_1071.50s_0327_201445_4ml,810.0,162,214,0.7593457943925234,2,2,1,0.9988403916358948,0.9100427031517029,0.08995728939771652,0.9985225796699524,0.9977063536643982,0.9889666438102722,0.9698489904403687,0.9397275447845459,0.8766615390777588
repeat1_fold1,MMdata_1071.50s_0327_201445_4ml,815.0,163,214,0.764018691588785,2,2,1,0.9988576173782349,0.9251453876495361,0.0748545303940773,0.9984086155891418,0.9975714087486267,0.9882173538208008,0.9892024397850037,0.9784223437309265,0.9455997943878174
repeat1_fold1,MMdata_1071.50s_0327_201445_4ml,820.0,164,214,0.7686915887850467,2,2,1,0.9990242719650269,0.8982715010643005,0.10172851383686066,0.998450517654419,0.997612714767456,0.9884929656982422,0.9906522035598755,0.9816086292266846,0.9505525827407837
repeat1_fold1,MMdata_1071.50s_0327_201445_4ml,825.0,165,214,0.7733644859813084,2,2,1,0.9988051652908325,0.9219107627868652,0.07808928936719894,0.9984808564186096,0.9976447820663452,0.9886931777000427,0.9821303486824036,0.9642740488052368,0.9183177947998047
repeat1_fold1,MMdata_1071.50s_0327_201445_4ml,830.0,166,214,0.7780373831775701,2,2,1,0.9988442659378052,0.9101792573928833,0.08982072025537491,0.9985619187355042,0.9977615475654602,0.9892264604568481,0.9705222249031067,0.9410768747329712,0.8787785172462463
repeat1_fold1,MMdata_1071.50s_0327_201445_4ml,835.0,167,214,0.7827102803738317,2,2,1,0.9988631010055542,0.9251833558082581,0.07481659948825836,0.9983956217765808,0.997577428817749,0.9881315231323242,0.9910456538200378,0.9821109175682068,0.9533240795135498
repeat1_fold1,MMdata_1071.50s_0327_201445_4ml,840.0,168,214,0.7873831775700935,2,2,1,0.9990604519844055,0.8940227031707764,0.10597722977399826,0.9984323382377625,0.997576892375946,0.9883757829666138,0.9912019968032837,0.9829273223876953,0.9523156881332397
repeat1_fold1,MMdata_1071.50s_0327_201445_4ml,845.0,169,214,0.7920560747663551,2,2,1,0.9987737536430359,0.920280933380127,0.07971912622451782,0.9985054731369019,0.9976836442947388,0.9888538718223572,0.9677426218986511,0.9354975819587708,0.8701885938644409
repeat1_fold1,MMdata_1071.50s_0327_201445_4ml,850.0,170,214,0.7967289719626168,2,2,1,0.9988880753517151,0.913352370262146,0.08664765954017639,0.9984814524650574,0.9976590871810913,0.9886944890022278,0.9795428514480591,0.9591148495674133,0.9089456796646118
repeat1_fold1,MMdata_1071.50s_0327_201445_4ml,855.0,171,214,0.8014018691588785,2,2,1,0.9988353848457336,0.9226717948913574,0.07732823491096497,0.9984410405158997,0.9976028800010681,0.9884306788444519,0.9836591482162476,0.9673352837562561,0.9239330291748047
repeat1_fold1,MMdata_1071.50s_0327_201445_4ml,860.0,172,214,0.8060747663551402,2,2,1,0.999021053314209,0.9003268480300903,0.09967318177223206,0.9984340071678162,0.9975836873054504,0.9883854389190674,0.9894930124282837,0.9792231321334839,0.9458847045898438
repeat1_fold1,MMdata_1071.50s_0327_201445_4ml,865.0,173,214,0.8107476635514018,2,2,1,0.9987657070159912,0.9221259951591492,0.07787393778562546,0.9985062479972839,0.9976798892021179,0.9888601303100586,0.9762961864471436,0.9526039958000183,0.897849440574646
repeat1_fold1,MMdata_1071.50s_0327_201445_4ml,870.0,174,214,0.8154205607476636,2,2,1,0.9988553524017334,0.915619969367981,0.08438000828027725,0.9985062479972839,0.9976959228515625,0.988857626914978,0.9793087840080261,0.9586405158042908,0.9081602096557617
repeat1_fold1,MMdata_1071.50s_0327_201445_4ml,875.0,175,214,0.8200934579439252,2,2,1,0.9988700747489929,0.9252035617828369,0.07479643076658249,0.9983868598937988,0.9975508451461792,0.988075315952301,0.9916672110557556,0.9833536148071289,0.9560096859931946
repeat1_fold1,MMdata_1071.50s_0327_201445_4ml,880.0,176,214,0.8247663551401869,2,2,1,0.9989911913871765,0.9027462601661682,0.09725373238325119,0.9984832406044006,0.9976778030395508,0.9887043833732605,0.9879570603370667,0.9760710000991821,0.9398984313011169
repeat1_fold1,MMdata_1071.50s_0327_201445_4ml,885.0,177,214,0.8294392523364486,2,2,1,0.998771607875824,0.9218425750732422,0.07815741002559662,0.9985095858573914,0.9976934790611267,0.9888799786567688,0.9756784439086914,0.9513687491416931,0.895764946937561
repeat1_fold1,MMdata_1071.50s_0327_201445_4ml,890.0,178,214,0.8341121495327103,2,2,1,0.9988203644752502,0.9130315780639648,0.08696848154067993,0.9985364675521851,0.9977415204048157,0.9890555739402771,0.9723409414291382,0.9447048306465149,0.8846781253814697
repeat1_fold1,MMdata_1071.50s_0327_201445_4ml,895.0,179,214,0.8387850467289719,2,2,1,0.998892605304718,0.9238709807395935,0.0761289894580841,0.9983677268028259,0.9975162744522095,0.9879516363143921,0.9909133911132812,0.9818481802940369,0.952747642993927
repeat1_fold1,MMdata_1071.50s_0327_201445_4ml,900.0,180,214,0.8434579439252337,2,2,1,0.9990535378456116,0.8984958529472351,0.10150415450334549,0.9984151124954224,0.9975461363792419,0.9882643818855286,0.9929296374320984,0.9862362742424011,0.9603784084320068
repeat1_fold1,MMdata_1071.50s_0327_201445_4ml,905.0,181,214,0.8481308411214953,2,2,1,0.9987941980361938,0.921502411365509,0.0784975215792656,0.9984723925590515,0.9976536631584167,0.9886350035667419,0.9733794927597046,0.9467715620994568,0.8881325721740723
repeat1_fold1,MMdata_1071.50s_0327_201445_4ml,910.0,182,214,0.852803738317757,2,2,1,0.9988025426864624,0.9154843688011169,0.08451558649539948,0.9985336065292358,0.997707188129425,0.9890429973602295,0.9707749485969543,0.9415690898895264,0.8796683549880981
repeat1_fold1,MMdata_1071.50s_0327_201445_4ml,915.0,183,214,0.8574766355140186,2,2,1,0.9989000558853149,0.9241433143615723,0.07585671544075012,0.9983513355255127,0.9974928498268127,0.9878453612327576,0.9943946599960327,0.9888153076171875,0.9683111310005188
repeat1_fold1,MMdata_1071.50s_0327_201445_4ml,920.0,184,214,0.8621495327102804,2,2,1,0.9990535378456116,0.9051299095153809,0.09487014263868332,0.9983696341514587,0.997469425201416,0.9879708886146545,0.9960189461708069,0.9922963380813599,0.9754869937896729
repeat1_fold1,MMdata_1071.50s_0327_201445_4ml,925.0,185,214,0.866822429906542,2,2,1,0.9988051652908325,0.9175151586532593,0.08248483389616013,0.9985041618347168,0.9976931810379028,0.9888429045677185,0.9642053842544556,0.928426206111908,0.8593896627426147
repeat1_fold1,MMdata_1071.50s_0327_201445_4ml,930.0,186,214,0.8714953271028038,2,2,1,0.9988486766815186,0.9172489047050476,0.08275111764669418,0.9984912872314453,0.997666597366333,0.9887607097625732,0.9830990433692932,0.9662196040153503,0.9218243956565857
repeat1_fold1,MMdata_1071.50s_0327_201445_4ml,935.0,187,214,0.8761682242990654,2,2,1,0.9988921284675598,0.9228047728538513,0.07719525694847107,0.9983890056610107,0.9975712895393372,0.988088071346283,0.9909170269966125,0.9818580746650696,0.9527489542961121
repeat1_fold1,MMdata_1071.50s_0327_201445_4ml,940.0,188,214,0.8808411214953271,2,2,1,0.9990550875663757,0.9017379283905029,0.09826212376356125,0.9984114170074463,0.9975441694259644,0.9882398843765259,0.9945685863494873,0.989453136920929,0.9681869745254517
repeat1_fold1,MMdata_1071.50s_0327_201445_4ml,945.0,189,214,0.8855140186915887,2,2,1,0.9987454414367676,0.91892409324646,0.08107589930295944,0.9985320568084717,0.9977028369903564,0.9890329837799072,0.9625982642173767,0.9252089858055115,0.8546268343925476
repeat1_fold1,MMdata_1071.50s_0327_201445_4ml,950.0,190,214,0.8901869158878505,2,2,1,0.9988352656364441,0.9178892374038696,0.08211079984903336,0.9984887838363647,0.9976620674133301,0.9887436032295227,0.9855828285217285,0.9711868166923523,0.9311940670013428
repeat1_fold1,MMdata_1071.50s_0327_201445_4ml,955.0,191,214,0.8948598130841121,2,2,1,0.9989004135131836,0.9210245609283447,0.0789753794670105,0.9984069466590881,0.9975684881210327,0.9882063865661621,0.9892064332962036,0.9784386157989502,0.9455692768096924
repeat1_fold1,MMdata_1071.50s_0327_201445_4ml,960.0,192,214,0.8995327102803738,2,2,1,0.9990550875663757,0.9084688425064087,0.09153115749359131,0.9983686804771423,0.9974832534790039,0.9879624247550964,0.9968673586845398,0.9939520955085754,0.9799930453300476
repeat1_fold1,MMdata_1071.50s_0327_201445_4ml,965.0,193,214,0.9042056074766355,2,2,1,0.998782217502594,0.9180386066436768,0.08196140080690384,0.9985085129737854,0.9976919293403625,0.9888731241226196,0.9614882469177246,0.9229905009269714,0.8513485193252563
repeat1_fold1,MMdata_1071.50s_0327_201445_4ml,970.0,194,214,0.9088785046728972,2,2,1,0.9988659620285034,0.9173913598060608,0.082608662545681,0.9984733462333679,0.997644305229187,0.9886419177055359,0.986699104309082,0.9734232425689697,0.9355065226554871
repeat1_fold1,MMdata_1071.50s_0327_201445_4ml,975.0,195,214,0.9135514018691588,2,2,1,0.9989405274391174,0.9193557500839233,0.08064427971839905,0.9983659386634827,0.9975229501724243,0.9879392385482788,0.9917058944702148,0.9834471344947815,0.9560943841934204
repeat1_fold1,MMdata_1071.50s_0327_201445_4ml,980.0,196,214,0.9182242990654206,2,2,1,0.9990623593330383,0.9039307236671448,0.0960693284869194,0.9983721375465393,0.9974848628044128,0.9879845976829529,0.9956251978874207,0.9915379881858826,0.9734307527542114
repeat1_fold1,MMdata_1071.50s_0327_201445_4ml,985.0,197,214,0.9228971962616822,2,2,1,0.9987732768058777,0.918234646320343,0.08176533877849579,0.9984941482543945,0.9976524114608765,0.988782525062561,0.9624561667442322,0.9249255657196045,0.8542014956474304
repeat1_fold1,MMdata_1071.50s_0327_201445_4ml,990.0,198,214,0.927570093457944,2,2,1,0.9989186525344849,0.9185826778411865,0.08141729235649109,0.9984295964241028,0.9976023435592651,0.9883540272712708,0.9927686452865601,0.9855719208717346,0.9607949256896973
repeat1_fold1,MMdata_1071.50s_0327_201445_4ml,995.0,199,214,0.9322429906542056,2,2,1,0.9988530874252319,0.9191214442253113,0.08087856322526932,0.9984752535820007,0.9976655840873718,0.9886521100997925,0.9819422364234924,0.9639065265655518,0.917577862739563
repeat1_fold1,MMdata_1071.50s_0327_201445_4ml,1000.0,200,214,0.9369158878504673,2,2,1,0.9990435242652893,0.9070218801498413,0.09297817200422287,0.998381495475769,0.9974970817565918,0.9880458116531372,0.9948664903640747,0.9899337291717529,0.9699329137802124
repeat1_fold1,MMdata_1071.50s_0327_201445_4ml,1005.0,201,214,0.9415887850467289,2,2,1,0.9987873435020447,0.9197911024093628,0.08020884543657303,0.9984855055809021,0.9976471066474915,0.9887242317199707,0.9715598225593567,0.9431325197219849,0.8822249174118042
repeat1_fold1,MMdata_1071.50s_0327_201445_4ml,1010.0,202,214,0.9462616822429907,2,2,1,0.9989235997200012,0.9166780710220337,0.0833219513297081,0.998449444770813,0.9976386427879333,0.9884827136993408,0.9922394752502441,0.9845193028450012,0.958412766456604
repeat1_fold1,MMdata_1071.50s_0327_201445_4ml,1015.0,203,214,0.9509345794392523,2,2,1,0.9988705515861511,0.9185502529144287,0.08144977688789368,0.9984715580940247,0.9976631999015808,0.9886273741722107,0.9858396053314209,0.9717065691947937,0.9321481585502625
repeat1_fold1,MMdata_1071.50s_0327_201445_4ml,1020.0,204,214,0.955607476635514,2,2,1,0.9990166425704956,0.9128358364105225,0.08716417104005814,0.9983503818511963,0.9974332451820374,0.987847089767456,0.9936528205871582,0.9874017834663391,0.9645550847053528
repeat1_fold1,MMdata_1071.50s_0327_201445_4ml,1025.0,205,214,0.9602803738317757,2,2,1,0.9988138675689697,0.919542670249939,0.08045733720064163,0.9984908103942871,0.9976716637611389,0.9887565970420837,0.9764413833618164,0.9528971314430237,0.8983239531517029
repeat1_fold1,MMdata_1071.50s_0327_201445_4ml,1030.0,206,214,0.9649532710280374,2,2,1,0.9988279938697815,0.9194865226745605,0.08051343262195587,0.9984989166259766,0.9976929426193237,0.9888079762458801,0.9785935878753662,0.9572044014930725,0.9056956171989441
repeat1_fold1,MMdata_1071.50s_0327_201445_4ml,1035.0,207,214,0.969626168224299,2,2,1,0.9988956451416016,0.9211437106132507,0.07885630428791046,0.9983986020088196,0.9975724220275879,0.9881507754325867,0.9895743727684021,0.9791731238365173,0.947096586227417
repeat1_fold1,MMdata_1071.50s_0327_201445_4ml,1040.0,208,214,0.9742990654205608,2,2,1,0.9989988207817078,0.9136231541633606,0.08637691289186478,0.9983879327774048,0.9975272417068481,0.9880850315093994,0.9927147030830383,0.9855123162269592,0.9603406190872192
repeat1_fold1,MMdata_1071.50s_0327_201445_4ml,1045.0,209,214,0.9789719626168224,2,2,1,0.9988051652908325,0.9176504611968994,0.08234953135251999,0.9984863996505737,0.9976586699485779,0.9887283444404602,0.9711096286773682,0.9422339200973511,0.8807682991027832
repeat1_fold1,MMdata_1071.50s_0327_201445_4ml,1050.0,210,214,0.9836448598130841,2,2,1,0.9988577365875244,0.9172638058662415,0.08273613452911377,0.998503565788269,0.997707188129425,0.988836944103241,0.9840697646141052,0.968163013458252,0.9254298806190491
repeat1_fold1,MMdata_1071.50s_0327_201445_4ml,1055.0,211,214,0.9883177570093458,2,2,1,0.9989020824432373,0.9174966812133789,0.08250336349010468,0.9984478950500488,0.9976389408111572,0.9884721040725708,0.9867132902145386,0.9734567999839783,0.9355332851409912
repeat1_fold1,MMdata_1071.50s_0327_201445_4ml,1060.0,212,214,0.9929906542056075,2,2,1,0.9990015625953674,0.9139160513877869,0.08608390390872955,0.9983996748924255,0.9975453615188599,0.9881606101989746,0.9939393997192383,0.9879674911499023,0.9659108519554138
repeat1_fold1,MMdata_1071.50s_0327_201445_4ml,1065.0,213,214,0.9976635514018691,2,2,1,0.9988202452659607,0.9176927208900452,0.08230723440647125,0.9984992742538452,0.9976860880851746,0.9888112545013428,0.9732863306999207,0.9465885758399963,0.8878043293952942
repeat1_fold1,MMdata_1200.00s_0322_232833_2ml_yumi,0.0,0,240,0.0020833333333333333,1,0,0,0.5960561633110046,0.05871008709073067,0.9412899017333984,0.8721597790718079,0.7473376393318176,0.6390457153320312,0.7607829570770264,0.522921085357666,0.4915967583656311
repeat1_fold1,MMdata_1200.00s_0322_232833_2ml_yumi,5.0,1,240,0.00625,1,0,0,0.9959381818771362,0.023131554946303368,0.9768685102462769,0.786559522151947,0.5747115015983582,0.5195157527923584,0.9998786449432373,0.9997590184211731,0.9988846182823181
repeat1_fold1,MMdata_1200.00s_0322_232833_2ml_yumi,10.0,2,240,0.010416666666666666,1,0,0,0.9971848130226135,0.013836183585226536,0.9861637949943542,0.7891310453414917,0.5797474384307861,0.5230827927589417,0.9999732971191406,0.9999498724937439,0.9997109174728394
repeat1_fold1,MMdata_1200.00s_0322_232833_2ml_yumi,15.0,3,240,0.014583333333333334,1,0,0,0.9971242547035217,0.015051026828587055,0.9849490523338318,0.8026790022850037,0.6069237589836121,0.5396023988723755,0.9999715089797974,0.9999461770057678,0.9996934533119202
repeat1_fold1,MMdata_1200.00s_0322_232833_2ml_yumi,20.0,4,240,0.01875,1,0,0,0.9970972537994385,0.011437262408435345,0.9885627031326294,0.8031611442565918,0.6079016923904419,0.5401628613471985,0.9999827146530151,0.9999725222587585,0.9998013377189636
repeat1_fold1,MMdata_1200.00s_0322_232833_2ml_yumi,25.0,5,240,0.022916666666666665,1,1,1,0.9836773872375488,0.01576574333012104,0.9842342734336853,0.8131280541419983,0.62818443775177,0.5518045425415039,0.9988278746604919,0.9978694319725037,0.9912266731262207
repeat1_fold1,MMdata_1200.00s_0322_232833_2ml_yumi,30.0,6,240,0.027083333333333334,1,0,0,0.9934949278831482,0.009149797260761261,0.9908502101898193,0.8076558113098145,0.6168212890625,0.5463134050369263,0.99994957447052,0.999917209148407,0.9994702339172363
repeat1_fold1,MMdata_1200.00s_0322_232833_2ml_yumi,35.0,7,240,0.03125,1,0,0,0.974850058555603,0.005577158648520708,0.9944228529930115,0.8125197291374207,0.6266577243804932,0.5522983074188232,0.9992006421089172,0.9984155297279358,0.9940179586410522
repeat1_fold1,MMdata_1200.00s_0322_232833_2ml_yumi,40.0,8,240,0.035416666666666666,1,0,0,0.9963640570640564,0.010411281138658524,0.989588737487793,0.8048905730247498,0.6113395690917969,0.5424896478652954,0.9999780654907227,0.9999647736549377,0.9997533559799194
repeat1_fold1,MMdata_1200.00s_0322_232833_2ml_yumi,45.0,9,240,0.03958333333333333,1,1,1,0.9408349990844727,0.011253217235207558,0.9887468218803406,0.7998812794685364,0.6014113426208496,0.5356677770614624,0.9941927790641785,0.9902011156082153,0.9642301201820374
repeat1_fold1,MMdata_1200.00s_0322_232833_2ml_yumi,50.0,10,240,0.04375,1,0,0,0.9928760528564453,0.007522334344685078,0.9924777150154114,0.7898584604263306,0.5812287926673889,0.5238441228866577,0.9999440908432007,0.9999000430107117,0.9994237422943115
repeat1_fold1,MMdata_1200.00s_0322_232833_2ml_yumi,55.0,11,240,0.04791666666666667,1,0,0,0.9969109892845154,0.012401736341416836,0.9875982403755188,0.79395592212677,0.5893875956535339,0.529017448425293,0.9999778270721436,0.9999607801437378,0.9997528791427612
repeat1_fold1,MMdata_1200.00s_0322_232833_2ml_yumi,60.0,12,240,0.052083333333333336,1,0,0,0.932986319065094,0.004922814201563597,0.9950771927833557,0.8127898573875427,0.6271512508392334,0.5528634786605835,0.9915487170219421,0.9831089377403259,0.9555397033691406
repeat1_fold1,MMdata_1200.00s_0322_232833_2ml_yumi,65.0,13,240,0.05625,1,1,1,0.9905765056610107,0.010530064813792706,0.9894698858261108,0.7794870138168335,0.5604963302612305,0.5115220546722412,0.9997351765632629,0.9995939135551453,0.9976068735122681
repeat1_fold1,MMdata_1200.00s_0322_232833_2ml_yumi,70.0,14,240,0.06041666666666667,1,0,0,0.6578122973442078,0.004583009518682957,0.9954169988632202,0.8134244680404663,0.6284410357475281,0.5536288022994995,0.6859613656997681,0.3720196485519409,0.4327622056007385
repeat1_fold1,MMdata_1200.00s_0322_232833_2ml_yumi,75.0,15,240,0.06458333333333334,1,0,0,0.9961458444595337,0.012219333089888096,0.9877806901931763,0.8117979168891907,0.6251295208930969,0.5516980886459351,0.9999736547470093,0.9999547004699707,0.9997090101242065
repeat1_fold1,MMdata_1200.00s_0322_232833_2ml_yumi,80.0,16,240,0.06875,1,1,1,0.9616219401359558,0.005909544415771961,0.9940903782844543,0.8194916248321533,0.6407684087753296,0.5611002445220947,0.9989307522773743,0.9978737235069275,0.9923087358474731
repeat1_fold1,MMdata_1200.00s_0322_232833_2ml_yumi,85.0,17,240,0.07291666666666667,1,1,1,0.982725203037262,0.01675616391003132,0.9832438826560974,0.8055075407028198,0.6127946376800537,0.5423349142074585,0.9983422756195068,0.9968883395195007,0.9882696270942688
repeat1_fold1,MMdata_1200.00s_0322_232833_2ml_yumi,90.0,18,240,0.07708333333333334,1,1,1,0.6889713406562805,0.004447091370820999,0.9955528378486633,0.8055527806282043,0.6127164959907532,0.543120265007019,0.9006485342979431,0.8013471364974976,0.7050044536590576
repeat1_fold1,MMdata_1200.00s_0322_232833_2ml_yumi,95.0,19,240,0.08125,1,0,0,0.9904915690422058,0.008090641349554062,0.9919093251228333,0.8246793746948242,0.6509418487548828,0.5692282319068909,0.9999186992645264,0.999851644039154,0.9991941452026367
repeat1_fold1,MMdata_1200.00s_0322_232833_2ml_yumi,100.0,20,240,0.08541666666666667,1,0,0,0.9665094614028931,0.005694556515663862,0.994305431842804,0.8116284012794495,0.6248458027839661,0.5512310862541199,0.9980415105819702,0.9960923194885254,0.987049400806427
repeat1_fold1,MMdata_1200.00s_0322_232833_2ml_yumi,105.0,21,240,0.08958333333333333,1,1,1,0.9864532351493835,0.01887049712240696,0.9811294674873352,0.8126302361488342,0.6272408366203308,0.5509179830551147,0.9985278844833374,0.9971578121185303,0.9895859360694885
repeat1_fold1,MMdata_1200.00s_0322_232833_2ml_yumi,110.0,22,240,0.09375,1,0,0,0.9634256958961487,0.0051167188212275505,0.9948832988739014,0.7994162440299988,0.6004002094268799,0.535433828830719,0.9976363182067871,0.995282769203186,0.9847798943519592
repeat1_fold1,MMdata_1200.00s_0322_232833_2ml_yumi,115.0,23,240,0.09791666666666667,1,0,0,0.9962716102600098,0.01257285475730896,0.9874271154403687,0.8098021745681763,0.6210957765579224,0.549225926399231,0.9999740123748779,0.9999550580978394,0.9997125864028931
repeat1_fold1,MMdata_1200.00s_0322_232833_2ml_yumi,120.0,24,240,0.10208333333333333,1,1,1,0.8566871881484985,0.0048680431209504604,0.9951319694519043,0.811907947063446,0.6255037784576416,0.5511788129806519,0.9860045313835144,0.9720252752304077,0.932851254940033
repeat1_fold1,MMdata_1200.00s_0322_232833_2ml_yumi,125.0,25,240,0.10625,1,1,1,0.667864203453064,0.007667507044970989,0.9923324584960938,0.7983315587043762,0.5982887744903564,0.533810019493103,0.806290328502655,0.6147066354751587,0.5419087409973145
repeat1_fold1,MMdata_1200.00s_0322_232833_2ml_yumi,130.0,26,240,0.11041666666666666,1,0,0,0.9935680031776428,0.011324132792651653,0.9886758327484131,0.8217777013778687,0.645271897315979,0.5645734071731567,0.9999542236328125,0.9999295473098755,0.999512791633606
repeat1_fold1,MMdata_1200.00s_0322_232833_2ml_yumi,135.0,27,240,0.11458333333333333,1,0,0,0.9918180704116821,0.008847681805491447,0.9911523461341858,0.8223759531974792,0.6463547348976135,0.5658951997756958,0.9999382495880127,0.9998911619186401,0.9993677735328674
repeat1_fold1,MMdata_1200.00s_0322_232833_2ml_yumi,140.0,28,240,0.11875,1,0,0,0.6419780850410461,0.004724782891571522,0.9952752590179443,0.8138892650604248,0.6293888688087463,0.5541774034500122,0.6568495035171509,0.313750684261322,0.4141610264778137
repeat1_fold1,MMdata_1200.00s_0322_232833_2ml_yumi,145.0,29,240,0.12291666666666666,1,1,1,0.991517186164856,0.0184764564037323,0.9815235733985901,0.811688244342804,0.6252396106719971,0.5501421093940735,0.9991773962974548,0.9983938932418823,0.9937905073165894
repeat1_fold1,MMdata_1200.00s_0322_232833_2ml_yumi,150.0,30,240,0.12708333333333333,1,1,1,0.829921543598175,0.006861168425530195,0.99313884973526,0.87629234790802,0.7552847266197205,0.6475145816802979,0.9664658904075623,0.9330357313156128,0.8657172918319702
repeat1_fold1,MMdata_1200.00s_0322_232833_2ml_yumi,155.0,31,240,0.13125,1,0,0,0.992591142654419,0.0099038640037179,0.9900960922241211,0.8138668537139893,0.6292551755905151,0.5545327663421631,0.9999496936798096,0.9999187588691711,0.9994713068008423
repeat1_fold1,MMdata_1200.00s_0322_232833_2ml_yumi,160.0,32,240,0.13541666666666666,1,1,1,0.5741891860961914,0.004631476476788521,0.9953685998916626,0.8237253427505493,0.6491355895996094,0.5674455165863037,0.7537955641746521,0.5076529383659363,0.49144870042800903
repeat1_fold1,MMdata_1200.00s_0322_232833_2ml_yumi,165.0,33,240,0.13958333333333334,1,1,1,0.9774159789085388,0.012811574153602123,0.9871883988380432,0.8078765273094177,0.6175462007522583,0.5453780889511108,0.9986003041267395,0.9978144764900208,0.9894810318946838
repeat1_fold1,MMdata_1200.00s_0322_232833_2ml_yumi,170.0,34,240,0.14375,1,1,1,0.9838261008262634,0.008882783353328705,0.9911172389984131,0.8697381615638733,0.7422105073928833,0.635764479637146,0.999671220779419,0.9993774890899658,0.9971985816955566
repeat1_fold1,MMdata_1200.00s_0322_232833_2ml_yumi,175.0,35,240,0.14791666666666667,1,0,0,0.995701014995575,0.01177053153514862,0.988229513168335,0.8040632009506226,0.6096187829971313,0.5417100787162781,0.9999736547470093,0.9999582767486572,0.9997071027755737
repeat1_fold1,MMdata_1200.00s_0322_232833_2ml_yumi,180.0,36,240,0.15208333333333332,1,0,0,0.8097655773162842,0.0052374182268977165,0.9947625994682312,0.8100065588951111,0.6215872168540955,0.5491350293159485,0.9196383357048035,0.8393148183822632,0.7451491355895996
repeat1_fold1,MMdata_1200.00s_0322_232833_2ml_yumi,185.0,37,240,0.15625,1,1,1,0.9816585183143616,0.011067431420087814,0.9889326095581055,0.8094328045845032,0.6206164360046387,0.5476124882698059,0.9991225600242615,0.9986501336097717,0.993028998374939
repeat1_fold1,MMdata_1200.00s_0322_232833_2ml_yumi,190.0,38,240,0.16041666666666668,1,1,1,0.6377115249633789,0.005234341137111187,0.9947656393051147,0.8458181619644165,0.6934866905212402,0.5995700359344482,0.823128342628479,0.6463454365730286,0.5745731592178345
repeat1_fold1,MMdata_1200.00s_0322_232833_2ml_yumi,195.0,39,240,0.16458333333333333,1,0,0,0.9962026476860046,0.013781632296741009,0.9862183928489685,0.8022040128707886,0.6058754920959473,0.5394281148910522,0.9999686479568481,0.99994295835495,0.9996615052223206
repeat1_fold1,MMdata_1200.00s_0322_232833_2ml_yumi,200.0,40,240,0.16875,1,0,0,0.9914466142654419,0.00890266988426447,0.9910973310470581,0.7975912094116211,0.5966156721115112,0.5337327122688293,0.9999076128005981,0.9998250007629395,0.9991068243980408
repeat1_fold1,MMdata_1200.00s_0322_232833_2ml_yumi,205.0,41,240,0.17291666666666666,1,1,1,0.9753739237785339,0.011746691539883614,0.9882532954216003,0.8159777522087097,0.6339057683944702,0.5555791854858398,0.9985717535018921,0.9977455139160156,0.9892991185188293
repeat1_fold1,MMdata_1200.00s_0322_232833_2ml_yumi,210.0,42,240,0.17708333333333334,1,1,1,0.9771073460578918,0.0076709105633199215,0.9923290610313416,0.8584460616111755,0.7190309762954712,0.6187335252761841,0.9994444251060486,0.9989306330680847,0.9955689311027527
repeat1_fold1,MMdata_1200.00s_0322_232833_2ml_yumi,215.0,43,240,0.18125,1,0,0,0.9920706152915955,0.008954672142863274,0.9910452961921692,0.814475417137146,0.6305639743804932,0.5549578666687012,0.9999388456344604,0.999890923500061,0.9993753433227539
repeat1_fold1,MMdata_1200.00s_0322_232833_2ml_yumi,220.0,44,240,0.18541666666666667,1,0,0,0.9958857893943787,0.013054444454610348,0.9869455695152283,0.7701048254966736,0.5415891408920288,0.5015692710876465,0.9999741315841675,0.9999607801437378,0.9997111558914185
repeat1_fold1,MMdata_1200.00s_0322_232833_2ml_yumi,225.0,45,240,0.18958333333333333,1,1,1,0.9906518459320068,0.019381148740649223,0.9806188941001892,0.816267728805542,0.6346210837364197,0.555420994758606,0.9989556074142456,0.9979625940322876,0.9923383593559265
repeat1_fold1,MMdata_1200.00s_0322_232833_2ml_yumi,230.0,46,240,0.19375,1,0,0,0.9568817019462585,0.007740924134850502,0.9922590851783752,0.8541610240936279,0.7103138566017151,0.6122812032699585,0.9983356595039368,0.9967018961906433,0.9886544942855835
repeat1_fold1,MMdata_1200.00s_0322_232833_2ml_yumi,235.0,47,240,0.19791666666666666,1,0,0,0.9962611794471741,0.013648789376020432,0.9863511919975281,0.8061470985412598,0.6137628555297852,0.5445202589035034,0.9999707937240601,0.9999479055404663,0.999681830406189
repeat1_fold1,MMdata_1200.00s_0322_232833_2ml_yumi,240.0,48,240,0.20208333333333334,1,0,0,0.9370249509811401,0.006022616755217314,0.993977427482605,0.8038895726203918,0.6093160510063171,0.5412888526916504,0.9934460520744324,0.9869080185890198,0.9639589190483093
repeat1_fold1,MMdata_1200.00s_0322_232833_2ml_yumi,245.0,49,240,0.20625,1,1,1,0.9744117259979248,0.01294011902064085,0.9870598316192627,0.8065720796585083,0.6149351596832275,0.5436756014823914,0.9980438947677612,0.9968584775924683,0.9859226942062378
repeat1_fold1,MMdata_1200.00s_0322_232833_2ml_yumi,250.0,50,240,0.21041666666666667,1,1,1,0.9807689189910889,0.007866239175200462,0.9921337366104126,0.855007529258728,0.7121338248252869,0.6131658554077148,0.9996294975280762,0.9992948174476624,0.9968915581703186
repeat1_fold1,MMdata_1200.00s_0322_232833_2ml_yumi,255.0,51,240,0.21458333333333332,1,0,0,0.9949901700019836,0.012013472616672516,0.9879865050315857,0.8040174841880798,0.6094582080841064,0.5419583320617676,0.9999673366546631,0.9999475479125977,0.9996432065963745
repeat1_fold1,MMdata_1200.00s_0322_232833_2ml_yumi,260.0,52,240,0.21875,1,1,1,0.6461449861526489,0.004443691577762365,0.9955562949180603,0.7954291105270386,0.5924038887023926,0.5305303931236267,0.8740363717079163,0.7481029033660889,0.6550894975662231
repeat1_fold1,MMdata_1200.00s_0322_232833_2ml_yumi,265.0,53,240,0.22291666666666668,1,1,1,0.990334689617157,0.017751848325133324,0.9822481274604797,0.8279839158058167,0.6580468416213989,0.5719002485275269,0.9989238381385803,0.9979107975959778,0.9921077489852905
repeat1_fold1,MMdata_1200.00s_0322_232833_2ml_yumi,270.0,54,240,0.22708333333333333,1,1,1,0.5351344347000122,0.006079648155719042,0.9939203262329102,0.8491808772087097,0.700187087059021,0.604957103729248,0.667038083076477,0.33436545729637146,0.41873496770858765
repeat1_fold1,MMdata_1200.00s_0322_232833_2ml_yumi,275.0,55,240,0.23125,1,0,0,0.8492364287376404,0.004751924425363541,0.9952481389045715,0.8200761079788208,0.6417317986488342,0.5627840757369995,0.9622937440872192,0.9246386289596558,0.8534754514694214
repeat1_fold1,MMdata_1200.00s_0322_232833_2ml_yumi,280.0,56,240,0.23541666666666666,1,0,0,0.9680519700050354,0.007538414094597101,0.992461621761322,0.7852796316146851,0.5718996524810791,0.5191346406936646,0.9986553192138672,0.9973270893096924,0.9906033277511597
repeat1_fold1,MMdata_1200.00s_0322_232833_2ml_yumi,285.0,57,240,0.23958333333333334,1,1,1,0.9938265681266785,0.014415433630347252,0.985584557056427,0.8136032223701477,0.6290650367736816,0.552736222743988,0.9996606111526489,0.999363899230957,0.9971060156822205
repeat1_fold1,MMdata_1200.00s_0322_232833_2ml_yumi,290.0,58,240,0.24375,1,1,1,0.9780480861663818,0.008754685521125793,0.9912453293800354,0.8575364947319031,0.7170587182044983,0.6178203821182251,0.9995123147964478,0.9990731477737427,0.9960275292396545
repeat1_fold1,MMdata_1200.00s_0322_232833_2ml_yumi,295.0,59,240,0.24791666666666667,1,0,0,0.7169268727302551,0.004570025485008955,0.9954299926757812,0.8065677881240845,0.6146581768989563,0.5448306798934937,0.8070446252822876,0.6141536235809326,0.5530184507369995
repeat1_fold1,MMdata_1200.00s_0322_232833_2ml_yumi,300.0,60,240,0.2520833333333333,1,0,0,0.9942663311958313,0.010366346687078476,0.9896336793899536,0.7935746908187866,0.5886417031288147,0.5284730195999146,0.9999613761901855,0.9999340176582336,0.9995862245559692
repeat1_fold1,MMdata_1200.00s_0322_232833_2ml_yumi,305.0,61,240,0.25625,1,1,1,0.9906687140464783,0.018507838249206543,0.9814921021461487,0.815047562122345,0.6320131421089172,0.5544453859329224,0.998847246170044,0.9977420568466187,0.9916724562644958
repeat1_fold1,MMdata_1200.00s_0322_232833_2ml_yumi,310.0,62,240,0.2604166666666667,1,1,1,0.9143450260162354,0.007411961909383535,0.9925881028175354,0.8774704933166504,0.7573803067207336,0.6505557298660278,0.9940130114555359,0.9881059527397156,0.9662889242172241
repeat1_fold1,MMdata_1200.00s_0322_232833_2ml_yumi,315.0,63,240,0.26458333333333334,1,0,0,0.9740293025970459,0.0064520202577114105,0.9935479760169983,0.8132186532020569,0.6280579566955566,0.5532282590866089,0.9992555975914001,0.9985270500183105,0.9943726062774658
repeat1_fold1,MMdata_1200.00s_0322_232833_2ml_yumi,320.0,64,240,0.26875,1,1,1,0.9849354028701782,0.008440621197223663,0.9915593266487122,0.8580907583236694,0.7185145616531372,0.6174154877662659,0.9998044371604919,0.9996233582496643,0.99825519323349
repeat1_fold1,MMdata_1200.00s_0322_232833_2ml_yumi,325.0,65,240,0.27291666666666664,1,1,1,0.9908967614173889,0.014965505339205265,0.9850345253944397,0.8192585110664368,0.6405289173126221,0.5598388910293579,0.9994763731956482,0.9990271329879761,0.9957278966903687
repeat1_fold1,MMdata_1200.00s_0322_232833_2ml_yumi,330.0,66,240,0.27708333333333335,1,1,1,0.8843549489974976,0.006243226118385792,0.9937567710876465,0.8502763509750366,0.702629566192627,0.605705738067627,0.9901444911956787,0.9803431034088135,0.9493250846862793
repeat1_fold1,MMdata_1200.00s_0322_232833_2ml_yumi,335.0,67,240,0.28125,1,0,0,0.9518681168556213,0.005201804451644421,0.9947981834411621,0.8003262877464294,0.6021841764450073,0.5367476940155029,0.9963350296020508,0.9926829934120178,0.9778799414634705
repeat1_fold1,MMdata_1200.00s_0322_232833_2ml_yumi,340.0,68,240,0.28541666666666665,1,0,0,0.99021977186203,0.010182015597820282,0.9898179173469543,0.8080756068229675,0.617658257484436,0.5468762516975403,0.9999090433120728,0.9998330473899841,0.9991101622581482
repeat1_fold1,MMdata_1200.00s_0322_232833_2ml_yumi,345.0,69,240,0.28958333333333336,1,1,1,0.9907208681106567,0.014605208300054073,0.9853948354721069,0.8191730380058289,0.6403096914291382,0.559918224811554,0.9994884729385376,0.9990679621696472,0.99578857421875
repeat1_fold1,MMdata_1200.00s_0322_232833_2ml_yumi,350.0,70,240,0.29375,1,1,1,0.9451770782470703,0.01116992812603712,0.988830029964447,0.89244544506073,0.7881261110305786,0.6760515570640564,0.9974701404571533,0.9950488209724426,0.9835222363471985
repeat1_fold1,MMdata_1200.00s_0322_232833_2ml_yumi,355.0,71,240,0.29791666666666666,1,0,0,0.9936485886573792,0.011091192252933979,0.9889088273048401,0.8025404810905457,0.6065198183059692,0.5399875044822693,0.9999572038650513,0.999932587146759,0.9995430111885071
repeat1_fold1,MMdata_1200.00s_0322_232833_2ml_yumi,360.0,72,240,0.3020833333333333,1,1,1,0.9500723481178284,0.005781668704003096,0.9942183494567871,0.8343030214309692,0.6705384254455566,0.5817267894744873,0.9980973601341248,0.9962050914764404,0.987362265586853
repeat1_fold1,MMdata_1200.00s_0322_232833_2ml_yumi,365.0,73,240,0.30625,1,1,1,0.9937810301780701,0.0181965883821249,0.9818034172058105,0.8211020231246948,0.6441916227340698,0.562503457069397,0.9994057416915894,0.9988352060317993,0.9953501224517822
repeat1_fold1,MMdata_1200.00s_0322_232833_2ml_yumi,370.0,74,240,0.3104166666666667,1,1,1,0.928870677947998,0.01019804086536169,0.9898019433021545,0.895515501499176,0.7940715551376343,0.6827120780944824,0.9956690073013306,0.9914783239364624,0.9740491509437561
repeat1_fold1,MMdata_1200.00s_0322_232833_2ml_yumi,375.0,75,240,0.3145833333333333,1,0,0,0.9663721323013306,0.006410044617950916,0.9935899972915649,0.8192842602729797,0.6405674815177917,0.559927761554718,0.9987508058547974,0.9975211024284363,0.9911699295043945
repeat1_fold1,MMdata_1200.00s_0322_232833_2ml_yumi,380.0,76,240,0.31875,1,1,1,0.9099227786064148,0.0060501969419419765,0.9939497709274292,0.8491306900978088,0.7003352642059326,0.6038963794708252,0.9944316744804382,0.9888808131217957,0.9685294032096863
repeat1_fold1,MMdata_1200.00s_0322_232833_2ml_yumi,385.0,77,240,0.3229166666666667,1,1,1,0.9911878108978271,0.013855671510100365,0.9861443042755127,0.8170150518417358,0.6359541416168213,0.5571070909500122,0.9996254444122314,0.9993330240249634,0.9967896342277527
repeat1_fold1,MMdata_1200.00s_0322_232833_2ml_yumi,390.0,78,240,0.32708333333333334,1,1,1,0.9704581499099731,0.008004197850823402,0.9919958114624023,0.8540418148040771,0.7099103927612305,0.6127374768257141,0.9992979764938354,0.9986374378204346,0.9945774078369141
repeat1_fold1,MMdata_1200.00s_0322_232833_2ml_yumi,395.0,79,240,0.33125,1,0,0,0.9940872192382812,0.01123113464564085,0.9887688159942627,0.8016934990882874,0.6047765612602234,0.5391241312026978,0.9999624490737915,0.9999426007270813,0.9995930790901184
repeat1_fold1,MMdata_1200.00s_0322_232833_2ml_yumi,400.0,80,240,0.33541666666666664,1,1,1,0.9948346614837646,0.010533969849348068,0.9894660115242004,0.8306344747543335,0.663103461265564,0.5767343044281006,0.9999514818191528,0.9999263882637024,0.99948650598526
repeat1_fold1,MMdata_1200.00s_0322_232833_2ml_yumi,405.0,81,240,0.33958333333333335,1,1,1,0.9932762384414673,0.01610708236694336,0.9838929176330566,0.8214406967163086,0.6448343992233276,0.5631184577941895,0.999517560005188,0.9990730881690979,0.9960858821868896
repeat1_fold1,MMdata_1200.00s_0322_232833_2ml_yumi,410.0,82,240,0.34375,1,1,1,0.9404643177986145,0.007596584968268871,0.9924033880233765,0.8549594879150391,0.711778461933136,0.6140973567962646,0.9973932504653931,0.994846761226654,0.983252227306366
repeat1_fold1,MMdata_1200.00s_0322_232833_2ml_yumi,415.0,83,240,0.34791666666666665,1,0,0,0.9890751838684082,0.008899632841348648,0.9911003708839417,0.8055410981178284,0.6126531362533569,0.5432800054550171,0.9998936653137207,0.9998030662536621,0.998977541923523
repeat1_fold1,MMdata_1200.00s_0322_232833_2ml_yumi,420.0,84,240,0.35208333333333336,1,1,1,0.9905622601509094,0.00869669672101736,0.9913033246994019,0.8311474323272705,0.6641643643379211,0.5773391127586365,0.9999071359634399,0.9998295307159424,0.9990931153297424
repeat1_fold1,MMdata_1200.00s_0322_232833_2ml_yumi,425.0,85,240,0.35625,1,1,1,0.9913508892059326,0.018515000119805336,0.9814850091934204,0.8155145049095154,0.6329785585403442,0.5549503564834595,0.9990038275718689,0.9980461597442627,0.9926777482032776
repeat1_fold1,MMdata_1200.00s_0322_232833_2ml_yumi,430.0,86,240,0.36041666666666666,1,1,1,0.9719231128692627,0.008250638842582703,0.9917494058609009,0.8759600520133972,0.754224419593811,0.6483153104782104,0.9994388222694397,0.9989038109779358,0.9955693483352661
repeat1_fold1,MMdata_1200.00s_0322_232833_2ml_yumi,435.0,87,240,0.3645833333333333,1,0,0,0.9890574812889099,0.0097141582518816,0.9902858138084412,0.8103269934654236,0.6221688985824585,0.5498191118240356,0.9998985528945923,0.9998155832290649,0.999014675617218
repeat1_fold1,MMdata_1200.00s_0322_232833_2ml_yumi,440.0,88,240,0.36875,1,1,1,0.9970827698707581,0.013598226010799408,0.9864017367362976,0.8398236632347107,0.6816826462745667,0.5896005630493164,0.9999524354934692,0.9999113082885742,0.9995086789131165
repeat1_fold1,MMdata_1200.00s_0322_232833_2ml_yumi,445.0,89,240,0.3729166666666667,1,1,1,0.9914903044700623,0.013854206539690495,0.9861457943916321,0.8171373009681702,0.636138916015625,0.5575227737426758,0.9994978904724121,0.9990732669830322,0.9958744049072266
repeat1_fold1,MMdata_1200.00s_0322_232833_2ml_yumi,450.0,90,240,0.3770833333333333,1,1,1,0.9714177250862122,0.00824641901999712,0.9917535781860352,0.8695791363716125,0.7413533926010132,0.6374256610870361,0.999415397644043,0.998860239982605,0.9954001307487488
repeat1_fold1,MMdata_1200.00s_0322_232833_2ml_yumi,455.0,91,240,0.38125,1,0,0,0.9826198816299438,0.00812787190079689,0.9918721318244934,0.812972903251648,0.627534031867981,0.5530374050140381,0.9997552037239075,0.9995301365852356,0.9978616833686829
repeat1_fold1,MMdata_1200.00s_0322_232833_2ml_yumi,460.0,92,240,0.3854166666666667,1,0,0,0.9822906851768494,0.007005059160292149,0.9929949641227722,0.7922347784042358,0.5858793258666992,0.5271992683410645,0.9996016621589661,0.9992131590843201,0.9967566132545471
repeat1_fold1,MMdata_1200.00s_0322_232833_2ml_yumi,465.0,93,240,0.38958333333333334,1,1,1,0.9795008897781372,0.008891603909432888,0.9911084175109863,0.8033994436264038,0.6085312366485596,0.5398057699203491,0.9991243481636047,0.9984433650970459,0.9931696057319641
repeat1_fold1,MMdata_1200.00s_0322_232833_2ml_yumi,470.0,94,240,0.39375,1,1,1,0.708177387714386,0.007860672660171986,0.9921392798423767,0.8789917826652527,0.7607237100601196,0.6522731781005859,0.9015586376190186,0.803481936454773,0.7050364017486572
repeat1_fold1,MMdata_1200.00s_0322_232833_2ml_yumi,475.0,95,240,0.39791666666666664,1,1,1,0.6400439739227295,0.00483867758885026,0.9951613545417786,0.8244220614433289,0.6506628394126892,0.5678708553314209,0.8617710471153259,0.7236023545265198,0.6338455677032471
repeat1_fold1,MMdata_1200.00s_0322_232833_2ml_yumi,480.0,96,240,0.40208333333333335,1,1,1,0.6649707555770874,0.004361348692327738,0.9956386685371399,0.8011462688446045,0.6038580536842346,0.5376420021057129,0.8864831328392029,0.7729937434196472,0.6777185201644897
repeat1_fold1,MMdata_1200.00s_0322_232833_2ml_yumi,485.0,97,240,0.40625,1,1,1,0.9926395416259766,0.012209409847855568,0.987790584564209,0.8096667528152466,0.621136486530304,0.5477010011672974,0.9997351765632629,0.9995431303977966,0.997631847858429
repeat1_fold1,MMdata_1200.00s_0322_232833_2ml_yumi,490.0,98,240,0.41041666666666665,1,1,1,0.9004940390586853,0.007711262442171574,0.9922887682914734,0.8786507844924927,0.7595037221908569,0.6535488963127136,0.9933214783668518,0.9867087006568909,0.9631558656692505
repeat1_fold1,MMdata_1200.00s_0322_232833_2ml_yumi,495.0,99,240,0.41458333333333336,1,0,0,0.567755401134491,0.0043594008311629295,0.9956406354904175,0.8100963830947876,0.6217818260192871,0.5491887331008911,0.517952024936676,0.035959333181381226,0.3691503405570984
repeat1_fold1,MMdata_1200.00s_0322_232833_2ml_yumi,500.0,100,240,0.41875,1,1,1,0.6277634501457214,0.004895792808383703,0.995104193687439,0.794611930847168,0.5906432867050171,0.5300823450088501,0.8402533531188965,0.680551290512085,0.5998049378395081
repeat1_fold1,MMdata_1200.00s_0322_232833_2ml_yumi,505.0,101,240,0.42291666666666666,1,1,1,0.9932606816291809,0.01416459959000349,0.9858353734016418,0.8150169849395752,0.6319130659103394,0.5545660257339478,0.9996449947357178,0.9993367791175842,0.9969844222068787
repeat1_fold1,MMdata_1200.00s_0322_232833_2ml_yumi,510.0,102,240,0.4270833333333333,1,1,1,0.9458414316177368,0.008900810964405537,0.9910991787910461,0.8783954381942749,0.7596173882484436,0.650890588760376,0.9971953630447388,0.9944865107536316,0.9820684790611267
repeat1_fold1,MMdata_1200.00s_0322_232833_2ml_yumi,515.0,103,240,0.43125,1,0,0,0.8037893772125244,0.0056119090877473354,0.9943880438804626,0.8380964398384094,0.6781821846961975,0.5871691703796387,0.9456043243408203,0.8912825584411621,0.8071908354759216
repeat1_fold1,MMdata_1200.00s_0322_232833_2ml_yumi,520.0,104,240,0.4354166666666667,1,0,0,0.9763422012329102,0.0069608911871910095,0.9930391907691956,0.7928361892700195,0.5870807766914368,0.5279428958892822,0.9992309808731079,0.9984734058380127,0.9942272305488586
repeat1_fold1,MMdata_1200.00s_0322_232833_2ml_yumi,525.0,105,240,0.4395833333333333,1,1,1,0.9806560277938843,0.00873502716422081,0.9912649989128113,0.8131658434867859,0.6280830502510071,0.5525979399681091,0.9991996884346008,0.9985957145690918,0.9936714172363281
repeat1_fold1,MMdata_1200.00s_0322_232833_2ml_yumi,530.0,106,240,0.44375,1,1,1,0.655868411064148,0.006563104689121246,0.993436872959137,0.8593559265136719,0.7208110690116882,0.620392918586731,0.8590677976608276,0.7183664441108704,0.6282912492752075
repeat1_fold1,MMdata_1200.00s_0322_232833_2ml_yumi,535.0,107,240,0.4479166666666667,1,1,1,0.9239065051078796,0.005629479885101318,0.9943705201148987,0.822723388671875,0.6474146842956543,0.5648576617240906,0.9959214925765991,0.9918568730354309,0.9757848381996155
repeat1_fold1,MMdata_1200.00s_0322_232833_2ml_yumi,540.0,108,240,0.45208333333333334,1,0,0,0.9629453420639038,0.005911070853471756,0.994088888168335,0.8061827421188354,0.6139624714851379,0.544002115726471,0.9976474642753601,0.9953044652938843,0.9848451018333435
repeat1_fold1,MMdata_1200.00s_0322_232833_2ml_yumi,545.0,109,240,0.45625,1,1,1,0.9589675664901733,0.011536400765180588,0.9884635806083679,0.8155789375305176,0.6329570412635803,0.5556651949882507,0.996250569820404,0.9939532279968262,0.9752503633499146
repeat1_fold1,MMdata_1200.00s_0322_232833_2ml_yumi,550.0,110,240,0.46041666666666664,1,1,1,0.9118003845214844,0.007510599214583635,0.9924894571304321,0.8733097314834595,0.749295711517334,0.6422604322433472,0.9940049052238464,0.9880660772323608,0.9663469195365906
repeat1_fold1,MMdata_1200.00s_0322_232833_2ml_yumi,555.0,111,240,0.46458333333333335,1,0,0,0.986281156539917,0.0072721452452242374,0.9927278757095337,0.8089537620544434,0.6194493770599365,0.5478813052177429,0.9998000264167786,0.999610185623169,0.9982314705848694
repeat1_fold1,MMdata_1200.00s_0322_232833_2ml_yumi,560.0,112,240,0.46875,1,1,1,0.8677252531051636,0.0051926481537520885,0.9948074221611023,0.8234975337982178,0.6485958695411682,0.5674816370010376,0.9883443117141724,0.9767062664031982,0.9420994520187378
repeat1_fold1,MMdata_1200.00s_0322_232833_2ml_yumi,565.0,113,240,0.47291666666666665,1,0,0,0.9714528322219849,0.008733070455491543,0.9912669062614441,0.7986144423484802,0.5986772775650024,0.5349515080451965,0.9994654059410095,0.9991220831871033,0.9955306053161621
repeat1_fold1,MMdata_1200.00s_0322_232833_2ml_yumi,570.0,114,240,0.47708333333333336,1,1,1,0.985847532749176,0.00850666407495737,0.9914933443069458,0.8515142202377319,0.7052074670791626,0.6072902679443359,0.999816358089447,0.9996582269668579,0.99832683801651
repeat1_fold1,MMdata_1200.00s_0322_232833_2ml_yumi,575.0,115,240,0.48125,1,0,0,0.9935508966445923,0.009050789289176464,0.9909492135047913,0.8331460952758789,0.6681133508682251,0.5804696083068848,0.999953031539917,0.999914824962616,0.9995115399360657
repeat1_fold1,MMdata_1200.00s_0322_232833_2ml_yumi,580.0,116,240,0.48541666666666666,1,1,1,0.9962050318717957,0.011914190836250782,0.9880857467651367,0.8528233766555786,0.7076545357704163,0.6100566387176514,0.999954104423523,0.9999210238456726,0.9995157718658447
repeat1_fold1,MMdata_1200.00s_0322_232833_2ml_yumi,585.0,117,240,0.4895833333333333,1,1,1,0.901704728603363,0.007260502316057682,0.9927394986152649,0.8063592314720154,0.6142988204956055,0.5443052053451538,0.9845681190490723,0.9697904586791992,0.9250043630599976
repeat1_fold1,MMdata_1200.00s_0322_232833_2ml_yumi,590.0,118,240,0.49375,1,1,1,0.8352251648902893,0.00618362333625555,0.9938163757324219,0.8472786545753479,0.696411669254303,0.6018404960632324,0.9793980717658997,0.9588584303855896,0.9082514643669128
repeat1_fold1,MMdata_1200.00s_0322_232833_2ml_yumi,595.0,119,240,0.4979166666666667,1,0,0,0.9781078696250916,0.006147777661681175,0.9938522577285767,0.8271279335021973,0.6560056209564209,0.5720157027244568,0.9994093179702759,0.998826801776886,0.9954269528388977
repeat1_fold1,MMdata_1200.00s_0322_232833_2ml_yumi,600.0,120,240,0.5020833333333333,1,0,0,0.9769555330276489,0.008186167106032372,0.9918138980865479,0.8321916460990906,0.6666045188903809,0.5774606466293335,0.9992315769195557,0.9984724521636963,0.9942395091056824
repeat1_fold1,MMdata_1200.00s_0322_232833_2ml_yumi,605.0,121,240,0.50625,1,0,0,0.9601439833641052,0.013028827495872974,0.9869712591171265,0.7945697903633118,0.5907620787620544,0.5291247367858887,0.9988133907318115,0.9978368878364563,0.9911399483680725
repeat1_fold1,MMdata_1200.00s_0322_232833_2ml_yumi,610.0,122,240,0.5104166666666666,1,1,1,0.8128271698951721,0.007096672896295786,0.9929032921791077,0.8700317144393921,0.7427625060081482,0.6364008784294128,0.9695878028869629,0.9392699599266052,0.8754690885543823
repeat1_fold1,MMdata_1200.00s_0322_232833_2ml_yumi,615.0,123,240,0.5145833333333333,1,1,1,0.619033932685852,0.004115520976483822,0.9958844780921936,0.8102797269821167,0.6222022771835327,0.5491995215415955,0.8413798213005066,0.682786762714386,0.6016457080841064
repeat1_fold1,MMdata_1200.00s_0322_232833_2ml_yumi,620.0,124,240,0.51875,1,1,1,0.9822139143943787,0.007391208317130804,0.9926087260246277,0.8401406407356262,0.6821774244308472,0.5906384587287903,0.9997966885566711,0.9996041059494019,0.9982028007507324
repeat1_fold1,MMdata_1200.00s_0322_232833_2ml_yumi,625.0,125,240,0.5229166666666667,1,1,1,0.7883153557777405,0.008825554512441158,0.9911744594573975,0.7908740639686584,0.5832484364509583,0.5251293778419495,0.9118056297302246,0.8298922181129456,0.7078254818916321
repeat1_fold1,MMdata_1200.00s_0322_232833_2ml_yumi,630.0,126,240,0.5270833333333333,1,1,1,0.9828466773033142,0.008296273648738861,0.9917037487030029,0.8488765954971313,0.7000624537467957,0.6025898456573486,0.9997000694274902,0.9994311332702637,0.9974212646484375
repeat1_fold1,MMdata_1200.00s_0322_232833_2ml_yumi,635.0,127,240,0.53125,1,1,1,0.7483798265457153,0.004660165868699551,0.9953398704528809,0.8245150446891785,0.650823712348938,0.5681074857711792,0.9454913139343262,0.8910067081451416,0.8072177767753601
repeat1_fold1,MMdata_1200.00s_0322_232833_2ml_yumi,640.0,128,240,0.5354166666666667,1,1,1,0.5177502036094666,0.0054575433023273945,0.9945424795150757,0.8210453391075134,0.6437552571296692,0.5637701153755188,0.681482195854187,0.3630150556564331,0.42997103929519653
repeat1_fold1,MMdata_1200.00s_0322_232833_2ml_yumi,645.0,129,240,0.5395833333333333,1,1,1,0.9720027446746826,0.008505486883223057,0.9914945363998413,0.7984829545021057,0.5986380577087402,0.533797025680542,0.9982263445854187,0.9968815445899963,0.9872667789459229
repeat1_fold1,MMdata_1200.00s_0322_232833_2ml_yumi,650.0,130,240,0.54375,1,1,1,0.9821186065673828,0.009294882416725159,0.9907050728797913,0.8665534257888794,0.7356146574020386,0.6310460567474365,0.9996857643127441,0.9994195103645325,0.9972847700119019
repeat1_fold1,MMdata_1200.00s_0322_232833_2ml_yumi,655.0,131,240,0.5479166666666667,1,1,1,0.9502801895141602,0.005755859427154064,0.9942441582679749,0.836722731590271,0.6754162907600403,0.5851777791976929,0.9982346296310425,0.9964819550514221,0.9881395101547241
repeat1_fold1,MMdata_1200.00s_0322_232833_2ml_yumi,660.0,132,240,0.5520833333333334,1,1,1,0.8699497580528259,0.006364243105053902,0.9936357736587524,0.8424910306930542,0.6866923570632935,0.5949869155883789,0.9894559979438782,0.9789412617683411,0.9465796947479248
repeat1_fold1,MMdata_1200.00s_0322_232833_2ml_yumi,665.0,133,240,0.55625,1,1,1,0.8625503778457642,0.006498937960714102,0.9935010075569153,0.7912925481796265,0.5841667056083679,0.525276780128479,0.9705296158790588,0.9417979717254639,0.8758900761604309
repeat1_fold1,MMdata_1200.00s_0322_232833_2ml_yumi,670.0,134,240,0.5604166666666667,1,1,1,0.931597113609314,0.005810936447232962,0.9941890239715576,0.8348231911659241,0.6714204549789429,0.5831441283226013,0.9970623850822449,0.9941478371620178,0.9816175699234009
repeat1_fold1,MMdata_1200.00s_0322_232833_2ml_yumi,675.0,135,240,0.5645833333333333,1,0,0,0.5759295225143433,0.0042956131510436535,0.9957043528556824,0.8253583312034607,0.6524436473846436,0.5695832967758179,0.5374414324760437,0.07492369413375854,0.37124019861221313
repeat1_fold1,MMdata_1200.00s_0322_232833_2ml_yumi,680.0,136,240,0.56875,1,1,1,0.9221645593643188,0.0067545389756560326,0.993245542049408,0.8526013493537903,0.7073314189910889,0.6092301607131958,0.9964408278465271,0.9929001331329346,0.978395402431488
repeat1_fold1,MMdata_1200.00s_0322_232833_2ml_yumi,685.0,137,240,0.5729166666666666,1,0,0,0.9032536745071411,0.006292206700891256,0.9937077760696411,0.8027665019035339,0.6069896221160889,0.5401980876922607,0.9917377829551697,0.9837413430213928,0.955372154712677
repeat1_fold1,MMdata_1200.00s_0322_232833_2ml_yumi,690.0,138,240,0.5770833333333333,1,1,1,0.9934701919555664,0.010035109706223011,0.9899649024009705,0.849005401134491,0.6999472975730896,0.6042367219924927,0.9999445676803589,0.9999152421951294,0.9994196891784668
repeat1_fold1,MMdata_1200.00s_0322_232833_2ml_yumi,695.0,139,240,0.58125,1,1,1,0.9946854114532471,0.010619123466312885,0.9893808364868164,0.8431800603866577,0.6883804202079773,0.5947998762130737,0.999954342842102,0.9999313950538635,0.9995140433311462
repeat1_fold1,MMdata_1200.00s_0322_232833_2ml_yumi,700.0,140,240,0.5854166666666667,1,0,0,0.7925549149513245,0.006833300460129976,0.9931667447090149,0.8264099955558777,0.654366135597229,0.5718491077423096,0.9180953502655029,0.8362590670585632,0.741537868976593
repeat1_fold1,MMdata_1200.00s_0322_232833_2ml_yumi,705.0,141,240,0.5895833333333333,1,1,1,0.9782159924507141,0.008309874683618546,0.9916901588439941,0.7970700263977051,0.5957697629928589,0.5322068929672241,0.9988607168197632,0.9979878664016724,0.9913714528083801
repeat1_fold1,MMdata_1200.00s_0322_232833_2ml_yumi,710.0,142,240,0.59375,1,1,1,0.9701869487762451,0.009175087325274944,0.9908248782157898,0.8775009512901306,0.7587040662765503,0.6463947296142578,0.9991145730018616,0.9982723593711853,0.9933717250823975
repeat1_fold1,MMdata_1200.00s_0322_232833_2ml_yumi,715.0,143,240,0.5979166666666667,1,1,1,0.9233188033103943,0.005123471841216087,0.9948765635490417,0.828902542591095,0.6595483422279358,0.574597954750061,0.9962908029556274,0.9925941228866577,0.9776566624641418
repeat1_fold1,MMdata_1200.00s_0322_232833_2ml_yumi,720.0,144,240,0.6020833333333333,1,0,0,0.6481448411941528,0.005595950875431299,0.9944040775299072,0.8160929679870605,0.6336234211921692,0.5579220056533813,0.6816889643669128,0.3634507656097412,0.4299415946006775
repeat1_fold1,MMdata_1200.00s_0322_232833_2ml_yumi,725.0,145,240,0.60625,1,0,0,0.9161810874938965,0.007519956212490797,0.9924800395965576,0.8023707270622253,0.6062714457511902,0.5393642783164978,0.9950059056282043,0.9904654026031494,0.9699913859367371
repeat1_fold1,MMdata_1200.00s_0322_232833_2ml_yumi,730.0,146,240,0.6104166666666667,1,1,1,0.9809842109680176,0.007050393149256706,0.9929496049880981,0.8320819735527039,0.6659080386161804,0.5792236328125,0.9997501969337463,0.9995155930519104,0.9978340864181519
repeat1_fold1,MMdata_1200.00s_0322_232833_2ml_yumi,735.0,147,240,0.6145833333333334,1,1,1,0.9026692509651184,0.004974458832293749,0.9950255751609802,0.829567551612854,0.6608120203018188,0.5758381485939026,0.9937009811401367,0.987416684627533,0.9651351571083069
repeat1_fold1,MMdata_1200.00s_0322_232833_2ml_yumi,740.0,148,240,0.61875,1,1,1,0.9832668900489807,0.008588084019720554,0.9914119243621826,0.8371424674987793,0.6760708093643188,0.5865567922592163,0.9998522996902466,0.9997180104255676,0.9986389875411987
repeat1_fold1,MMdata_1200.00s_0322_232833_2ml_yumi,745.0,149,240,0.6229166666666667,1,0,0,0.6413403153419495,0.007414585445076227,0.9925853610038757,0.8004247546195984,0.6024230718612671,0.5366873145103455,0.8246263265609741,0.6534062027931213,0.5594846606254578
repeat1_fold1,MMdata_1200.00s_0322_232833_2ml_yumi,750.0,150,240,0.6270833333333333,1,1,1,0.9598820805549622,0.006142565049231052,0.9938574433326721,0.8326368927955627,0.6671200394630432,0.5796177387237549,0.9988729357719421,0.9977633953094482,0.9919282793998718
repeat1_fold1,MMdata_1200.00s_0322_232833_2ml_yumi,755.0,151,240,0.63125,1,1,1,0.9527202844619751,0.005904930643737316,0.9940950870513916,0.8438445329666138,0.6896616220474243,0.5960153341293335,0.9984331727027893,0.9968788027763367,0.9892976880073547
repeat1_fold1,MMdata_1200.00s_0322_232833_2ml_yumi,760.0,152,240,0.6354166666666666,1,1,1,0.9848815202713013,0.008457742631435394,0.9915422201156616,0.8425513505935669,0.6870129704475403,0.5942687392234802,0.9998756647109985,0.9997631311416626,0.9988332390785217
repeat1_fold1,MMdata_1200.00s_0322_232833_2ml_yumi,765.0,153,240,0.6395833333333333,1,1,1,0.8100249767303467,0.007200861815363169,0.9927991628646851,0.7939103841781616,0.5892986059188843,0.5289523601531982,0.9295966625213623,0.8614001870155334,0.7592465281486511
repeat1_fold1,MMdata_1200.00s_0322_232833_2ml_yumi,770.0,154,240,0.64375,1,1,1,0.9810370206832886,0.0072508640587329865,0.9927491545677185,0.839391827583313,0.6808013916015625,0.5890141725540161,0.9996836185455322,0.9993840456008911,0.9973317980766296
repeat1_fold1,MMdata_1200.00s_0322_232833_2ml_yumi,775.0,155,240,0.6479166666666667,1,1,1,0.976345956325531,0.0068396758288145065,0.9931603670120239,0.8521024584770203,0.7062206268310547,0.6088655591011047,0.9995847344398499,0.9991846084594727,0.9966196417808533
repeat1_fold1,MMdata_1200.00s_0322_232833_2ml_yumi,780.0,156,240,0.6520833333333333,1,1,1,0.9718348383903503,0.007162571884691715,0.9928374886512756,0.8283565640449524,0.6584409475326538,0.5738741755485535,0.9996128678321838,0.999236524105072,0.9968336820602417
repeat1_fold1,MMdata_1200.00s_0322_232833_2ml_yumi,785.0,157,240,0.65625,1,0,0,0.877892792224884,0.008326332084834576,0.9916736483573914,0.7995687127113342,0.6007652878761292,0.535362958908081,0.9892253279685974,0.9799792766571045,0.9418071508407593
repeat1_fold1,MMdata_1200.00s_0322_232833_2ml_yumi,790.0,158,240,0.6604166666666667,1,1,1,0.9748584032058716,0.006652248557657003,0.993347704410553,0.8388481140136719,0.6797128319740295,0.5881955623626709,0.9994901418685913,0.9989927411079407,0.9959646463394165
repeat1_fold1,MMdata_1200.00s_0322_232833_2ml_yumi,795.0,159,240,0.6645833333333333,1,0,0,0.8624078035354614,0.005295330658555031,0.9947046637535095,0.831592321395874,0.6649506688117981,0.5784156322479248,0.9669682383537292,0.9339736700057983,0.8676347136497498
repeat1_fold1,MMdata_1200.00s_0322_232833_2ml_yumi,800.0,160,240,0.66875,1,0,0,0.9801685810089111,0.009157858788967133,0.9908421039581299,0.83921879529953,0.6804060339927673,0.5889489650726318,0.9995482563972473,0.9991092085838318,0.996369481086731
repeat1_fold1,MMdata_1200.00s_0322_232833_2ml_yumi,805.0,161,240,0.6729166666666667,1,1,1,0.9697855114936829,0.006506491452455521,0.9934934973716736,0.803994357585907,0.609600305557251,0.5410963296890259,0.9985629916191101,0.9972226023674011,0.9898096323013306
repeat1_fold1,MMdata_1200.00s_0322_232833_2ml_yumi,810.0,162,240,0.6770833333333334,1,1,1,0.9871764779090881,0.007857226766645908,0.9921427965164185,0.841257631778717,0.6844770908355713,0.592078685760498,0.9998632669448853,0.9997413754463196,0.9987254738807678
repeat1_fold1,MMdata_1200.00s_0322_232833_2ml_yumi,815.0,163,240,0.68125,1,1,1,0.9885622262954712,0.007718449458479881,0.9922814965248108,0.8223602771759033,0.6464065313339233,0.5655198097229004,0.9998918771743774,0.9998007416725159,0.9989598393440247
repeat1_fold1,MMdata_1200.00s_0322_232833_2ml_yumi,820.0,164,240,0.6854166666666667,1,1,1,0.987700879573822,0.008132870309054852,0.9918671250343323,0.8269444704055786,0.6556295156478882,0.5717910528182983,0.9999121427536011,0.9998352527618408,0.9991427659988403
repeat1_fold1,MMdata_1200.00s_0322_232833_2ml_yumi,825.0,165,240,0.6895833333333333,1,0,0,0.5311957597732544,0.0050829635001719,0.9949170351028442,0.8000649213790894,0.6017042398452759,0.5362268090248108,0.5508583188056946,0.10247728228569031,0.36867713928222656
repeat1_fold1,MMdata_1200.00s_0322_232833_2ml_yumi,830.0,166,240,0.69375,1,1,1,0.9948567152023315,0.00988601054996252,0.9901139736175537,0.8288165926933289,0.6594893932342529,0.5740063190460205,0.9999489784240723,0.999922513961792,0.999462902545929
repeat1_fold1,MMdata_1200.00s_0322_232833_2ml_yumi,835.0,167,240,0.6979166666666666,1,1,1,0.7468876242637634,0.005898864474147558,0.9941011071205139,0.8597100377082825,0.7214276790618896,0.6213327646255493,0.9374902248382568,0.8750627636909485,0.786597490310669
repeat1_fold1,MMdata_1200.00s_0322_232833_2ml_yumi,840.0,168,240,0.7020833333333333,1,1,1,0.9959306120872498,0.011569312773644924,0.9884307384490967,0.8236256837844849,0.6490454077720642,0.5668469667434692,0.9999655485153198,0.9999423027038574,0.9996263980865479
repeat1_fold1,MMdata_1200.00s_0322_232833_2ml_yumi,845.0,169,240,0.70625,1,1,1,0.9491884708404541,0.008875133469700813,0.9911248087882996,0.80045086145401,0.6026055812835693,0.5361520051956177,0.9940233826637268,0.9894089698791504,0.9638032913208008
repeat1_fold1,MMdata_1200.00s_0322_232833_2ml_yumi,850.0,170,240,0.7104166666666667,1,1,1,0.9908933639526367,0.008911838755011559,0.9910881519317627,0.8368349075317383,0.675646185874939,0.5853239297866821,0.9999047517776489,0.9998323917388916,0.9990625977516174
repeat1_fold1,MMdata_1200.00s_0322_232833_2ml_yumi,855.0,171,240,0.7145833333333333,1,1,1,0.9496479630470276,0.006219904404133558,0.9937800765037537,0.8411356806755066,0.6841048002243042,0.5924079418182373,0.9984003901481628,0.9968206286430359,0.9890739917755127
repeat1_fold1,MMdata_1200.00s_0322_232833_2ml_yumi,860.0,172,240,0.71875,1,1,1,0.973376452922821,0.00803445279598236,0.9919655323028564,0.8314247131347656,0.6648896932601929,0.577053427696228,0.9996500015258789,0.9993112683296204,0.9971014261245728
repeat1_fold1,MMdata_1200.00s_0322_232833_2ml_yumi,865.0,173,240,0.7229166666666667,1,1,1,0.5049029588699341,0.006624743342399597,0.9933752417564392,0.8022534847259521,0.6062308549880981,0.5383681058883667,0.5115378499031067,0.026148676872253418,0.35234659910202026
repeat1_fold1,MMdata_1200.00s_0322_232833_2ml_yumi,870.0,174,240,0.7270833333333333,1,1,1,0.9908787608146667,0.008249718695878983,0.9917502999305725,0.829908549785614,0.6616312265396118,0.5757622122764587,0.9999178647994995,0.9998512268066406,0.9991852641105652
repeat1_fold1,MMdata_1200.00s_0322_232833_2ml_yumi,875.0,175,240,0.73125,1,1,1,0.9849816560745239,0.007378756999969482,0.9926211833953857,0.8323925137519836,0.6665982007980347,0.5793941617012024,0.9998276233673096,0.9996699094772339,0.9984385371208191
repeat1_fold1,MMdata_1200.00s_0322_232833_2ml_yumi,880.0,176,240,0.7354166666666667,1,1,1,0.9955541491508484,0.011015689931809902,0.9889842867851257,0.8255527019500732,0.653036892414093,0.569013237953186,0.9999697208404541,0.9999521374702454,0.9996667504310608
repeat1_fold1,MMdata_1200.00s_0322_232833_2ml_yumi,885.0,177,240,0.7395833333333334,1,1,1,0.9485427141189575,0.007109866477549076,0.9928901195526123,0.7985395193099976,0.5986858606338501,0.5341544151306152,0.9946898221969604,0.9898799061775208,0.9683519601821899
repeat1_fold1,MMdata_1200.00s_0322_232833_2ml_yumi,890.0,178,240,0.74375,1,1,1,0.9939093589782715,0.011074165813624859,0.9889258742332458,0.8285990953445435,0.6593502759933472,0.5724972486495972,0.9999074935913086,0.999856173992157,0.9990757703781128
repeat1_fold1,MMdata_1200.00s_0322_232833_2ml_yumi,895.0,179,240,0.7479166666666667,1,1,1,0.9770315289497375,0.007019332144409418,0.9929805994033813,0.8430024981498718,0.6880072355270386,0.5945968627929688,0.9995940327644348,0.9992048144340515,0.9966813921928406
repeat1_fold1,MMdata_1200.00s_0322_232833_2ml_yumi,900.0,180,240,0.7520833333333333,1,1,1,0.9806637763977051,0.007195321377366781,0.9928047060966492,0.8220142722129822,0.645663857460022,0.5652493238449097,0.9998076558113098,0.9996240139007568,0.9982947111129761
repeat1_fold1,MMdata_1200.00s_0322_232833_2ml_yumi,905.0,181,240,0.75625,1,1,1,0.986844003200531,0.009354081936180592,0.9906458854675293,0.8125283718109131,0.6268203854560852,0.5516883730888367,0.9993374943733215,0.9989974498748779,0.9945652484893799
repeat1_fold1,MMdata_1200.00s_0322_232833_2ml_yumi,910.0,182,240,0.7604166666666666,1,1,1,0.9952255487442017,0.010749498382210732,0.9892505407333374,0.8298590779304504,0.6616191864013672,0.5753335952758789,0.9999547004699707,0.9999282360076904,0.9995185136795044
repeat1_fold1,MMdata_1200.00s_0322_232833_2ml_yumi,915.0,183,240,0.7645833333333333,1,1,1,0.9714156985282898,0.006599674001336098,0.9934003353118896,0.8361353278160095,0.6740995645523071,0.5848733186721802,0.9994751811027527,0.9989640116691589,0.9958562254905701
repeat1_fold1,MMdata_1200.00s_0322_232833_2ml_yumi,920.0,184,240,0.76875,1,1,1,0.8063312768936157,0.005383314099162817,0.994616687297821,0.8075681924819946,0.6166954636573792,0.5459810495376587,0.9753870964050293,0.9507964849472046,0.8947178721427917
repeat1_fold1,MMdata_1200.00s_0322_232833_2ml_yumi,925.0,185,240,0.7729166666666667,1,1,1,0.9623978734016418,0.008115454576909542,0.9918845891952515,0.8126668334007263,0.6272228360176086,0.5513463020324707,0.9966451525688171,0.9938505291938782,0.9781764149665833
repeat1_fold1,MMdata_1200.00s_0322_232833_2ml_yumi,930.0,186,240,0.7770833333333333,1,1,1,0.9922043085098267,0.00860386248677969,0.9913961291313171,0.8386664986610413,0.679402232170105,0.5877121686935425,0.9999195337295532,0.9998568892478943,0.999197781085968
repeat1_fold1,MMdata_1200.00s_0322_232833_2ml_yumi,935.0,187,240,0.78125,1,1,1,0.9594443440437317,0.006522372364997864,0.9934775829315186,0.8322126865386963,0.6661269068717957,0.5795919299125671,0.9990037083625793,0.9980303645133972,0.9927265644073486
repeat1_fold1,MMdata_1200.00s_0322_232833_2ml_yumi,940.0,188,240,0.7854166666666667,1,1,1,0.9976426959037781,0.01978205144405365,0.9802179336547852,0.8191969394683838,0.6403257250785828,0.5600820779800415,0.9998127818107605,0.9996282458305359,0.9983536005020142
repeat1_fold1,MMdata_1200.00s_0322_232833_2ml_yumi,945.0,189,240,0.7895833333333333,1,1,1,0.9898640513420105,0.008517744019627571,0.9914822578430176,0.8049044609069824,0.6114545464515686,0.5421270132064819,0.9996470212936401,0.9994539022445679,0.9969037771224976
repeat1_fold1,MMdata_1200.00s_0322_232833_2ml_yumi,950.0,190,240,0.79375,1,1,1,0.9947389960289001,0.010911242105066776,0.9890887141227722,0.8408907055854797,0.6839429140090942,0.5907306671142578,0.9999545812606812,0.9999314546585083,0.9995170831680298
repeat1_fold1,MMdata_1200.00s_0322_232833_2ml_yumi,955.0,191,240,0.7979166666666667,1,1,1,0.9913472533226013,0.008749796077609062,0.9912502765655518,0.8350542187690735,0.6719896793365479,0.5830489993095398,0.9999297857284546,0.9998781085014343,0.9992882609367371
repeat1_fold1,MMdata_1200.00s_0322_232833_2ml_yumi,960.0,192,240,0.8020833333333334,1,1,1,0.9897127151489258,0.009379697032272816,0.9906202554702759,0.8334336280822754,0.6687646508216858,0.5805827379226685,0.9999361038208008,0.999882161617279,0.9993545413017273
repeat1_fold1,MMdata_1200.00s_0322_232833_2ml_yumi,965.0,193,240,0.80625,1,1,1,0.9775845408439636,0.008299562148749828,0.9917004704475403,0.7994905114173889,0.6006004810333252,0.5353001356124878,0.9984925985336304,0.9975011944770813,0.9888326525688171
repeat1_fold1,MMdata_1200.00s_0322_232833_2ml_yumi,970.0,194,240,0.8104166666666667,1,1,1,0.9810357093811035,0.007403245661407709,0.9925967454910278,0.8430468440055847,0.688287615776062,0.5939149856567383,0.9996669292449951,0.9993536472320557,0.9972005486488342
repeat1_fold1,MMdata_1200.00s_0322_232833_2ml_yumi,975.0,195,240,0.8145833333333333,1,1,1,0.9891452193260193,0.008387025445699692,0.9916129112243652,0.832660973072052,0.6671412587165833,0.5797635912895203,0.9999045133590698,0.9998278021812439,0.9990657567977905
repeat1_fold1,MMdata_1200.00s_0322_232833_2ml_yumi,980.0,196,240,0.81875,1,1,1,0.9858810901641846,0.007593135349452496,0.9924069046974182,0.818198561668396,0.6382249593734741,0.5591347217559814,0.9998739957809448,0.9997549057006836,0.9988313913345337
repeat1_fold1,MMdata_1200.00s_0322_232833_2ml_yumi,985.0,197,240,0.8229166666666666,1,1,1,0.9914280772209167,0.01062733307480812,0.9893726706504822,0.8011173009872437,0.6038615703582764,0.5373351573944092,0.999458372592926,0.9990377426147461,0.9955371618270874
repeat1_fold1,MMdata_1200.00s_0322_232833_2ml_yumi,990.0,198,240,0.8270833333333333,1,1,1,0.9742878675460815,0.008492555469274521,0.9915074110031128,0.8653143048286438,0.7334465980529785,0.6278188228607178,0.9994077682495117,0.9988436698913574,0.9953520894050598
repeat1_fold1,MMdata_1200.00s_0322_232833_2ml_yumi,995.0,199,240,0.83125,1,1,1,0.9904575347900391,0.008442288264632225,0.9915577173233032,0.8355048894882202,0.6729032397270203,0.5836701393127441,0.9999147653579712,0.9998499751091003,0.999152660369873
repeat1_fold1,MMdata_1200.00s_0322_232833_2ml_yumi,1000.0,200,240,0.8354166666666667,1,1,1,0.9931972026824951,0.009828333742916584,0.9901717305183411,0.8326334357261658,0.6672606468200684,0.5790139436721802,0.9999591112136841,0.9999303221702576,0.9995642900466919
repeat1_fold1,MMdata_1200.00s_0322_232833_2ml_yumi,1005.0,201,240,0.8395833333333333,1,1,1,0.9689821004867554,0.008228312246501446,0.9917716383934021,0.8005614876747131,0.6027500033378601,0.5366266965866089,0.997584342956543,0.995811402797699,0.9832804203033447
repeat1_fold1,MMdata_1200.00s_0322_232833_2ml_yumi,1010.0,202,240,0.84375,1,1,1,0.9868152141571045,0.008879827335476875,0.9911201596260071,0.8472153544425964,0.6967352628707886,0.5999847650527954,0.999810516834259,0.9996520280838013,0.9982726573944092
repeat1_fold1,MMdata_1200.00s_0322_232833_2ml_yumi,1015.0,203,240,0.8479166666666667,1,1,1,0.9715126752853394,0.006660877726972103,0.9933391213417053,0.8357418179512024,0.6732684969902039,0.5844665169715881,0.999472439289093,0.9989643692970276,0.9958196878433228
repeat1_fold1,MMdata_1200.00s_0322_232833_2ml_yumi,1020.0,204,240,0.8520833333333333,1,1,1,0.9977368116378784,0.016884081065654755,0.9831159710884094,0.8101711273193359,0.622145414352417,0.548370361328125,0.9998893737792969,0.9997820854187012,0.9989686012268066
repeat1_fold1,MMdata_1200.00s_0322_232833_2ml_yumi,1025.0,205,240,0.85625,1,1,1,0.944613516330719,0.007955347187817097,0.9920446872711182,0.7977233529090881,0.597021758556366,0.5332667827606201,0.9930625557899475,0.9873676896095276,0.959349513053894
repeat1_fold1,MMdata_1200.00s_0322_232833_2ml_yumi,1030.0,206,240,0.8604166666666667,1,1,1,0.9958109855651855,0.011249932460486889,0.9887500405311584,0.8249741792678833,0.6517731547355652,0.5686291456222534,0.9999512434005737,0.9999174475669861,0.999487578868866
repeat1_fold1,MMdata_1200.00s_0322_232833_2ml_yumi,1035.0,207,240,0.8645833333333334,1,1,1,0.9652255177497864,0.006545059848576784,0.9934548735618591,0.8479353189468384,0.6977894306182861,0.6026161909103394,0.999221920967102,0.9984645247459412,0.9941350221633911
repeat1_fold1,MMdata_1200.00s_0322_232833_2ml_yumi,1040.0,208,240,0.86875,1,1,1,0.9949948787689209,0.010137606412172318,0.9898624420166016,0.8254895806312561,0.652888298034668,0.5690152049064636,0.9999710321426392,0.9999539256095886,0.9996799826622009
repeat1_fold1,MMdata_1200.00s_0322_232833_2ml_yumi,1045.0,209,240,0.8729166666666667,1,1,1,0.993557870388031,0.016400761902332306,0.9835991859436035,0.8074323534965515,0.6165446043014526,0.5452783107757568,0.9990611672401428,0.9981496334075928,0.9930761456489563
repeat1_fold1,MMdata_1200.00s_0322_232833_2ml_yumi,1050.0,210,240,0.8770833333333333,1,1,1,0.9944241642951965,0.009648940525949001,0.9903510212898254,0.8246793746948242,0.6512583494186401,0.5679020881652832,0.9999514818191528,0.9999232292175293,0.9994866847991943
repeat1_fold1,MMdata_1200.00s_0322_232833_2ml_yumi,1055.0,211,240,0.88125,1,1,1,0.9845074415206909,0.007778317201882601,0.9922216534614563,0.8615360856056213,0.7251749038696289,0.6240193843841553,0.9998043179512024,0.9996314644813538,0.9982364177703857
repeat1_fold1,MMdata_1200.00s_0322_232833_2ml_yumi,1060.0,212,240,0.8854166666666666,1,1,1,0.9953246116638184,0.010052216239273548,0.9899477958679199,0.8331187963485718,0.6681976914405823,0.5798645615577698,0.9999688863754272,0.9999508261680603,0.9996588230133057
repeat1_fold1,MMdata_1200.00s_0322_232833_2ml_yumi,1065.0,213,240,0.8895833333333333,1,1,1,0.993525505065918,0.016021989285945892,0.9839779734611511,0.8176068663597107,0.637018084526062,0.5584181547164917,0.9990243911743164,0.9980812072753906,0.9928269386291504
repeat1_fold1,MMdata_1200.00s_0322_232833_2ml_yumi,1070.0,214,240,0.89375,1,1,1,0.99741530418396,0.018316781148314476,0.9816832542419434,0.8256705403327942,0.6531611084938049,0.569640040397644,0.9997798800468445,0.9995633363723755,0.9980958700180054
repeat1_fold1,MMdata_1200.00s_0322_232833_2ml_yumi,1075.0,215,240,0.8979166666666667,1,1,1,0.9929024577140808,0.010594612918794155,0.9894053339958191,0.8637029528617859,0.7293423414230347,0.6283091902732849,0.999936580657959,0.9999027252197266,0.999344527721405
repeat1_fold1,MMdata_1200.00s_0322_232833_2ml_yumi,1080.0,216,240,0.9020833333333333,1,1,1,0.9944122433662415,0.010223336517810822,0.9897767305374146,0.8317075967788696,0.6654236316680908,0.5775955319404602,0.9999698400497437,0.999950647354126,0.999669075012207
repeat1_fold1,MMdata_1200.00s_0322_232833_2ml_yumi,1085.0,217,240,0.90625,1,1,1,0.9838762879371643,0.008750001899898052,0.9912500381469727,0.8041034936904907,0.6098152995109558,0.5412521362304688,0.9990455508232117,0.9985500574111938,0.99248868227005
repeat1_fold1,MMdata_1200.00s_0322_232833_2ml_yumi,1090.0,218,240,0.9104166666666667,1,1,1,0.9954484105110168,0.0108638359233737,0.9891362190246582,0.8243274092674255,0.6504010558128357,0.5680391788482666,0.9999545812606812,0.99992436170578,0.999518632888794
repeat1_fold1,MMdata_1200.00s_0322_232833_2ml_yumi,1095.0,219,240,0.9145833333333333,1,1,1,0.7011197805404663,0.0051776692271232605,0.9948223829269409,0.8419906497001648,0.6860920786857605,0.5926132798194885,0.9064964056015015,0.8130459785461426,0.7168971300125122
repeat1_fold1,MMdata_1200.00s_0322_232833_2ml_yumi,1100.0,220,240,0.91875,1,1,1,0.9949272871017456,0.009781385771930218,0.9902185797691345,0.8103717565536499,0.6223930716514587,0.549293041229248,0.9999730587005615,0.9999570250511169,0.999700665473938
repeat1_fold1,MMdata_1200.00s_0322_232833_2ml_yumi,1105.0,221,240,0.9229166666666667,1,1,1,0.9956035614013672,0.014264718629419804,0.9857352375984192,0.8029607534408569,0.6075633764266968,0.5396316051483154,0.9995794892311096,0.9991781711578369,0.9965706467628479
repeat1_fold1,MMdata_1200.00s_0322_232833_2ml_yumi,1110.0,222,240,0.9270833333333334,1,1,1,0.9930055737495422,0.00962485745549202,0.9903751015663147,0.8255289793014526,0.6529935002326965,0.5689632892608643,0.9999382495880127,0.9998985528945923,0.9993625283241272
repeat1_fold1,MMdata_1200.00s_0322_232833_2ml_yumi,1115.0,223,240,0.93125,1,1,1,0.9930300116539001,0.010328494012355804,0.9896714687347412,0.8490760922431946,0.699905514717102,0.6050812005996704,0.9999432563781738,0.9999132752418518,0.9994076490402222
repeat1_fold1,MMdata_1200.00s_0322_232833_2ml_yumi,1120.0,224,240,0.9354166666666667,1,1,1,0.9921042919158936,0.009311718866229057,0.9906882047653198,0.8256993293762207,0.6530729532241821,0.5702900886535645,0.9999600648880005,0.9999302625656128,0.999575138092041
repeat1_fold1,MMdata_1200.00s_0322_232833_2ml_yumi,1125.0,225,240,0.9395833333333333,1,1,1,0.9942968487739563,0.014309663325548172,0.9856902956962585,0.81166672706604,0.6250436305999756,0.5507603883743286,0.9993240833282471,0.9986804127693176,0.9947759509086609
repeat1_fold1,MMdata_1200.00s_0322_232833_2ml_yumi,1130.0,226,240,0.94375,1,1,1,0.9953221678733826,0.011342925019562244,0.9886570572853088,0.8271910548210144,0.6561733484268188,0.5719335079193115,0.9999595880508423,0.9999333024024963,0.9995675086975098
repeat1_fold1,MMdata_1200.00s_0322_232833_2ml_yumi,1135.0,227,240,0.9479166666666666,1,1,1,0.9765957593917847,0.007355491630733013,0.9926444292068481,0.8419062495231628,0.6857446432113647,0.59319007396698,0.9996465444564819,0.9993104338645935,0.9970583319664001
repeat1_fold1,MMdata_1200.00s_0322_232833_2ml_yumi,1140.0,228,240,0.9520833333333333,1,1,1,0.9973288774490356,0.013800399377942085,0.9861996173858643,0.8210893869400024,0.6440564393997192,0.5629382133483887,0.9999639987945557,0.999932587146759,0.9996200203895569
repeat1_fold1,MMdata_1200.00s_0322_232833_2ml_yumi,1145.0,229,240,0.95625,1,1,1,0.9941076040267944,0.013933838345110416,0.9860661625862122,0.8050808310508728,0.611851155757904,0.5421662330627441,0.9993020296096802,0.9986392259597778,0.9946206212043762
repeat1_fold1,MMdata_1200.00s_0322_232833_2ml_yumi,1150.0,230,240,0.9604166666666667,1,1,1,0.995270311832428,0.010560349561274052,0.9894396662712097,0.8139683604240417,0.6295934319496155,0.554084300994873,0.9999598264694214,0.9999350309371948,0.999569296836853
repeat1_fold1,MMdata_1200.00s_0322_232833_2ml_yumi,1155.0,231,240,0.9645833333333333,1,1,1,0.8956384658813477,0.007064600940793753,0.9929353594779968,0.8752194046974182,0.7529993057250977,0.6460734605789185,0.9925894737243652,0.9852240085601807,0.959945023059845
repeat1_fold1,MMdata_1200.00s_0322_232833_2ml_yumi,1160.0,232,240,0.96875,1,1,1,0.9976596832275391,0.019238555803894997,0.9807614684104919,0.8203461766242981,0.6424736976623535,0.5623030662536621,0.9998421669006348,0.9996868968009949,0.9985869526863098
repeat1_fold1,MMdata_1200.00s_0322_232833_2ml_yumi,1165.0,233,240,0.9729166666666667,1,0,0,0.9924399852752686,0.0077357543632388115,0.9922642707824707,0.8060397505760193,0.6135063767433167,0.5445657968521118,0.9999384880065918,0.9998895525932312,0.9993724226951599
repeat1_fold1,MMdata_1200.00s_0322_232833_2ml_yumi,1170.0,234,240,0.9770833333333333,1,1,1,0.9972745776176453,0.019881824031472206,0.9801181554794312,0.8209879994392395,0.6436375379562378,0.5637025833129883,0.9996663331985474,0.9993355870246887,0.9972498416900635
repeat1_fold1,MMdata_1200.00s_0322_232833_2ml_yumi,1175.0,235,240,0.98125,1,0,0,0.9875154495239258,0.010264081880450249,0.9897359609603882,0.852812647819519,0.7077137231826782,0.6097265481948853,0.9998799562454224,0.9997807145118713,0.9988535046577454
repeat1_fold1,MMdata_1200.00s_0322_232833_2ml_yumi,1180.0,236,240,0.9854166666666667,1,1,1,0.9974589943885803,0.013692878186702728,0.9863070845603943,0.8129565715789795,0.6276810765266418,0.5522456765174866,0.9999592304229736,0.9999233484268188,0.9995747804641724
repeat1_fold1,MMdata_1200.00s_0322_232833_2ml_yumi,1185.0,237,240,0.9895833333333334,1,1,1,0.9469988942146301,0.006333319470286369,0.9936667084693909,0.8257167339324951,0.6531848907470703,0.5699910521507263,0.9979117512702942,0.9958666563034058,0.9861793518066406
repeat1_fold1,MMdata_1200.00s_0322_232833_2ml_yumi,1190.0,238,240,0.99375,1,1,1,0.9961291551589966,0.012240457348525524,0.987759530544281,0.8260040283203125,0.6537100076675415,0.570608377456665,0.9999538660049438,0.9999172687530518,0.999517023563385
repeat1_fold1,MMdata_1200.00s_0322_232833_2ml_yumi,1195.0,239,240,0.9979166666666667,1,1,1,0.9941744208335876,0.013679450377821922,0.9863205552101135,0.8876528739929199,0.7779316306114197,0.6688070297241211,0.9999351501464844,0.9998908638954163,0.999334990978241
repeat1_fold1,MMdata_1973.40s_0320_224508_no_secretion,0.0,0,394,0.0012690355329949238,0,0,1,0.9973311424255371,0.021327096968889236,0.9786729216575623,0.7669864892959595,0.535642683506012,0.4968183636665344,0.9999498128890991,0.9999017119407654,0.9994942545890808
repeat1_fold1,MMdata_1973.40s_0320_224508_no_secretion,5.0,1,394,0.0038071065989847717,0,0,1,0.9972472786903381,0.01612560823559761,0.9838744401931763,0.7970718145370483,0.5959094762802124,0.5316176414489746,0.9999552965164185,0.9999127388000488,0.9995443820953369
repeat1_fold1,MMdata_1973.40s_0320_224508_no_secretion,10.0,2,394,0.006345177664974619,0,0,1,0.9973013997077942,0.020066512748599052,0.979933500289917,0.8035444021224976,0.6088329553604126,0.5399417877197266,0.9999558925628662,0.9999136328697205,0.999549150466919
repeat1_fold1,MMdata_1973.40s_0320_224508_no_secretion,15.0,3,394,0.008883248730964468,0,0,1,0.9974693059921265,0.020551878958940506,0.979448139667511,0.8016570210456848,0.6054843068122864,0.5357287526130676,0.9999566078186035,0.9999151825904846,0.9995574951171875
repeat1_fold1,MMdata_1973.40s_0320_224508_no_secretion,20.0,4,394,0.011421319796954314,0,0,1,0.9972894191741943,0.02139674313366413,0.9786033034324646,0.7723255157470703,0.5463070869445801,0.5027775764465332,0.9999469518661499,0.9998958706855774,0.9994688630104065
repeat1_fold1,MMdata_1973.40s_0320_224508_no_secretion,25.0,5,394,0.013959390862944163,0,0,1,0.9973621964454651,0.017930883914232254,0.982069194316864,0.7796165943145752,0.5607565641403198,0.5116666555404663,0.9999526739120483,0.9999071955680847,0.9995211958885193
repeat1_fold1,MMdata_1973.40s_0320_224508_no_secretion,30.0,6,394,0.01649746192893401,0,0,1,0.9973289966583252,0.01972143165767193,0.9802785515785217,0.7747439742088318,0.5509728193283081,0.5062707662582397,0.9999579191207886,0.9999178647994995,0.99956876039505
repeat1_fold1,MMdata_1973.40s_0320_224508_no_secretion,35.0,7,394,0.01903553299492386,0,0,1,0.9975428581237793,0.01974537782371044,0.980254590511322,0.7894198894500732,0.5807601809501648,0.521526575088501,0.9999608993530273,0.9999237656593323,0.999596357345581
repeat1_fold1,MMdata_1973.40s_0320_224508_no_secretion,40.0,8,394,0.021573604060913704,0,0,1,0.9973329305648804,0.021909309551119804,0.978090763092041,0.7540357112884521,0.5095788240432739,0.4838573932647705,0.9999486207962036,0.99989914894104,0.9994837641716003
repeat1_fold1,MMdata_1973.40s_0320_224508_no_secretion,45.0,9,394,0.024111675126903553,0,0,1,0.9971808195114136,0.01926041580736637,0.9807395935058594,0.7778038382530212,0.557178258895874,0.5093659162521362,0.9999415874481201,0.9998849630355835,0.9994217753410339
repeat1_fold1,MMdata_1973.40s_0320_224508_no_secretion,50.0,10,394,0.0266497461928934,0,0,1,0.9972525238990784,0.020492248237133026,0.9795077443122864,0.7881527543067932,0.5779815912246704,0.5210552215576172,0.9999537467956543,0.9999094009399414,0.9995304346084595
repeat1_fold1,MMdata_1973.40s_0320_224508_no_secretion,55.0,11,394,0.02918781725888325,0,0,1,0.9976094961166382,0.01853821612894535,0.9814618229866028,0.8090355396270752,0.6200502514839172,0.5461263656616211,0.9999656677246094,0.9999333620071411,0.9996398687362671
repeat1_fold1,MMdata_1973.40s_0320_224508_no_secretion,60.0,12,394,0.031725888324873094,0,0,1,0.9972104430198669,0.02171356976032257,0.9782865047454834,0.7735210061073303,0.5486912727355957,0.5041489005088806,0.9999444484710693,0.999890923500061,0.999446451663971
repeat1_fold1,MMdata_1973.40s_0320_224508_no_secretion,65.0,13,394,0.03426395939086294,0,0,1,0.9971923232078552,0.018760530278086662,0.9812394380569458,0.7741104364395142,0.5496433973312378,0.5058414936065674,0.999946117401123,0.9998939633369446,0.99946129322052
repeat1_fold1,MMdata_1973.40s_0320_224508_no_secretion,70.0,14,394,0.03680203045685279,0,0,1,0.9973168969154358,0.021932920441031456,0.9780670404434204,0.7899191975593567,0.581801176071167,0.5219520330429077,0.9999568462371826,0.999915599822998,0.9995584487915039
repeat1_fold1,MMdata_1973.40s_0320_224508_no_secretion,75.0,15,394,0.03934010152284264,0,0,1,0.9975752234458923,0.019052673131227493,0.9809473156929016,0.7909342050552368,0.5836926698684692,0.5237791538238525,0.9999637603759766,0.9999295473098755,0.9996229410171509
repeat1_fold1,MMdata_1973.40s_0320_224508_no_secretion,80.0,16,394,0.04187817258883249,0,0,1,0.9972397089004517,0.02202845923602581,0.977971613407135,0.7663580179214478,0.5343512892723083,0.4962889552116394,0.9999446868896484,0.9998912215232849,0.9994477033615112
repeat1_fold1,MMdata_1973.40s_0320_224508_no_secretion,85.0,17,394,0.044416243654822336,0,0,1,0.9974219799041748,0.017758218571543694,0.9822417497634888,0.7661861181259155,0.5337392091751099,0.49733346700668335,0.9999587535858154,0.9999194145202637,0.9995757341384888
repeat1_fold1,MMdata_1973.40s_0320_224508_no_secretion,90.0,18,394,0.046954314720812185,0,0,1,0.9973646998405457,0.020496511831879616,0.9795035123825073,0.7745785713195801,0.5508197546005249,0.5052815079689026,0.9999599456787109,0.9999218583106995,0.9995868802070618
repeat1_fold1,MMdata_1973.40s_0320_224508_no_secretion,95.0,19,394,0.04949238578680203,0,0,1,0.9976288676261902,0.01805199682712555,0.9819480180740356,0.7908758521080017,0.5834843516349792,0.5241044759750366,0.9999686479568481,0.999939501285553,0.9996685981750488
repeat1_fold1,MMdata_1973.40s_0320_224508_no_secretion,100.0,20,394,0.05203045685279188,0,0,1,0.9972386360168457,0.022848188877105713,0.9771518111228943,0.7580658793449402,0.5176571607589722,0.48794686794281006,0.9999426603317261,0.9998870491981506,0.9994298219680786
repeat1_fold1,MMdata_1973.40s_0320_224508_no_secretion,105.0,21,394,0.05456852791878172,0,0,1,0.99735426902771,0.017698515206575394,0.9823014736175537,0.765110433101654,0.5315552353858948,0.49632173776626587,0.9999570846557617,0.9999162554740906,0.9995615482330322
repeat1_fold1,MMdata_1973.40s_0320_224508_no_secretion,110.0,22,394,0.05710659898477157,0,0,1,0.9973457455635071,0.02017928473651409,0.979820728302002,0.7784153819084167,0.558478832244873,0.5097219944000244,0.99996018409729,0.9999223947525024,0.9995893836021423
repeat1_fold1,MMdata_1973.40s_0320_224508_no_secretion,115.0,23,394,0.05964467005076142,0,0,1,0.9975461363792419,0.01968824677169323,0.9803117513656616,0.799736738204956,0.6015356183052063,0.5337252616882324,0.9999641180038452,0.999930202960968,0.9996253848075867
repeat1_fold1,MMdata_1973.40s_0320_224508_no_secretion,120.0,24,394,0.06218274111675127,0,0,1,0.9971321821212769,0.022626500576734543,0.977373480796814,0.7602217793464661,0.521989643573761,0.49011707305908203,0.9999392032623291,0.9998803734779358,0.9994004368782043
repeat1_fold1,MMdata_1973.40s_0320_224508_no_secretion,125.0,25,394,0.06472081218274112,0,0,1,0.9974420070648193,0.018549108877778053,0.9814509153366089,0.7738685607910156,0.5495136380195618,0.5039752721786499,0.9999598264694214,0.9999217391014099,0.9995869994163513
repeat1_fold1,MMdata_1973.40s_0320_224508_no_secretion,130.0,26,394,0.06725888324873096,0,0,1,0.9973468780517578,0.022057095542550087,0.9779428839683533,0.7852108478546143,0.5727044343948364,0.5149543881416321,0.9999598264694214,0.9999217391014099,0.9995865821838379
repeat1_fold1,MMdata_1973.40s_0320_224508_no_secretion,135.0,27,394,0.06979695431472081,0,0,1,0.9975379705429077,0.020481253042817116,0.979518711566925,0.8096608519554138,0.6215451955795288,0.5459554195404053,0.9999618530273438,0.9999256730079651,0.9996049404144287
repeat1_fold1,MMdata_1973.40s_0320_224508_no_secretion,140.0,28,394,0.07233502538071065,0,0,1,0.9971330165863037,0.0238560289144516,0.9761438965797424,0.762256383895874,0.5261995792388916,0.4916382431983948,0.9999361038208008,0.9998741745948792,0.9993732571601868
repeat1_fold1,MMdata_1973.40s_0320_224508_no_secretion,145.0,29,394,0.07487309644670051,0,0,1,0.9973817467689514,0.01916382648050785,0.9808361530303955,0.7699739336967468,0.5416293740272522,0.5000476837158203,0.9999581575393677,0.9999183416366577,0.9995712041854858
repeat1_fold1,MMdata_1973.40s_0320_224508_no_secretion,150.0,30,394,0.07741116751269035,0,0,1,0.9972963929176331,0.022669270634651184,0.9773308038711548,0.7875202298164368,0.5774261951446533,0.5172940492630005,0.9999544620513916,0.9999107718467712,0.9995371103286743
repeat1_fold1,MMdata_1973.40s_0320_224508_no_secretion,155.0,31,394,0.0799492385786802,0,0,1,0.9976106882095337,0.019849883392453194,0.9801501035690308,0.787641704082489,0.5771141052246094,0.5197674036026001,0.9999656677246094,0.9999334812164307,0.9996406435966492
repeat1_fold1,MMdata_1973.40s_0320_224508_no_secretion,160.0,32,394,0.08248730964467005,0,0,1,0.9972630739212036,0.022650007158517838,0.9773500561714172,0.7546921968460083,0.5108498334884644,0.48472630977630615,0.9999439716339111,0.9998898506164551,0.9994425773620605
repeat1_fold1,MMdata_1973.40s_0320_224508_no_secretion,165.0,33,394,0.0850253807106599,0,0,1,0.9972532391548157,0.019661795347929,0.9803382158279419,0.7697953581809998,0.5412421226501465,0.4999851584434509,0.9999514818191528,0.9999049305915833,0.9995104074478149
repeat1_fold1,MMdata_1973.40s_0320_224508_no_secretion,170.0,34,394,0.08756345177664974,0,0,1,0.9973177313804626,0.020231110975146294,0.9797689318656921,0.7951371669769287,0.5923115015029907,0.528049886226654,0.9999566078186035,0.9999151825904846,0.9995567202568054
repeat1_fold1,MMdata_1973.40s_0320_224508_no_secretion,175.0,35,394,0.0901015228426396,0,0,1,0.9976282715797424,0.01837490312755108,0.9816251397132874,0.803880512714386,0.6096190214157104,0.5398908853530884,0.9999688863754272,0.999940037727356,0.9996710419654846
repeat1_fold1,MMdata_1973.40s_0320_224508_no_secretion,180.0,36,394,0.09263959390862944,0,0,1,0.9972710013389587,0.022346256300807,0.9776536822319031,0.751573920249939,0.5045367479324341,0.48190248012542725,0.9999451637268066,0.9998921751976013,0.9994531273841858
repeat1_fold1,MMdata_1973.40s_0320_224508_no_secretion,185.0,37,394,0.09517766497461928,0,0,1,0.9971274733543396,0.019772538915276527,0.9802274107933044,0.7780483961105347,0.5577379465103149,0.5093306303024292,0.9999457597732544,0.999893307685852,0.9994578957557678
repeat1_fold1,MMdata_1973.40s_0320_224508_no_secretion,190.0,38,394,0.09771573604060914,0,0,1,0.997348427772522,0.02037295699119568,0.9796270132064819,0.8008648157119751,0.6041502356529236,0.5337009429931641,0.9999586343765259,0.9999192357063293,0.999575138092041
repeat1_fold1,MMdata_1973.40s_0320_224508_no_secretion,195.0,39,394,0.10025380710659898,0,0,1,0.9976704716682434,0.01798047497868538,0.9820194840431213,0.7888590693473816,0.5794342756271362,0.5217306613922119,0.999970555305481,0.9999433755874634,0.999686062335968
repeat1_fold1,MMdata_1973.40s_0320_224508_no_secretion,200.0,40,394,0.10279187817258884,0,0,1,0.9972136616706848,0.023146672174334526,0.9768533706665039,0.7513391971588135,0.5041058659553528,0.4814833998680115,0.999940037727356,0.9998819231987,0.999407947063446
repeat1_fold1,MMdata_1973.40s_0320_224508_no_secretion,205.0,41,394,0.10532994923857868,0,0,1,0.9975505471229553,0.017938943579792976,0.9820610284805298,0.7632966637611389,0.5284444093704224,0.4920194149017334,0.9999697208404541,0.9999418258666992,0.9996781945228577
repeat1_fold1,MMdata_1973.40s_0320_224508_no_secretion,210.0,42,394,0.10786802030456853,0,0,1,0.9973664879798889,0.020095666870474815,0.979904294013977,0.7961942553520203,0.5946727395057678,0.5283471941947937,0.9999620914459229,0.9999261498451233,0.9996063709259033
repeat1_fold1,MMdata_1973.40s_0320_224508_no_secretion,215.0,43,394,0.11040609137055837,0,0,1,0.9976682066917419,0.01903289183974266,0.980967104434967,0.7952852249145508,0.5924862027168274,0.5287454128265381,0.9999701976776123,0.9999427795410156,0.9996833205223083
repeat1_fold1,MMdata_1973.40s_0320_224508_no_secretion,220.0,44,394,0.11294416243654823,0,0,1,0.9971390962600708,0.023054663091897964,0.9769454002380371,0.763439953327179,0.5284162163734436,0.4935868978500366,0.9999359846115112,0.9998737573623657,0.9993718862533569
repeat1_fold1,MMdata_1973.40s_0320_224508_no_secretion,225.0,45,394,0.11548223350253807,0,0,1,0.9974074959754944,0.0168011412024498,0.9831988215446472,0.7819517850875854,0.5657486915588379,0.5129590034484863,0.999969482421875,0.9999414682388306,0.9996753334999084
repeat1_fold1,MMdata_1973.40s_0320_224508_no_secretion,230.0,46,394,0.11802030456852793,0,0,1,0.9974327683448792,0.0189218670129776,0.9810780882835388,0.789566159248352,0.5809370279312134,0.5222007632255554,0.999963641166687,0.9999294877052307,0.9996220469474792
repeat1_fold1,MMdata_1973.40s_0320_224508_no_secretion,235.0,47,394,0.12055837563451777,0,0,1,0.9976968169212341,0.01806679368019104,0.9819331765174866,0.7824543714523315,0.5664858818054199,0.5147281289100647,0.9999723434448242,0.9999470710754395,0.9997033476829529
repeat1_fold1,MMdata_1973.40s_0320_224508_no_secretion,240.0,48,394,0.12309644670050761,0,0,1,0.9971997737884521,0.022571351379156113,0.9774286150932312,0.7600290775299072,0.5214897394180298,0.49044233560562134,0.9999375343322754,0.999876856803894,0.9993861317634583
repeat1_fold1,MMdata_1973.40s_0320_224508_no_secretion,245.0,49,394,0.12563451776649745,0,0,1,0.9974523186683655,0.018125265836715698,0.9818747639656067,0.7678719758987427,0.5374839305877686,0.4974725842475891,0.9999667406082153,0.9999356865882874,0.9996496438980103
repeat1_fold1,MMdata_1973.40s_0320_224508_no_secretion,250.0,50,394,0.1281725888324873,0,0,1,0.9974181652069092,0.0183821190148592,0.9816178679466248,0.7889045476913452,0.5794784426689148,0.5219907760620117,0.9999630451202393,0.9999282360076904,0.9996159076690674
repeat1_fold1,MMdata_1973.40s_0320_224508_no_secretion,255.0,51,394,0.13071065989847716,0,0,1,0.9976782202720642,0.018076442182064056,0.981923520565033,0.7859475016593933,0.5735034942626953,0.5187146663665771,0.9999713897705078,0.9999450445175171,0.9996938109397888
repeat1_fold1,MMdata_1973.40s_0320_224508_no_secretion,260.0,52,394,0.13324873096446702,0,0,1,0.997229278087616,0.022586697712540627,0.9774133563041687,0.7609812021255493,0.5234083533287048,0.4913827180862427,0.9999409914016724,0.999883770942688,0.9994158148765564
repeat1_fold1,MMdata_1973.40s_0320_224508_no_secretion,265.0,53,394,0.13578680203045684,0,0,1,0.9971697926521301,0.02212080918252468,0.9778792262077332,0.7506303787231445,0.5029008984565735,0.47978323698043823,0.9999454021453857,0.9998926520347595,0.9994558691978455
repeat1_fold1,MMdata_1973.40s_0320_224508_no_secretion,270.0,54,394,0.1383248730964467,0,0,1,0.9974218606948853,0.018466880545020103,0.9815331101417542,0.7951523065567017,0.5921269059181213,0.5289793014526367,0.9999619722366333,0.9999260306358337,0.9996061325073242
repeat1_fold1,MMdata_1973.40s_0320_224508_no_secretion,275.0,55,394,0.14086294416243655,0,0,1,0.9977141618728638,0.017070798203349113,0.9829292297363281,0.785762369632721,0.5730628371238708,0.5188083648681641,0.999974250793457,0.9999510049819946,0.9997214674949646
repeat1_fold1,MMdata_1973.40s_0320_224508_no_secretion,280.0,56,394,0.1434010152284264,0,0,1,0.996670663356781,0.021731244400143623,0.9782688021659851,0.7757335901260376,0.5531032681465149,0.5067092180252075,0.9999194145202637,0.9998406767845154,0.9992275834083557
repeat1_fold1,MMdata_1973.40s_0320_224508_no_secretion,285.0,57,394,0.14593908629441624,0,0,1,0.9972551465034485,0.018540995195508003,0.9814590215682983,0.7663282155990601,0.5343531370162964,0.49598002433776855,0.9999629259109497,0.9999281167984009,0.9996140003204346
repeat1_fold1,MMdata_1973.40s_0320_224508_no_secretion,290.0,58,394,0.1484771573604061,0,0,1,0.9974656105041504,0.018573097884655,0.9814268946647644,0.7940693497657776,0.5899838209152222,0.5275388956069946,0.999963641166687,0.9999293088912964,0.999620795249939
repeat1_fold1,MMdata_1973.40s_0320_224508_no_secretion,295.0,59,394,0.15101522842639595,0,0,1,0.9977002739906311,0.018003106117248535,0.9819968342781067,0.7965815663337708,0.5948426127433777,0.5313783884048462,0.999974250793457,0.9999510645866394,0.9997214078903198
repeat1_fold1,MMdata_1973.40s_0320_224508_no_secretion,300.0,60,394,0.15355329949238578,0,0,1,0.9943208694458008,0.019872160628437996,0.9801278114318848,0.7753158807754517,0.5522583723068237,0.5062772035598755,0.9998464584350586,0.9996965527534485,0.9986175894737244
repeat1_fold1,MMdata_1973.40s_0320_224508_no_secretion,305.0,61,394,0.15609137055837563,0,0,1,0.9972484707832336,0.020511996001005173,0.9794880747795105,0.7737341523170471,0.5495036840438843,0.5027000308036804,0.9999533891677856,0.9999087452888489,0.999527633190155
repeat1_fold1,MMdata_1973.40s_0320_224508_no_secretion,310.0,62,394,0.15862944162436549,0,0,1,0.9973598122596741,0.019747484475374222,0.9802525043487549,0.8031830191612244,0.6085237264633179,0.537742018699646,0.9999576807022095,0.9999173283576965,0.999566376209259
repeat1_fold1,MMdata_1973.40s_0320_224508_no_secretion,315.0,63,394,0.16116751269035534,0,0,1,0.9977043271064758,0.0177767276763916,0.9822232723236084,0.7851064205169678,0.5717888474464417,0.5178600549697876,0.9999749660491943,0.9999525547027588,0.9997284412384033
repeat1_fold1,MMdata_1973.40s_0320_224508_no_secretion,320.0,64,394,0.16370558375634517,0,0,1,0.9971526861190796,0.02124498225748539,0.9787550568580627,0.763687014579773,0.5288108587265015,0.4943106770515442,0.9999384880065918,0.9998787045478821,0.9993935823440552
repeat1_fold1,MMdata_1973.40s_0320_224508_no_secretion,325.0,65,394,0.16624365482233502,0,0,1,0.9972105622291565,0.020969614386558533,0.9790303111076355,0.7804843187332153,0.5633744597434998,0.5088844895362854,0.9999477863311768,0.9998974204063416,0.9994773864746094
repeat1_fold1,MMdata_1973.40s_0320_224508_no_secretion,330.0,66,394,0.16878172588832488,0,0,1,0.9973794221878052,0.01881183497607708,0.9811881184577942,0.8020823001861572,0.606047511100769,0.5374698638916016,0.9999611377716064,0.9999242424964905,0.9995976090431213
repeat1_fold1,MMdata_1973.40s_0320_224508_no_secretion,335.0,67,394,0.1713197969543147,0,0,1,0.9976175427436829,0.01784876547753811,0.9821512699127197,0.7988788485527039,0.5993876457214355,0.5344810485839844,0.999972939491272,0.9999483227729797,0.9997084140777588
repeat1_fold1,MMdata_1973.40s_0320_224508_no_secretion,340.0,68,394,0.17385786802030456,0,0,1,0.9968271851539612,0.02316861040890217,0.9768313765525818,0.7772452235221863,0.5562968254089355,0.5076799392700195,0.9999196529388428,0.9998409748077393,0.9992294907569885
repeat1_fold1,MMdata_1973.40s_0320_224508_no_secretion,345.0,69,394,0.17639593908629442,0,0,1,0.9970369338989258,0.022169282659888268,0.977830708026886,0.8146428465843201,0.6319769620895386,0.5508133769035339,0.9999361038208008,0.9998738169670105,0.9993728995323181
repeat1_fold1,MMdata_1973.40s_0320_224508_no_secretion,350.0,70,394,0.17893401015228427,0,0,1,0.9974343180656433,0.019329706206917763,0.9806703329086304,0.7839875221252441,0.5697598457336426,0.51561439037323,0.9999604225158691,0.9999229311943054,0.9995923638343811
repeat1_fold1,MMdata_1973.40s_0320_224508_no_secretion,355.0,71,394,0.1814720812182741,0,0,1,0.9976679682731628,0.01768169365823269,0.9823182821273804,0.7870073318481445,0.5755917429924011,0.5201194286346436,0.9999744892120361,0.9999516606330872,0.9997237920761108
repeat1_fold1,MMdata_1973.40s_0320_224508_no_secretion,360.0,72,394,0.18401015228426396,0,0,1,0.9967226386070251,0.024004880338907242,0.9759951233863831,0.7736127972602844,0.548987865447998,0.5037499666213989,0.9999130964279175,0.9998279213905334,0.9991737604141235
repeat1_fold1,MMdata_1973.40s_0320_224508_no_secretion,365.0,73,394,0.1865482233502538,0,0,1,0.9971296191215515,0.019749321043491364,0.9802507162094116,0.8130908608436584,0.6285104155540466,0.5501269698143005,0.9999470710754395,0.9998959302902222,0.9994696378707886
repeat1_fold1,MMdata_1973.40s_0320_224508_no_secretion,370.0,74,394,0.18908629441624367,0,0,1,0.9974506497383118,0.019354229792952538,0.9806458353996277,0.785866379737854,0.5734831690788269,0.5179929733276367,0.9999639987945557,0.9999299645423889,0.9996237754821777
repeat1_fold1,MMdata_1973.40s_0320_224508_no_secretion,375.0,75,394,0.1916243654822335,0,0,1,0.9976490139961243,0.017526496201753616,0.9824734926223755,0.7923025488853455,0.5861904621124268,0.5264955759048462,0.9999735355377197,0.9999497532844543,0.9997148513793945
repeat1_fold1,MMdata_1973.40s_0320_224508_no_secretion,380.0,76,394,0.19416243654822335,0,0,1,0.9895093441009521,0.02652856893837452,0.973471462726593,0.8034954071044922,0.6091091632843018,0.5383071303367615,0.9995205402374268,0.9990465641021729,0.9962011575698853
repeat1_fold1,MMdata_1973.40s_0320_224508_no_secretion,385.0,77,394,0.1967005076142132,0,0,1,0.9964518547058105,0.02153707668185234,0.9784628748893738,0.8184096217155457,0.6394656300544739,0.5561548471450806,0.9999176263809204,0.9998371005058289,0.9992121458053589
repeat1_fold1,MMdata_1973.40s_0320_224508_no_secretion,390.0,78,394,0.19923857868020303,0,0,1,0.997418999671936,0.018660591915249825,0.9813393950462341,0.7973230481147766,0.5964246392250061,0.5318781137466431,0.9999619722366333,0.999925971031189,0.9996057748794556
repeat1_fold1,MMdata_1973.40s_0320_224508_no_secretion,395.0,79,394,0.2017766497461929,0,0,1,0.9977044463157654,0.017283817753195763,0.9827162027359009,0.7759442925453186,0.5533632636070251,0.5076777935028076,0.9999772310256958,0.9999573230743408,0.9997492432594299
repeat1_fold1,MMdata_1973.40s_0320_224508_no_secretion,400.0,80,394,0.20431472081218274,0,0,1,0.9897079467773438,0.025917723774909973,0.974082350730896,0.8014339208602905,0.6048973798751831,0.5360245704650879,0.9995465874671936,0.9990987777709961,0.9963829517364502
repeat1_fold1,MMdata_1973.40s_0320_224508_no_secretion,405.0,81,394,0.2068527918781726,0,0,1,0.9969208240509033,0.020305007696151733,0.9796949625015259,0.826834499835968,0.656212329864502,0.568428635597229,0.9999396800994873,0.9998812079429626,0.9994038343429565
repeat1_fold1,MMdata_1973.40s_0320_224508_no_secretion,410.0,82,394,0.20939086294416243,0,0,1,0.9974372386932373,0.018296226859092712,0.9817038178443909,0.7836529016494751,0.5689564347267151,0.5158094167709351,0.9999629259109497,0.999927818775177,0.9996141791343689
repeat1_fold1,MMdata_1973.40s_0320_224508_no_secretion,415.0,83,394,0.21192893401015228,0,0,1,0.997664213180542,0.016561446711421013,0.9834385514259338,0.7705667614936829,0.5425476431846619,0.5019199848175049,0.9999784231185913,0.9999601244926453,0.9997619390487671
repeat1_fold1,MMdata_1973.40s_0320_224508_no_secretion,420.0,84,394,0.21446700507614214,0,0,1,0.9886258244514465,0.02877526357769966,0.9712247252464294,0.8049352169036865,0.6123407483100891,0.538753092288971,0.9994158744812012,0.9988371133804321,0.9954825639724731
repeat1_fold1,MMdata_1973.40s_0320_224508_no_secretion,425.0,85,394,0.217005076142132,0,0,1,0.9972358345985413,0.018904801458120346,0.9810951948165894,0.8060066103935242,0.6141848564147949,0.5413512587547302,0.9999505281448364,0.9999030232429504,0.9995019435882568
repeat1_fold1,MMdata_1973.40s_0320_224508_no_secretion,430.0,86,394,0.21954314720812182,0,0,1,0.9973958730697632,0.017704518511891365,0.9822955131530762,0.7957176566123962,0.593133270740509,0.5302197337150574,0.9999651908874512,0.9999325275421143,0.9996355772018433
repeat1_fold1,MMdata_1973.40s_0320_224508_no_secretion,435.0,87,394,0.22208121827411167,0,0,1,0.9976372718811035,0.016378454864025116,0.9836215376853943,0.7772778272628784,0.5559334754943848,0.5096434354782104,0.999977707862854,0.9999585747718811,0.9997547268867493
repeat1_fold1,MMdata_1973.40s_0320_224508_no_secretion,440.0,88,394,0.22461928934010153,0,0,1,0.9599514603614807,0.021142657846212387,0.9788573980331421,0.7976190447807312,0.5972789525985718,0.5311381816864014,0.9980087876319885,0.9961090087890625,0.9865803122520447
repeat1_fold1,MMdata_1973.40s_0320_224508_no_secretion,445.0,89,394,0.22715736040609136,0,0,1,0.9973984956741333,0.018009284511208534,0.9819907546043396,0.8030056953430176,0.6078855991363525,0.5386935472488403,0.9999586343765259,0.9999192953109741,0.999575674533844
repeat1_fold1,MMdata_1973.40s_0320_224508_no_secretion,450.0,90,394,0.2296954314720812,0,0,1,0.9974725842475891,0.01774297095835209,0.982257068157196,0.7946605682373047,0.5910068154335022,0.5289602279663086,0.9999665021896362,0.9999351501464844,0.999647855758667
repeat1_fold1,MMdata_1973.40s_0320_224508_no_secretion,455.0,91,394,0.23223350253807107,0,0,1,0.9976611137390137,0.016008922830224037,0.9839911460876465,0.7766804099082947,0.5547151565551758,0.5090696811676025,0.99997878074646,0.999960720539093,0.9997641444206238
repeat1_fold1,MMdata_1973.40s_0320_224508_no_secretion,460.0,92,394,0.23477157360406092,0,0,1,0.9499199390411377,0.02144337259232998,0.9785566329956055,0.7931695580482483,0.5884350538253784,0.5253678560256958,0.9971983432769775,0.99454265832901,0.9819427728652954
repeat1_fold1,MMdata_1973.40s_0320_224508_no_secretion,465.0,93,394,0.23730964467005075,0,0,1,0.9972566962242126,0.01777777448296547,0.9822221994400024,0.8173521757125854,0.6367557644844055,0.5570470094680786,0.9999560117721558,0.9999139904975891,0.999550461769104
repeat1_fold1,MMdata_1973.40s_0320_224508_no_secretion,470.0,94,394,0.2398477157360406,0,0,1,0.9975249171257019,0.016981711611151695,0.9830182790756226,0.7857134342193604,0.5730425119400024,0.5184042453765869,0.9999690055847168,0.9999402165412903,0.9996708631515503
repeat1_fold1,MMdata_1973.40s_0320_224508_no_secretion,475.0,95,394,0.24238578680203046,0,0,1,0.9976766705513,0.014588061720132828,0.9854119420051575,0.7798216938972473,0.5611105561256409,0.5121588706970215,0.9999818801879883,0.999967634677887,0.9997943639755249
repeat1_fold1,MMdata_1973.40s_0320_224508_no_secretion,480.0,96,394,0.24492385786802032,0,0,1,0.9969666600227356,0.02349778078496456,0.9765021800994873,0.7665824890136719,0.5349172353744507,0.4960092306137085,0.9999217987060547,0.9998452663421631,0.9992488622665405
repeat1_fold1,MMdata_1973.40s_0320_224508_no_secretion,485.0,97,394,0.24746192893401014,0,0,1,0.997327446937561,0.017021525651216507,0.9829785227775574,0.8120139241218567,0.625990629196167,0.5501630306243896,0.9999599456787109,0.999921977519989,0.9995871186256409
repeat1_fold1,MMdata_1973.40s_0320_224508_no_secretion,490.0,98,394,0.25,0,0,1,0.9975301623344421,0.017204323783516884,0.9827956557273865,0.7844403982162476,0.5703734159469604,0.5174456238746643,0.9999697208404541,0.999941885471344,0.9996786713600159
repeat1_fold1,MMdata_1973.40s_0320_224508_no_secretion,495.0,99,394,0.25253807106598986,0,0,1,0.9976391792297363,0.015026740729808807,0.9849731922149658,0.7977986335754395,0.5974043011665344,0.5323531627655029,0.999981164932251,0.9999660849571228,0.9997880458831787
repeat1_fold1,MMdata_1973.40s_0320_224508_no_secretion,500.0,100,394,0.2550761421319797,0,0,1,0.993921160697937,0.029467131942510605,0.9705328941345215,0.7840425968170166,0.5699459314346313,0.5153499841690063,0.9997163414955139,0.9994346499443054,0.9976235032081604
repeat1_fold1,MMdata_1973.40s_0320_224508_no_secretion,505.0,101,394,0.25761421319796957,0,0,1,0.9971464276313782,0.017131399363279343,0.9828686714172363,0.8182013630867004,0.6386316418647766,0.5575007796287537,0.9999568462371826,0.9999158978462219,0.9995580315589905
repeat1_fold1,MMdata_1973.40s_0320_224508_no_secretion,510.0,102,394,0.26015228426395937,0,0,1,0.9975095987319946,0.015537871979176998,0.9844621419906616,0.7848569750785828,0.5711065530776978,0.5183939933776855,0.999976396560669,0.9999557733535767,0.9997415542602539
repeat1_fold1,MMdata_1973.40s_0320_224508_no_secretion,515.0,103,394,0.2626903553299492,0,0,1,0.9975278973579407,0.014898552559316158,0.9851014614105225,0.7953413128852844,0.592322051525116,0.5300071835517883,0.9999812841415405,0.9999666213989258,0.9997891187667847
repeat1_fold1,MMdata_1973.40s_0320_224508_no_secretion,520.0,104,394,0.2652284263959391,0,0,1,0.9899235367774963,0.025406373664736748,0.9745936393737793,0.787284255027771,0.576382040977478,0.5194126963615417,0.9995189905166626,0.9990426301956177,0.9961941838264465
repeat1_fold1,MMdata_1973.40s_0320_224508_no_secretion,525.0,105,394,0.26776649746192893,0,0,1,0.9973978996276855,0.016046153381466866,0.9839538335800171,0.8118360638618469,0.6255735158920288,0.5501799583435059,0.9999650716781616,0.9999324679374695,0.9996351003646851
repeat1_fold1,MMdata_1973.40s_0320_224508_no_secretion,530.0,106,394,0.2703045685279188,0,0,1,0.9975366592407227,0.01471615582704544,0.9852838516235352,0.7984738945960999,0.598499059677124,0.5343164205551147,0.9999768733978271,0.9999566078186035,0.9997459053993225
repeat1_fold1,MMdata_1973.40s_0320_224508_no_secretion,535.0,107,394,0.27284263959390864,0,0,1,0.9974944591522217,0.013169422745704651,0.9868306517601013,0.8161159157752991,0.6340386867523193,0.5563647150993347,0.9999839067459106,0.9999735951423645,0.9998148679733276
repeat1_fold1,MMdata_1973.40s_0320_224508_no_secretion,540.0,108,394,0.2753807106598985,0,0,1,0.9948499798774719,0.030185092240571976,0.9698148965835571,0.7876100540161133,0.5772732496261597,0.5187804698944092,0.9997685551643372,0.9995386600494385,0.998017430305481
repeat1_fold1,MMdata_1973.40s_0320_224508_no_secretion,545.0,109,394,0.2779187817258883,0,0,1,0.9974005222320557,0.01676410622894764,0.9832358956336975,0.8130263686180115,0.6278819441795349,0.5520815849304199,0.9999632835388184,0.9999286532402039,0.9996176362037659
repeat1_fold1,MMdata_1973.40s_0320_224508_no_secretion,550.0,110,394,0.28045685279187815,0,0,1,0.9975709319114685,0.014344404451549053,0.9856555461883545,0.7938396334648132,0.5892611742019653,0.5284005999565125,0.99997878074646,0.9999608397483826,0.9997649192810059
repeat1_fold1,MMdata_1973.40s_0320_224508_no_secretion,555.0,111,394,0.282994923857868,0,0,1,0.9976578950881958,0.015579857863485813,0.984420120716095,0.7969262003898621,0.5957629680633545,0.5308163166046143,0.9999818801879883,0.9999676942825317,0.9997951984405518
repeat1_fold1,MMdata_1973.40s_0320_224508_no_secretion,560.0,112,394,0.28553299492385786,0,0,1,0.9964816570281982,0.026058252900838852,0.9739417433738708,0.7635818719863892,0.5288629531860352,0.4930010437965393,0.9998898506164551,0.9997811913490295,0.9989787340164185
repeat1_fold1,MMdata_1973.40s_0320_224508_no_secretion,565.0,113,394,0.2880710659898477,0,0,1,0.9971638321876526,0.017286619171500206,0.9827133417129517,0.8206379413604736,0.6433337330818176,0.5615699291229248,0.9999585151672363,0.9999192357063293,0.9995735883712769
repeat1_fold1,MMdata_1973.40s_0320_224508_no_secretion,570.0,114,394,0.2906091370558376,0,0,1,0.9975932240486145,0.015412839129567146,0.9845871925354004,0.790034294128418,0.5817804336547852,0.5231719017028809,0.9999775886535645,0.9999581575393677,0.9997530579566956
repeat1_fold1,MMdata_1973.40s_0320_224508_no_secretion,575.0,115,394,0.29314720812182743,0,0,1,0.9976624250411987,0.017027590423822403,0.9829724431037903,0.79706871509552,0.5963473916053772,0.5297470092773438,0.9999806880950928,0.9999649524688721,0.9997832179069519
repeat1_fold1,MMdata_1973.40s_0320_224508_no_secretion,580.0,116,394,0.2956852791878173,0,0,1,0.996829092502594,0.025236701592803,0.9747632741928101,0.765798032283783,0.5333418846130371,0.4951850175857544,0.9999154806137085,0.9998324513435364,0.9991936683654785
repeat1_fold1,MMdata_1973.40s_0320_224508_no_secretion,585.0,117,394,0.2982233502538071,0,0,1,0.9969162940979004,0.0180842112749815,0.9819158315658569,0.8202767968177795,0.6426947116851807,0.5607298612594604,0.999946117401123,0.9998942613601685,0.9994610548019409
repeat1_fold1,MMdata_1973.40s_0320_224508_no_secretion,590.0,118,394,0.30076142131979694,0,0,1,0.997593343257904,0.015336008742451668,0.9846640229225159,0.7890979051589966,0.5799542665481567,0.5218345522880554,0.9999802112579346,0.9999638795852661,0.9997783303260803
repeat1_fold1,MMdata_1973.40s_0320_224508_no_secretion,595.0,119,394,0.3032994923857868,0,0,1,0.9976394176483154,0.016166208311915398,0.9838338494300842,0.7791807651519775,0.5602588057518005,0.5095111131668091,0.9999806880950928,0.9999651312828064,0.999783992767334
repeat1_fold1,MMdata_1973.40s_0320_224508_no_secretion,600.0,120,394,0.30583756345177665,0,0,1,0.9958336353302002,0.02764113061130047,0.9723588824272156,0.7796833515167236,0.5612220764160156,0.5102741122245789,0.9998475313186646,0.999696671962738,0.9986342787742615
repeat1_fold1,MMdata_1973.40s_0320_224508_no_secretion,605.0,121,394,0.3083756345177665,0,0,1,0.9974134564399719,0.016611317172646523,0.9833886623382568,0.8063967227935791,0.6146120429039001,0.5433286428451538,0.9999644756317139,0.9999310970306396,0.9996291399002075
repeat1_fold1,MMdata_1973.40s_0320_224508_no_secretion,610.0,122,394,0.31091370558375636,0,0,1,0.9976027607917786,0.015045004896819592,0.9849550724029541,0.7862943410873413,0.5742701292037964,0.5188052654266357,0.9999803304672241,0.9999640583992004,0.999779224395752
repeat1_fold1,MMdata_1973.40s_0320_224508_no_secretion,615.0,123,394,0.3134517766497462,0,0,1,0.9976043105125427,0.01709720492362976,0.9829027652740479,0.7703585624694824,0.5423764586448669,0.5005730390548706,0.9999762773513794,0.9999554753303528,0.9997404217720032
repeat1_fold1,MMdata_1973.40s_0320_224508_no_secretion,620.0,124,394,0.315989847715736,0,0,1,0.9962767958641052,0.026875365525484085,0.9731246829032898,0.7635064125061035,0.528633177280426,0.4932752847671509,0.9998778104782104,0.9997572302818298,0.99888014793396
repeat1_fold1,MMdata_1973.40s_0320_224508_no_secretion,625.0,125,394,0.31852791878172587,0,0,1,0.9971861243247986,0.01645698770880699,0.9835430383682251,0.8153523206710815,0.632645845413208,0.5547640323638916,0.9999616146087646,0.9999256134033203,0.9996023774147034
repeat1_fold1,MMdata_1973.40s_0320_224508_no_secretion,630.0,126,394,0.3210659898477157,0,0,1,0.9976129531860352,0.014912205748260021,0.9850878119468689,0.7876684665679932,0.577070951461792,0.5202193260192871,0.9999815225601196,0.9999668598175049,0.99979168176651
repeat1_fold1,MMdata_1973.40s_0320_224508_no_secretion,635.0,127,394,0.3236040609137056,0,0,1,0.9976181387901306,0.0166100412607193,0.9833899140357971,0.775677502155304,0.5531046390533447,0.5061413049697876,0.999977707862854,0.9999585151672363,0.999754786491394
repeat1_fold1,MMdata_1973.40s_0320_224508_no_secretion,640.0,128,394,0.32614213197969544,0,0,1,0.9972381591796875,0.022989759221673012,0.9770102500915527,0.7501763105392456,0.5018714070320129,0.4798840284347534,0.999940037727356,0.9998819231987,0.9994077682495117
repeat1_fold1,MMdata_1973.40s_0320_224508_no_secretion,645.0,129,394,0.3286802030456853,0,0,1,0.9974410533905029,0.015621606260538101,0.9843783974647522,0.8152607679367065,0.632225751876831,0.5556340217590332,0.9999707937240601,0.9999440908432007,0.9996877312660217
repeat1_fold1,MMdata_1973.40s_0320_224508_no_secretion,650.0,130,394,0.33121827411167515,0,0,1,0.9975966811180115,0.014340588822960854,0.9856593608856201,0.7920020818710327,0.5858482718467712,0.5249987840652466,0.9999816417694092,0.9999672174453735,0.9997926950454712
repeat1_fold1,MMdata_1973.40s_0320_224508_no_secretion,655.0,131,394,0.33375634517766495,0,0,1,0.9975650310516357,0.020822012796998024,0.9791780114173889,0.7497722506523132,0.5016601085662842,0.47680383920669556,0.9999713897705078,0.9999452233314514,0.9996936917304993
repeat1_fold1,MMdata_1973.40s_0320_224508_no_secretion,660.0,132,394,0.3362944162436548,0,0,1,0.9971567392349243,0.022841008380055428,0.9771589636802673,0.7652906775474548,0.5321497917175293,0.4954339861869812,0.9999394416809082,0.9998806715011597,0.9994019269943237
repeat1_fold1,MMdata_1973.40s_0320_224508_no_secretion,665.0,133,394,0.33883248730964466,0,0,1,0.997366726398468,0.01573725789785385,0.9842627644538879,0.8118651509284973,0.6254698634147644,0.550900936126709,0.9999680519104004,0.9999385476112366,0.999661922454834
repeat1_fold1,MMdata_1973.40s_0320_224508_no_secretion,670.0,134,394,0.3413705583756345,0,0,1,0.9974274039268494,0.014656780287623405,0.9853432178497314,0.7917011976242065,0.5850975513458252,0.5252755880355835,0.9999803304672241,0.9999644756317139,0.9997789859771729
repeat1_fold1,MMdata_1973.40s_0320_224508_no_secretion,675.0,135,394,0.34390862944162437,0,0,1,0.9974632263183594,0.02227366715669632,0.9777262806892395,0.7658063769340515,0.533867597579956,0.49298983812332153,0.9999672174453735,0.9999366402626038,0.9996538758277893
repeat1_fold1,MMdata_1973.40s_0320_224508_no_secretion,680.0,136,394,0.3464467005076142,0,0,1,0.9973046779632568,0.023034662008285522,0.9769653081893921,0.7423068881034851,0.486023873090744,0.472625195980072,0.9999445676803589,0.999890923500061,0.9994474649429321
repeat1_fold1,MMdata_1973.40s_0320_224508_no_secretion,685.0,137,394,0.3489847715736041,0,0,1,0.9975504279136658,0.014897382818162441,0.985102653503418,0.8105366230010986,0.6227670907974243,0.5493215322494507,0.9999747276306152,0.9999522566795349,0.9997257590293884
repeat1_fold1,MMdata_1973.40s_0320_224508_no_secretion,690.0,138,394,0.35152284263959394,0,0,1,0.9973064661026001,0.015149242244660854,0.9848507642745972,0.8083231449127197,0.6187143325805664,0.544818103313446,0.9999793767929077,0.9999624490737915,0.9997698068618774
repeat1_fold1,MMdata_1973.40s_0320_224508_no_secretion,695.0,139,394,0.35406091370558374,0,0,1,0.9975058436393738,0.018604129552841187,0.9813959002494812,0.7687436938285828,0.5392764806747437,0.49821221828460693,0.9999730587005615,0.9999487996101379,0.9997096061706543
repeat1_fold1,MMdata_1973.40s_0320_224508_no_secretion,700.0,140,394,0.3565989847715736,0,0,1,0.9965949654579163,0.02218279056251049,0.9778172373771667,0.7531778812408447,0.5077852010726929,0.48334306478500366,0.9999163150787354,0.999834418296814,0.9992004036903381
repeat1_fold1,MMdata_1973.40s_0320_224508_no_secretion,705.0,141,394,0.35913705583756345,0,0,1,0.9972898960113525,0.01655885949730873,0.9834411144256592,0.817049503326416,0.6359766721725464,0.5573464632034302,0.9999661445617676,0.9999347925186157,0.9996439814567566
repeat1_fold1,MMdata_1973.40s_0320_224508_no_secretion,710.0,142,394,0.3616751269035533,0,0,1,0.9975042939186096,0.016615649685263634,0.983384370803833,0.8094035387039185,0.6207361221313477,0.5468227863311768,0.999975323677063,0.9999534487724304,0.9997309446334839
repeat1_fold1,MMdata_1973.40s_0320_224508_no_secretion,715.0,143,394,0.36421319796954316,0,0,1,0.9974961876869202,0.020339131355285645,0.9796608686447144,0.7591617107391357,0.520263671875,0.48723411560058594,0.9999687671661377,0.9999399781227112,0.99966961145401
repeat1_fold1,MMdata_1973.40s_0320_224508_no_secretion,720.0,144,394,0.366751269035533,0,0,1,0.9972821474075317,0.02192230150103569,0.97807776927948,0.7550190091133118,0.5114225745201111,0.48544156551361084,0.999944806098938,0.9998915195465088,0.9994503259658813
repeat1_fold1,MMdata_1973.40s_0320_224508_no_secretion,725.0,145,394,0.36928934010152287,0,0,1,0.9974621534347534,0.015835847705602646,0.9841641783714294,0.8150341510772705,0.6320645809173584,0.5541040897369385,0.9999727010726929,0.9999482035636902,0.9997066855430603
repeat1_fold1,MMdata_1973.40s_0320_224508_no_secretion,730.0,146,394,0.37182741116751267,0,0,1,0.9975023865699768,0.01591491885483265,0.9840850830078125,0.8117287158966064,0.6254333853721619,0.5497263073921204,0.9999780654907227,0.9999592304229736,0.9997574687004089
repeat1_fold1,MMdata_1973.40s_0320_224508_no_secretion,735.0,147,394,0.3743654822335025,0,0,1,0.9975148439407349,0.02091696299612522,0.9790830016136169,0.7533056139945984,0.5084726810455322,0.4815046787261963,0.9999667406082153,0.9999357461929321,0.9996505379676819
repeat1_fold1,MMdata_1973.40s_0320_224508_no_secretion,740.0,148,394,0.3769035532994924,0,0,1,0.9972646236419678,0.020607469603419304,0.9793925881385803,0.7671740651130676,0.5357210636138916,0.49838101863861084,0.9999469518661499,0.9998959302902222,0.9994692206382751
repeat1_fold1,MMdata_1973.40s_0320_224508_no_secretion,745.0,149,394,0.37944162436548223,0,0,1,0.9974157810211182,0.015623344108462334,0.9843766689300537,0.7991177439689636,0.6001201272010803,0.5336860418319702,0.9999741315841675,0.9999511241912842,0.9997193217277527
repeat1_fold1,MMdata_1973.40s_0320_224508_no_secretion,750.0,150,394,0.3819796954314721,0,0,1,0.9975009560585022,0.017179641872644424,0.9828203916549683,0.8105292320251465,0.6230437159538269,0.5480849742889404,0.9999738931655884,0.9999504089355469,0.9997171759605408
repeat1_fold1,MMdata_1973.40s_0320_224508_no_secretion,755.0,151,394,0.38451776649746194,0,0,1,0.9975062012672424,0.02042481303215027,0.9795752167701721,0.757880687713623,0.5175920724868774,0.48637324571609497,0.9999673366546631,0.9999368786811829,0.9996554255485535
repeat1_fold1,MMdata_1973.40s_0320_224508_no_secretion,760.0,152,394,0.3870558375634518,0,0,1,0.9972248077392578,0.02088071219623089,0.9791192412376404,0.766658365726471,0.5346823334693909,0.49785298109054565,0.9999481439590454,0.9998983144760132,0.9994788765907288
repeat1_fold1,MMdata_1973.40s_0320_224508_no_secretion,765.0,153,394,0.3895939086294416,0,0,1,0.9975861310958862,0.015347150154411793,0.9846528172492981,0.7942818999290466,0.5903499126434326,0.5280555486679077,0.999976634979248,0.9999561905860901,0.9997446537017822
repeat1_fold1,MMdata_1973.40s_0320_224508_no_secretion,770.0,154,394,0.39213197969543145,0,0,1,0.9975263476371765,0.01678304933011532,0.9832168817520142,0.8031343221664429,0.6081669330596924,0.5387576818466187,0.9999765157699585,0.9999558329582214,0.9997421503067017
repeat1_fold1,MMdata_1973.40s_0320_224508_no_secretion,775.0,155,394,0.3946700507614213,0,0,1,0.9974034428596497,0.018131127581000328,0.9818688035011292,0.7827371954917908,0.5672475695610046,0.5141928195953369,0.9999730587005615,0.9999489784240723,0.9997087121009827
repeat1_fold1,MMdata_1973.40s_0320_224508_no_secretion,780.0,156,394,0.39720812182741116,0,0,1,0.9973547458648682,0.020799575373530388,0.9792003631591797,0.7548232078552246,0.5109404921531677,0.4856686592102051,0.9999483823776245,0.9998984932899475,0.999481201171875
repeat1_fold1,MMdata_1973.40s_0320_224508_no_secretion,785.0,157,394,0.399746192893401,0,0,1,0.9975616931915283,0.014400475658476353,0.9855995178222656,0.8006832599639893,0.6032600998878479,0.5356365442276001,0.9999784231185913,0.9999598860740662,0.9997606873512268
repeat1_fold1,MMdata_1973.40s_0320_224508_no_secretion,790.0,158,394,0.4022842639593909,0,0,1,0.9974673986434937,0.017117226496338844,0.9828827977180481,0.8031967878341675,0.6083422899246216,0.538625955581665,0.999974250793457,0.9999510645866394,0.9997202754020691
repeat1_fold1,MMdata_1973.40s_0320_224508_no_secretion,795.0,159,394,0.40482233502538073,0,0,1,0.9975256323814392,0.017756912857294083,0.9822430610656738,0.7798970937728882,0.5614563822746277,0.5113694667816162,0.999976396560669,0.9999558925628662,0.999741792678833
repeat1_fold1,MMdata_1973.40s_0320_224508_no_secretion,800.0,160,394,0.4073604060913706,0,0,1,0.9974281191825867,0.021007835865020752,0.9789921641349792,0.7496465444564819,0.5005815625190735,0.4804374575614929,0.9999518394470215,0.9999055862426758,0.9995129704475403
repeat1_fold1,MMdata_1973.40s_0320_224508_no_secretion,805.0,161,394,0.4098984771573604,0,0,1,0.9975168704986572,0.016424957662820816,0.9835751056671143,0.7973213791847229,0.5964847803115845,0.5316038131713867,0.999971866607666,0.9999462366104126,0.9996985197067261
repeat1_fold1,MMdata_1973.40s_0320_224508_no_secretion,810.0,162,394,0.41243654822335024,0,0,1,0.9975078105926514,0.018196720629930496,0.981803297996521,0.7998690009117126,0.6018728613853455,0.533592700958252,0.9999716281890869,0.9999456405639648,0.9996960163116455
repeat1_fold1,MMdata_1973.40s_0320_224508_no_secretion,815.0,163,394,0.4149746192893401,0,0,1,0.9975038170814514,0.019719323143363,0.9802806973457336,0.7897416949272156,0.5815348029136658,0.5213621854782104,0.9999706745147705,0.9999437928199768,0.9996865391731262
repeat1_fold1,MMdata_1973.40s_0320_224508_no_secretion,820.0,164,394,0.41751269035532995,0,0,1,0.9972400665283203,0.021591294556856155,0.978408694267273,0.745107114315033,0.49148067831993103,0.47604048252105713,0.9999415874481201,0.9998850226402283,0.999422013759613
repeat1_fold1,MMdata_1973.40s_0320_224508_no_secretion,825.0,165,394,0.4200507614213198,0,0,1,0.9975518584251404,0.016171319410204887,0.9838286638259888,0.7974474430084229,0.5968542098999023,0.5312641859054565,0.9999725818634033,0.9999476671218872,0.99970543384552
repeat1_fold1,MMdata_1973.40s_0320_224508_no_secretion,830.0,166,394,0.42258883248730966,0,0,1,0.9974827170372009,0.017347760498523712,0.9826521873474121,0.7912567257881165,0.5842854380607605,0.5243982076644897,0.999972939491272,0.9999485015869141,0.9997087717056274
repeat1_fold1,MMdata_1973.40s_0320_224508_no_secretion,835.0,167,394,0.4251269035532995,0,0,1,0.9975464940071106,0.018145496025681496,0.9818544387817383,0.7848778963088989,0.5714738965034485,0.516959547996521,0.9999754428863525,0.9999536871910095,0.9997319579124451
repeat1_fold1,MMdata_1973.40s_0320_224508_no_secretion,840.0,168,394,0.4276649746192893,0,0,1,0.9972109198570251,0.022127054631710052,0.9778729677200317,0.7506658434867859,0.5026513338088989,0.4813132882118225,0.9999393224716187,0.9998804926872253,0.9994020462036133
repeat1_fold1,MMdata_1973.40s_0320_224508_no_secretion,845.0,169,394,0.4302030456852792,0,0,1,0.9972896575927734,0.016310354694724083,0.9836896061897278,0.816414475440979,0.6347193121910095,0.5564240217208862,0.9999673366546631,0.9999371767044067,0.9996556043624878
repeat1_fold1,MMdata_1973.40s_0320_224508_no_secretion,850.0,170,394,0.43274111675126903,0,0,1,0.9973530769348145,0.019377747550606728,0.9806222915649414,0.8216097354888916,0.6456019878387451,0.5616351366043091,0.9999648332595825,0.9999318718910217,0.9996325969696045
repeat1_fold1,MMdata_1973.40s_0320_224508_no_secretion,855.0,171,394,0.4352791878172589,0,0,1,0.9975841045379639,0.01671351119875908,0.9832864999771118,0.7901322245597839,0.581885576248169,0.523689866065979,0.9999785423278809,0.9999603033065796,0.9997621178627014
repeat1_fold1,MMdata_1973.40s_0320_224508_no_secretion,860.0,172,394,0.43781725888324874,0,0,1,0.989173412322998,0.01682792790234089,0.9831720590591431,0.7793057560920715,0.5603361129760742,0.5104090571403503,0.9996738433837891,0.9993587136268616,0.9972751140594482
repeat1_fold1,MMdata_1973.40s_0320_224508_no_secretion,865.0,173,394,0.4403553299492386,0,0,1,0.9973998069763184,0.017118798568844795,0.9828811883926392,0.8061698079109192,0.6143380403518677,0.5422773361206055,0.9999656677246094,0.999933660030365,0.999640703201294
repeat1_fold1,MMdata_1973.40s_0320_224508_no_secretion,870.0,174,394,0.44289340101522845,0,0,1,0.9973530769348145,0.0190823283046484,0.9809176921844482,0.8148210644721985,0.6319050788879395,0.5527329444885254,0.9999662637710571,0.9999347925186157,0.999645471572876
repeat1_fold1,MMdata_1973.40s_0320_224508_no_secretion,875.0,175,394,0.44543147208121825,0,0,1,0.9975172281265259,0.01769988238811493,0.9823001027107239,0.7850554585456848,0.5718501806259155,0.5170776844024658,0.9999741315841675,0.9999510049819946,0.9997195601463318
repeat1_fold1,MMdata_1973.40s_0320_224508_no_secretion,880.0,176,394,0.4479695431472081,0,0,1,0.9974544644355774,0.0194961279630661,0.9805039167404175,0.7613527774810791,0.5240811109542847,0.49210524559020996,0.9999563694000244,0.9999147653579712,0.999554455280304
repeat1_fold1,MMdata_1973.40s_0320_224508_no_secretion,885.0,177,394,0.45050761421319796,0,0,1,0.9974068999290466,0.017994772642850876,0.98200523853302,0.8027711510658264,0.6076717376708984,0.5373274087905884,0.9999638795852661,0.9999299049377441,0.9996232986450195
repeat1_fold1,MMdata_1973.40s_0320_224508_no_secretion,890.0,178,394,0.4530456852791878,0,0,1,0.9974296689033508,0.020242076367139816,0.9797579050064087,0.7981985211372375,0.598568856716156,0.5313252210617065,0.9999674558639526,0.9999371767044067,0.9996570348739624
repeat1_fold1,MMdata_1973.40s_0320_224508_no_secretion,895.0,179,394,0.45558375634517767,0,0,1,0.9975340366363525,0.016192127019166946,0.9838078618049622,0.781719446182251,0.5650372505187988,0.5137737989425659,0.9999786615371704,0.9999608397483826,0.9997632503509521
repeat1_fold1,MMdata_1973.40s_0320_224508_no_secretion,900.0,180,394,0.4581218274111675,0,0,1,0.9973891377449036,0.019769592210650444,0.9802303910255432,0.7620946168899536,0.5255320072174072,0.49304741621017456,0.9999533891677856,0.9999086260795593,0.9995263814926147
repeat1_fold1,MMdata_1973.40s_0320_224508_no_secretion,905.0,181,394,0.4606598984771574,0,0,1,0.9973899722099304,0.019249821081757545,0.9807501435279846,0.8019725680351257,0.6061810851097107,0.535865068435669,0.9999626874923706,0.9999274015426636,0.9996124505996704
repeat1_fold1,MMdata_1973.40s_0320_224508_no_secretion,910.0,182,394,0.4631979695431472,0,0,1,0.9974812865257263,0.01900513283908367,0.9809948801994324,0.8021949529647827,0.6065007448196411,0.5366631150245667,0.9999704360961914,0.9999433159828186,0.9996853470802307
repeat1_fold1,MMdata_1973.40s_0320_224508_no_secretion,915.0,183,394,0.46573604060913704,0,0,1,0.9975011944770813,0.014893919229507446,0.9851061105728149,0.7867651581764221,0.5750874280929565,0.5199189186096191,0.9999825954437256,0.9999698996543884,0.9998005628585815
repeat1_fold1,MMdata_1973.40s_0320_224508_no_secretion,920.0,184,394,0.4682741116751269,0,0,1,0.9974966645240784,0.019035974517464638,0.9809640645980835,0.7594120502471924,0.5201573371887207,0.49025392532348633,0.9999550580978394,0.9999119639396667,0.9995419979095459
repeat1_fold1,MMdata_1973.40s_0320_224508_no_secretion,925.0,185,394,0.47081218274111675,0,0,1,0.9974057078361511,0.019256820902228355,0.9807431697845459,0.7950625419616699,0.5923505425453186,0.527176022529602,0.9999617338180542,0.9999254941940308,0.9996036291122437
repeat1_fold1,MMdata_1973.40s_0320_224508_no_secretion,930.0,186,394,0.4733502538071066,0,0,1,0.9974786639213562,0.01942707970738411,0.9805728793144226,0.7951882481575012,0.5922314524650574,0.5288845300674438,0.9999659061431885,0.9999338984489441,0.9996422529220581
repeat1_fold1,MMdata_1973.40s_0320_224508_no_secretion,935.0,187,394,0.47588832487309646,0,0,1,0.9975160360336304,0.015974240377545357,0.984025776386261,0.7959284782409668,0.5935933589935303,0.5303158760070801,0.9999791383743286,0.9999621510505676,0.9997677206993103
repeat1_fold1,MMdata_1973.40s_0320_224508_no_secretion,940.0,188,394,0.4784263959390863,0,0,1,0.9963155388832092,0.018483223393559456,0.9815168380737305,0.7622013092041016,0.525952160358429,0.4922019839286804,0.9999094009399414,0.9998209476470947,0.9991399645805359
repeat1_fold1,MMdata_1973.40s_0320_224508_no_secretion,945.0,189,394,0.48096446700507617,0,0,1,0.9973859190940857,0.019219879060983658,0.9807800650596619,0.8026152849197388,0.6075348854064941,0.5364136695861816,0.9999644756317139,0.9999311566352844,0.9996291995048523
repeat1_fold1,MMdata_1973.40s_0320_224508_no_secretion,950.0,190,394,0.48350253807106597,0,0,1,0.9974933862686157,0.018293067812919617,0.9817069172859192,0.7914477586746216,0.5846089124679565,0.5248861908912659,0.9999685287475586,0.9999393224716187,0.9996667504310608
repeat1_fold1,MMdata_1973.40s_0320_224508_no_secretion,955.0,191,394,0.4860406091370558,0,0,1,0.9974507689476013,0.014146141707897186,0.985853910446167,0.7977159023284912,0.5970734357833862,0.532964825630188,0.999982476234436,0.9999701380729675,0.9998000860214233
repeat1_fold1,MMdata_1973.40s_0320_224508_no_secretion,960.0,192,394,0.4885786802030457,0,0,1,0.9973523616790771,0.020112259313464165,0.9798877239227295,0.7661554217338562,0.5338935852050781,0.4963061213493347,0.9999457597732544,0.999893307685852,0.999458909034729
repeat1_fold1,MMdata_1973.40s_0320_224508_no_secretion,965.0,193,394,0.49111675126903553,0,0,1,0.9974397420883179,0.01859303191304207,0.9814069271087646,0.7993839979171753,0.600796639919281,0.5334177017211914,0.9999687671661377,0.9999397993087769,0.999668538570404
repeat1_fold1,MMdata_1973.40s_0320_224508_no_secretion,970.0,194,394,0.4936548223350254,0,0,1,0.9974920749664307,0.01831251010298729,0.9816874861717224,0.7983136773109436,0.5984005331993103,0.5331464409828186,0.9999680519104004,0.9999383687973022,0.9996629953384399
repeat1_fold1,MMdata_1973.40s_0320_224508_no_secretion,975.0,195,394,0.49619289340101524,0,0,1,0.9972879886627197,0.01312708854675293,0.9868729114532471,0.7991948127746582,0.5998796224594116,0.5354981422424316,0.9999831914901733,0.9999735355377197,0.9998056888580322
repeat1_fold1,MMdata_1973.40s_0320_224508_no_secretion,980.0,196,394,0.4987309644670051,0,0,1,0.9972898960113525,0.021217752248048782,0.9787822365760803,0.7498912215232849,0.5011426210403442,0.4803411364555359,0.9999409914016724,0.9998837113380432,0.9994167685508728
repeat1_fold1,MMdata_1973.40s_0320_224508_no_secretion,985.0,197,394,0.501269035532995,0,0,1,0.9973708391189575,0.01929766871035099,0.9807023406028748,0.8010045886039734,0.604085385799408,0.5352819561958313,0.9999666213989258,0.9999354481697083,0.9996485114097595
repeat1_fold1,MMdata_1973.40s_0320_224508_no_secretion,990.0,198,394,0.5038071065989848,0,0,1,0.9975141286849976,0.017379621043801308,0.9826204180717468,0.8076550364494324,0.6171488761901855,0.5448929667472839,0.9999698400497437,0.9999420046806335,0.9996795058250427
repeat1_fold1,MMdata_1973.40s_0320_224508_no_secretion,995.0,199,394,0.5063451776649747,0,0,1,0.9967659711837769,0.011055945418775082,0.9889440536499023,0.7958653569221497,0.5931994318962097,0.5314164161682129,0.9999797344207764,0.9999664425849915,0.9997699856758118
repeat1_fold1,MMdata_1973.40s_0320_224508_no_secretion,1000.0,200,394,0.5088832487309645,0,0,1,0.9973703622817993,0.01951485313475132,0.9804850816726685,0.761383593082428,0.5242932438850403,0.49143922328948975,0.9999474287033081,0.9998967051506042,0.999474048614502
repeat1_fold1,MMdata_1973.40s_0320_224508_no_secretion,1005.0,201,394,0.5114213197969543,0,0,1,0.997364342212677,0.018744327127933502,0.9812557101249695,0.8025828003883362,0.6075060963630676,0.5362261533737183,0.9999704360961914,0.9999434947967529,0.9996843934059143
repeat1_fold1,MMdata_1973.40s_0320_224508_no_secretion,1010.0,202,394,0.5139593908629442,0,0,1,0.9975131750106812,0.01680055260658264,0.9831994771957397,0.8046721816062927,0.6111273169517517,0.5412352085113525,0.9999723434448242,0.999947190284729,0.9997035264968872
repeat1_fold1,MMdata_1973.40s_0320_224508_no_secretion,1015.0,203,394,0.516497461928934,0,0,1,0.9971147775650024,0.012147845700383186,0.9878520965576172,0.7952651381492615,0.5921134948730469,0.5301601886749268,0.9999822378158569,0.9999731183052063,0.9997957944869995
repeat1_fold1,MMdata_1973.40s_0320_224508_no_secretion,1020.0,204,394,0.5190355329949239,0,0,1,0.9971996545791626,0.02078092470765114,0.9792190194129944,0.7664667963981628,0.5345479846000671,0.49650126695632935,0.9999350309371948,0.9998717308044434,0.999363899230957
repeat1_fold1,MMdata_1973.40s_0320_224508_no_secretion,1025.0,205,394,0.5215736040609137,0,0,1,0.9974241256713867,0.017280828207731247,0.9827191829681396,0.805129885673523,0.6122188568115234,0.5410858988761902,0.999972939491272,0.9999486804008484,0.999708890914917
repeat1_fold1,MMdata_1973.40s_0320_224508_no_secretion,1030.0,206,394,0.5241116751269036,0,0,1,0.9975321292877197,0.016873793676495552,0.9831262230873108,0.8175538182258606,0.637008547782898,0.5579428672790527,0.9999722242355347,0.9999469518661499,0.9997022151947021
repeat1_fold1,MMdata_1973.40s_0320_224508_no_secretion,1035.0,207,394,0.5266497461928934,0,0,1,0.9967071413993835,0.011911625973880291,0.9880883097648621,0.7925979495048523,0.5868054628372192,0.5267502069473267,0.9999786615371704,0.9999651312828064,0.9997599124908447
repeat1_fold1,MMdata_1973.40s_0320_224508_no_secretion,1040.0,208,394,0.5291878172588832,0,0,1,0.9971398115158081,0.02116362191736698,0.9788363575935364,0.7583751082420349,0.5181545615196228,0.4888322353363037,0.9999309778213501,0.9998635649681091,0.9993284940719604
repeat1_fold1,MMdata_1973.40s_0320_224508_no_secretion,1045.0,209,394,0.5317258883248731,0,0,1,0.997433602809906,0.018336066976189613,0.9816639423370361,0.8080347776412964,0.6180936098098755,0.5446188449859619,0.9999691247940063,0.9999406337738037,0.9996724724769592
repeat1_fold1,MMdata_1973.40s_0320_224508_no_secretion,1050.0,210,394,0.5342639593908629,0,0,1,0.9975343942642212,0.015323684550821781,0.9846763014793396,0.8174817562103271,0.6368415355682373,0.557938814163208,0.9999738931655884,0.9999503493309021,0.9997169971466064
repeat1_fold1,MMdata_1973.40s_0320_224508_no_secretion,1055.0,211,394,0.5368020304568528,0,0,1,0.9972407817840576,0.013608194887638092,0.9863917827606201,0.7879268527030945,0.5774135589599609,0.521298885345459,0.9999823570251465,0.999971866607666,0.9997972249984741
repeat1_fold1,MMdata_1973.40s_0320_224508_no_secretion,1060.0,212,394,0.5393401015228426,0,0,1,0.9971358776092529,0.020941410213708878,0.979058563709259,0.7643360495567322,0.5301135778427124,0.49498629570007324,0.9999305009841919,0.999862551689148,0.9993237257003784
repeat1_fold1,MMdata_1973.40s_0320_224508_no_secretion,1065.0,213,394,0.5418781725888325,0,0,1,0.9975016713142395,0.01781269535422325,0.9821872711181641,0.7901325225830078,0.5819599032402039,0.5233660936355591,0.9999709129333496,0.9999441504478455,0.9996888637542725
repeat1_fold1,MMdata_1973.40s_0320_224508_no_secretion,1070.0,214,394,0.5444162436548223,0,0,1,0.9974682331085205,0.01574220135807991,0.9842578172683716,0.8158259391784668,0.633452832698822,0.5559940934181213,0.9999732971191406,0.9999491572380066,0.999711275100708
repeat1_fold1,MMdata_1973.40s_0320_224508_no_secretion,1075.0,215,394,0.5469543147208121,0,0,1,0.996536374092102,0.011682583019137383,0.9883174300193787,0.7942346334457397,0.5900656580924988,0.5288249254226685,0.9999775886535645,0.9999628067016602,0.9997478723526001
repeat1_fold1,MMdata_1973.40s_0320_224508_no_secretion,1080.0,216,394,0.549492385786802,0,0,1,0.9971120357513428,0.021331874653697014,0.9786681532859802,0.7603859305381775,0.5222396850585938,0.49065083265304565,0.9999291896820068,0.9998598694801331,0.9993122220039368
repeat1_fold1,MMdata_1973.40s_0320_224508_no_secretion,1085.0,217,394,0.5520304568527918,0,0,1,0.99733966588974,0.015935005620121956,0.9840649962425232,0.8040600419044495,0.6099180579185486,0.5403779149055481,0.9999747276306152,0.9999526143074036,0.9997254014015198
repeat1_fold1,MMdata_1973.40s_0320_224508_no_secretion,1090.0,218,394,0.5545685279187818,0,0,1,0.9976075887680054,0.013547969982028008,0.9864521026611328,0.7951918244361877,0.5919533371925354,0.5301289558410645,0.9999814033508301,0.999966561794281,0.9997906684875488
repeat1_fold1,MMdata_1973.40s_0320_224508_no_secretion,1095.0,219,394,0.5571065989847716,0,0,1,0.9967195391654968,0.012350214645266533,0.9876497387886047,0.7922753095626831,0.5861705541610718,0.526308536529541,0.9999796152114868,0.9999678134918213,0.9997683763504028
repeat1_fold1,MMdata_1973.40s_0320_224508_no_secretion,1100.0,220,394,0.5596446700507615,0,0,1,0.9971011281013489,0.021241532638669014,0.9787584543228149,0.7608389258384705,0.5232532024383545,0.4906355142593384,0.9999299049377441,0.9998613595962524,0.9993184208869934
repeat1_fold1,MMdata_1973.40s_0320_224508_no_secretion,1105.0,221,394,0.5621827411167513,0,0,1,0.9973957538604736,0.016836995258927345,0.9831629991531372,0.8087099194526672,0.6193740963935852,0.5457993745803833,0.9999725818634033,0.9999478459358215,0.9997044205665588
repeat1_fold1,MMdata_1973.40s_0320_224508_no_secretion,1110.0,222,394,0.5647208121827412,0,0,1,0.9975666999816895,0.013256455771625042,0.9867435693740845,0.8079798817634583,0.6175570487976074,0.5463553667068481,0.999981164932251,0.999966025352478,0.9997876882553101
repeat1_fold1,MMdata_1973.40s_0320_224508_no_secretion,1115.0,223,394,0.567258883248731,0,0,1,0.9970287680625916,0.013846423476934433,0.9861536026000977,0.7887744307518005,0.5792447924613953,0.5217169523239136,0.999981164932251,0.999971330165863,0.9997844099998474
repeat1_fold1,MMdata_1973.40s_0320_224508_no_secretion,1120.0,224,394,0.5697969543147208,0,0,1,0.9968550205230713,0.022405827417969704,0.9775941371917725,0.7669273018836975,0.5355743169784546,0.49653011560440063,0.9999103546142578,0.9998223185539246,0.9991517663002014
repeat1_fold1,MMdata_1973.40s_0320_224508_no_secretion,1125.0,225,394,0.5723350253807107,0,0,1,0.9975593090057373,0.01642136089503765,0.9835786819458008,0.8042019605636597,0.6102736592292786,0.5402568578720093,0.9999741315841675,0.9999508261680603,0.9997196793556213
repeat1_fold1,MMdata_1973.40s_0320_224508_no_secretion,1130.0,226,394,0.5748730964467005,0,0,1,0.9975572824478149,0.012981990352272987,0.9870180487632751,0.8165845274925232,0.6349509954452515,0.5571101307868958,0.9999809265136719,0.999965488910675,0.9997856616973877
repeat1_fold1,MMdata_1973.40s_0320_224508_no_secretion,1135.0,227,394,0.5774111675126904,0,0,1,0.9970628619194031,0.014239951968193054,0.9857600331306458,0.7980658411979675,0.5977593660354614,0.5334661602973938,0.9999814033508301,0.9999701976776123,0.9997870922088623
repeat1_fold1,MMdata_1973.40s_0320_224508_no_secretion,1140.0,228,394,0.5799492385786802,0,0,1,0.9962900876998901,0.023894835263490677,0.9761052131652832,0.783589243888855,0.5690385103225708,0.5148178339004517,0.999873161315918,0.9997478723526001,0.9988418817520142
repeat1_fold1,MMdata_1973.40s_0320_224508_no_secretion,1145.0,229,394,0.5824873096446701,0,0,1,0.9975675344467163,0.015368358232080936,0.9846316576004028,0.7978581786155701,0.5974047183990479,0.5329400300979614,0.9999773502349854,0.9999577403068542,0.9997513890266418
repeat1_fold1,MMdata_1973.40s_0320_224508_no_secretion,1150.0,230,394,0.5850253807106599,0,0,1,0.9976074695587158,0.013095924630761147,0.9869041442871094,0.8011457920074463,0.6040179133415222,0.5369408130645752,0.9999806880950928,0.9999649524688721,0.9997839331626892
repeat1_fold1,MMdata_1973.40s_0320_224508_no_secretion,1155.0,231,394,0.5875634517766497,0,0,1,0.9969627261161804,0.014296319335699081,0.9857036471366882,0.7902300357818604,0.5821823477745056,0.5233644843101501,0.9999808073043823,0.9999706745147705,0.9997807741165161
repeat1_fold1,MMdata_1973.40s_0320_224508_no_secretion,1160.0,232,394,0.5901015228426396,0,0,1,0.9969000816345215,0.022610947489738464,0.9773890972137451,0.7666873931884766,0.5350899696350098,0.4962886571884155,0.9999136924743652,0.9998288750648499,0.9991792440414429
repeat1_fold1,MMdata_1973.40s_0320_224508_no_secretion,1165.0,233,394,0.5926395939086294,0,0,1,0.9975916147232056,0.015311731956899166,0.9846883416175842,0.7980877757072449,0.5977630019187927,0.53367018699646,0.9999783039093018,0.9999595880508423,0.9997597932815552
repeat1_fold1,MMdata_1973.40s_0320_224508_no_secretion,1170.0,234,394,0.5951776649746193,0,0,1,0.9976315498352051,0.013601994141936302,0.9863980412483215,0.7955898642539978,0.5928593873977661,0.5301405787467957,0.9999808073043823,0.9999651908874512,0.9997847676277161
repeat1_fold1,MMdata_1973.40s_0320_224508_no_secretion,1175.0,235,394,0.5977157360406091,0,0,1,0.9968953132629395,0.014330164529383183,0.9856697916984558,0.796085774898529,0.5938640236854553,0.5307023525238037,0.9999805688858032,0.9999704957008362,0.9997786283493042
repeat1_fold1,MMdata_1973.40s_0320_224508_no_secretion,1180.0,236,394,0.600253807106599,0,0,1,0.9967001080513,0.02385461889207363,0.9761453866958618,0.7737354636192322,0.5494182109832764,0.5030807256698608,0.9999011754989624,0.999803900718689,0.9990736842155457
repeat1_fold1,MMdata_1973.40s_0320_224508_no_secretion,1185.0,237,394,0.6027918781725888,0,0,1,0.997458279132843,0.015252145938575268,0.9847478270530701,0.8038102388381958,0.6092430353164673,0.5408109426498413,0.9999758005142212,0.9999545812606812,0.9997360706329346
repeat1_fold1,MMdata_1973.40s_0320_224508_no_secretion,1190.0,238,394,0.6053299492385786,0,0,1,0.9975852966308594,0.013778195716440678,0.9862217307090759,0.8088356256484985,0.6195285320281982,0.5463715195655823,0.9999802112579346,0.9999638199806213,0.9997780323028564
repeat1_fold1,MMdata_1973.40s_0320_224508_no_secretion,1195.0,239,394,0.6078680203045685,0,0,1,0.9968708157539368,0.014276699163019657,0.9857233166694641,0.7933112382888794,0.5882066488265991,0.5277395248413086,0.9999802112579346,0.9999685287475586,0.9997750520706177
repeat1_fold1,MMdata_1973.40s_0320_224508_no_secretion,1200.0,240,394,0.6104060913705583,0,0,1,0.9967117309570312,0.022376874461770058,0.9776231646537781,0.7755414247512817,0.552817702293396,0.5060516595840454,0.9999048709869385,0.9998112916946411,0.9991045594215393
repeat1_fold1,MMdata_1973.40s_0320_224508_no_secretion,1205.0,241,394,0.6129441624365483,0,0,1,0.997479259967804,0.013896648772060871,0.9861034154891968,0.799562394618988,0.6007970571517944,0.5351609587669373,0.99997878074646,0.9999608993530273,0.9997645616531372
repeat1_fold1,MMdata_1973.40s_0320_224508_no_secretion,1210.0,242,394,0.6154822335025381,0,0,1,0.9973573088645935,0.011054215021431446,0.9889457821846008,0.8020136952400208,0.6057206988334656,0.5381931066513062,0.9999842643737793,0.9999750852584839,0.9998173713684082
repeat1_fold1,MMdata_1973.40s_0320_224508_no_secretion,1215.0,243,394,0.618020304568528,0,0,1,0.996982991695404,0.015668736770749092,0.9843313097953796,0.7788714170455933,0.5592625141143799,0.5108232498168945,0.99997878074646,0.9999639391899109,0.9997616410255432
repeat1_fold1,MMdata_1973.40s_0320_224508_no_secretion,1220.0,244,394,0.6205583756345178,0,0,1,0.9969122409820557,0.021384218707680702,0.9786157608032227,0.760480523109436,0.522465705871582,0.4905809760093689,0.9999192953109741,0.9998401403427124,0.9992270469665527
repeat1_fold1,MMdata_1973.40s_0320_224508_no_secretion,1225.0,245,394,0.6230964467005076,0,0,1,0.9975117444992065,0.015393082983791828,0.984606921672821,0.796103298664093,0.5937732458114624,0.531276524066925,0.9999762773513794,0.9999555349349976,0.9997406601905823
repeat1_fold1,MMdata_1973.40s_0320_224508_no_secretion,1230.0,246,394,0.6256345177664975,0,0,1,0.9975025057792664,0.01205526664853096,0.9879447221755981,0.8193885087966919,0.6407572627067566,0.5601488351821899,0.9999836683273315,0.9999721646308899,0.9998124837875366
repeat1_fold1,MMdata_1973.40s_0320_224508_no_secretion,1235.0,247,394,0.6281725888324873,0,0,1,0.997097373008728,0.01680583693087101,0.9831941723823547,0.7824354767799377,0.5664875507354736,0.5145294666290283,0.9999780654907227,0.9999614357948303,0.999755322933197
repeat1_fold1,MMdata_1973.40s_0320_224508_no_secretion,1240.0,248,394,0.6307106598984772,0,0,1,0.9966862797737122,0.02223360165953636,0.9777663946151733,0.792081892490387,0.5861532092094421,0.5244777798652649,0.9999058246612549,0.9998131990432739,0.9991118907928467
repeat1_fold1,MMdata_1973.40s_0320_224508_no_secretion,1245.0,249,394,0.633248730964467,0,0,1,0.9973909258842468,0.014156385324895382,0.9858435988426208,0.8026475310325623,0.6068962216377258,0.5394066572189331,0.9999778270721436,0.9999591112136841,0.9997555613517761
repeat1_fold1,MMdata_1973.40s_0320_224508_no_secretion,1250.0,250,394,0.6357868020304569,0,0,1,0.9975652694702148,0.012276183813810349,0.9877238273620605,0.8164634108543396,0.6349647045135498,0.5558834075927734,0.9999836683273315,0.9999718070030212,0.9998115301132202
repeat1_fold1,MMdata_1973.40s_0320_224508_no_secretion,1255.0,251,394,0.6383248730964467,0,0,1,0.9972936511039734,0.016935082152485847,0.9830649495124817,0.7847675085067749,0.5711859464645386,0.5171246528625488,0.9999790191650391,0.9999625086784363,0.9997653961181641
repeat1_fold1,MMdata_1973.40s_0320_224508_no_secretion,1260.0,252,394,0.6408629441624365,0,0,1,0.9968089461326599,0.020938722416758537,0.9790613055229187,0.7888985872268677,0.5795785188674927,0.5214948654174805,0.9999136924743652,0.9998290538787842,0.9991793036460876
repeat1_fold1,MMdata_1973.40s_0320_224508_no_secretion,1265.0,253,394,0.6434010152284264,0,0,1,0.997456967830658,0.014399352483451366,0.9856006503105164,0.7963168621063232,0.5941568613052368,0.5317360162734985,0.99997878074646,0.9999608993530273,0.9997644424438477
repeat1_fold1,MMdata_1973.40s_0320_224508_no_secretion,1270.0,254,394,0.6459390862944162,0,0,1,0.9975445866584778,0.012520006857812405,0.9874799847602844,0.805381178855896,0.6126286387443542,0.5418024063110352,0.9999831914901733,0.9999709725379944,0.9998079538345337
repeat1_fold1,MMdata_1973.40s_0320_224508_no_secretion,1275.0,255,394,0.6484771573604061,0,0,1,0.9973733425140381,0.018016664311289787,0.9819833040237427,0.7847001552581787,0.5710762739181519,0.516934335231781,0.9999769926071167,0.9999577403068542,0.9997462034225464
repeat1_fold1,MMdata_1973.40s_0320_224508_no_secretion,1280.0,256,394,0.6510152284263959,0,0,1,0.9965530633926392,0.021099993959069252,0.9788999557495117,0.7900793552398682,0.5820485353469849,0.5224573612213135,0.9998987913131714,0.9997992515563965,0.999052882194519
repeat1_fold1,MMdata_1973.40s_0320_224508_no_secretion,1285.0,257,394,0.6535532994923858,0,0,1,0.9973172545433044,0.012587733566761017,0.9874122142791748,0.8132754564285278,0.62824946641922,0.5529705286026001,0.9999822378158569,0.9999691247940063,0.999796986579895
repeat1_fold1,MMdata_1973.40s_0320_224508_no_secretion,1290.0,258,394,0.6560913705583756,0,0,1,0.9975830316543579,0.013297229073941708,0.9867027997970581,0.8025256991386414,0.6069463491439819,0.5379884243011475,0.9999818801879883,0.9999675750732422,0.9997946619987488
repeat1_fold1,MMdata_1973.40s_0320_224508_no_secretion,1295.0,259,394,0.6586294416243654,0,0,1,0.9973244667053223,0.01873049885034561,0.9812694787979126,0.7823598384857178,0.5666271448135376,0.5131682753562927,0.9999771118164062,0.9999580979347229,0.9997476935386658
repeat1_fold1,MMdata_1973.40s_0320_224508_no_secretion,1300.0,260,394,0.6611675126903553,0,0,1,0.9963594079017639,0.022183535620570183,0.9778164625167847,0.7857279777526855,0.5732008218765259,0.5178521871566772,0.9998863935470581,0.9997744560241699,0.9989493489265442
repeat1_fold1,MMdata_1973.40s_0320_224508_no_secretion,1305.0,261,394,0.6637055837563451,0,0,1,0.9975029826164246,0.014157690107822418,0.9858422875404358,0.8057540655136108,0.6132414937019348,0.5428533554077148,0.9999805688858032,0.9999647736549377,0.9997816681861877
repeat1_fold1,MMdata_1973.40s_0320_224508_no_secretion,1310.0,262,394,0.666243654822335,0,0,1,0.997506320476532,0.014767804183065891,0.9852322340011597,0.7995416522026062,0.6007831692695618,0.5350149869918823,0.9999778270721436,0.9999589323997498,0.9997553825378418
repeat1_fold1,MMdata_1973.40s_0320_224508_no_secretion,1315.0,263,394,0.6687817258883249,0,0,1,0.9973652958869934,0.01919705606997013,0.9808030128479004,0.783374547958374,0.5687557458877563,0.5139362812042236,0.9999754428863525,0.999954342842102,0.9997318983078003
repeat1_fold1,MMdata_1973.40s_0320_224508_no_secretion,1320.0,264,394,0.6713197969543148,0,0,1,0.9971113204956055,0.019673757255077362,0.9803262948989868,0.7822667956352234,0.5662785172462463,0.5137647986412048,0.9999313354492188,0.9998642802238464,0.9993305206298828
repeat1_fold1,MMdata_1973.40s_0320_224508_no_secretion,1325.0,265,394,0.6738578680203046,0,0,1,0.9974658489227295,0.013571721501648426,0.9864283204078674,0.7975823879241943,0.596786379814148,0.5328853130340576,0.999981164932251,0.9999663233757019,0.9997878670692444
repeat1_fold1,MMdata_1973.40s_0320_224508_no_secretion,1330.0,266,394,0.6763959390862944,0,0,1,0.9974204301834106,0.013519958592951298,0.9864800572395325,0.8074849247932434,0.6168311834335327,0.5445741415023804,0.9999819993972778,0.9999683499336243,0.9997947812080383
repeat1_fold1,MMdata_1973.40s_0320_224508_no_secretion,1335.0,267,394,0.6789340101522843,0,0,1,0.9972671270370483,0.02299443632364273,0.9770056009292603,0.7809291481971741,0.5643611550331116,0.5090072154998779,0.9999709129333496,0.9999448657035828,0.9996888637542725
repeat1_fold1,MMdata_1973.40s_0320_224508_no_secretion,1340.0,268,394,0.6814720812182741,0,0,1,0.9968666434288025,0.01888185925781727,0.9811181426048279,0.7849994897842407,0.5714915990829468,0.5181071758270264,0.9999252557754517,0.9998523592948914,0.9992778301239014
repeat1_fold1,MMdata_1973.40s_0320_224508_no_secretion,1345.0,269,394,0.684010152284264,0,0,1,0.99751877784729,0.014386411756277084,0.9856135249137878,0.7911486029624939,0.5838935971260071,0.5250355005264282,0.9999805688858032,0.999964714050293,0.9997813701629639
repeat1_fold1,MMdata_1973.40s_0320_224508_no_secretion,1350.0,270,394,0.6865482233502538,0,0,1,0.9975010752677917,0.014817290008068085,0.9851827025413513,0.7946379780769348,0.5909377932548523,0.5290364623069763,0.9999792575836182,0.9999619722366333,0.9997684359550476
repeat1_fold1,MMdata_1973.40s_0320_224508_no_secretion,1355.0,271,394,0.6890862944162437,0,0,1,0.9973908066749573,0.02012251690030098,0.9798775315284729,0.7791702747344971,0.5603227019309998,0.5091338157653809,0.9999743700027466,0.9999517202377319,0.999721109867096
repeat1_fold1,MMdata_1973.40s_0320_224508_no_secretion,1360.0,272,394,0.6916243654822335,0,0,1,0.9966697096824646,0.018928278237581253,0.9810717701911926,0.7945131659507751,0.590627908706665,0.529146671295166,0.99991774559021,0.9998373985290527,0.999212920665741
repeat1_fold1,MMdata_1973.40s_0320_224508_no_secretion,1365.0,273,394,0.6941624365482234,0,0,1,0.997468113899231,0.014432542957365513,0.9855674505233765,0.7987602949142456,0.599157452583313,0.5343008637428284,0.9999799728393555,0.9999635219573975,0.9997756481170654
repeat1_fold1,MMdata_1973.40s_0320_224508_no_secretion,1370.0,274,394,0.6967005076142132,0,0,1,0.9975293278694153,0.015026670880615711,0.9849733114242554,0.8089704513549805,0.6198691129684448,0.5462528467178345,0.9999792575836182,0.9999620318412781,0.9997698664665222
repeat1_fold1,MMdata_1973.40s_0320_224508_no_secretion,1375.0,275,394,0.699238578680203,0,0,1,0.9973899722099304,0.020810164511203766,0.9791898727416992,0.7759495377540588,0.5539799928665161,0.5050166845321655,0.9999730587005615,0.9999489188194275,0.9997086524963379
repeat1_fold1,MMdata_1973.40s_0320_224508_no_secretion,1380.0,276,394,0.7017766497461929,0,0,1,0.9968762397766113,0.01864418387413025,0.9813558459281921,0.7867494821548462,0.5751810073852539,0.5193459391593933,0.9999253749847412,0.9998525977134705,0.9992792010307312
repeat1_fold1,MMdata_1973.40s_0320_224508_no_secretion,1385.0,277,394,0.7043147208121827,0,0,1,0.9975395202636719,0.014339106157422066,0.9856609106063843,0.8000212907791138,0.6019428372383118,0.5347656011581421,0.9999806880950928,0.9999648332595825,0.9997830986976624
repeat1_fold1,MMdata_1973.40s_0320_224508_no_secretion,1390.0,278,394,0.7068527918781726,0,0,1,0.9973322153091431,0.015872949734330177,0.9841269850730896,0.8290092945098877,0.6602545976638794,0.5727586150169373,0.9999748468399048,0.9999528527259827,0.9997265934944153
repeat1_fold1,MMdata_1973.40s_0320_224508_no_secretion,1395.0,279,394,0.7093908629441624,0,0,1,0.9973767995834351,0.021624933928251266,0.9783750176429749,0.7852587103843689,0.5725952386856079,0.515865683555603,0.9999673366546631,0.9999371767044067,0.9996550679206848
repeat1_fold1,MMdata_1973.40s_0320_224508_no_secretion,1400.0,280,394,0.7119289340101523,0,0,1,0.9969906806945801,0.018140943720936775,0.981859028339386,0.7945278882980347,0.5907745957374573,0.528651237487793,0.9999370574951172,0.999876081943512,0.9993810653686523
repeat1_fold1,MMdata_1973.40s_0320_224508_no_secretion,1405.0,281,394,0.7144670050761421,0,0,1,0.9975199103355408,0.014966714195907116,0.9850332140922546,0.7972662448883057,0.5962612628936768,0.5320212841033936,0.9999790191650391,0.9999615550041199,0.9997674822807312
repeat1_fold1,MMdata_1973.40s_0320_224508_no_secretion,1410.0,282,394,0.7170050761421319,0,0,1,0.9975019097328186,0.01550013292580843,0.9844998121261597,0.8112446665763855,0.6244234442710876,0.5492523312568665,0.9999765157699585,0.9999560117721558,0.999742865562439
repeat1_fold1,MMdata_1973.40s_0320_224508_no_secretion,1415.0,283,394,0.7195431472081218,0,0,1,0.997407853603363,0.020739341154694557,0.9792606234550476,0.7897933721542358,0.5815317034721375,0.5218749046325684,0.9999639987945557,0.999930202960968,0.9996235966682434
repeat1_fold1,MMdata_1973.40s_0320_224508_no_secretion,1420.0,284,394,0.7220812182741116,0,0,1,0.9968485236167908,0.019543888047337532,0.9804561138153076,0.785591721534729,0.5728903412818909,0.5178564786911011,0.9999229907989502,0.9998477697372437,0.9992583990097046
repeat1_fold1,MMdata_1973.40s_0320_224508_no_secretion,1425.0,285,394,0.7246192893401016,0,0,1,0.9972724318504333,0.014924811199307442,0.9850752353668213,0.8058754801750183,0.6134017109870911,0.5433677434921265,0.9999761581420898,0.9999558329582214,0.9997391104698181
repeat1_fold1,MMdata_1973.40s_0320_224508_no_secretion,1430.0,286,394,0.7271573604060914,0,0,1,0.9975245594978333,0.015949368476867676,0.9840506911277771,0.8041152954101562,0.6101702451705933,0.5398502945899963,0.9999774694442749,0.9999580979347229,0.9997516870498657
repeat1_fold1,MMdata_1973.40s_0320_224508_no_secretion,1435.0,287,394,0.7296954314720813,0,0,1,0.9975698590278625,0.01768742874264717,0.9823126196861267,0.7858811020851135,0.5734940767288208,0.5180915594100952,0.9999768733978271,0.9999567270278931,0.999745786190033
repeat1_fold1,MMdata_1973.40s_0320_224508_no_secretion,1440.0,288,394,0.7322335025380711,0,0,1,0.9973015785217285,0.016919352114200592,0.9830805659294128,0.7824323177337646,0.5664002895355225,0.5148887634277344,0.9999536275863647,0.9999093413352966,0.9995291233062744
repeat1_fold1,MMdata_1973.40s_0320_224508_no_secretion,1445.0,289,394,0.7347715736040609,0,0,1,0.9974275231361389,0.015613309107720852,0.9843867421150208,0.7918497920036316,0.5852587223052979,0.5260567665100098,0.9999765157699585,0.9999561309814453,0.9997420310974121
repeat1_fold1,MMdata_1973.40s_0320_224508_no_secretion,1450.0,290,394,0.7373096446700508,0,0,1,0.997416615486145,0.01435041893273592,0.9856495261192322,0.80927973985672,0.6203165054321289,0.5473837852478027,0.9999786615371704,0.9999610185623169,0.9997631907463074
repeat1_fold1,MMdata_1973.40s_0320_224508_no_secretion,1455.0,291,394,0.7398477157360406,0,0,1,0.9975754618644714,0.017842678353190422,0.9821573495864868,0.7733640074729919,0.548263669013977,0.5044844150543213,0.9999768733978271,0.9999567866325378,0.9997460842132568
repeat1_fold1,MMdata_1973.40s_0320_224508_no_secretion,1460.0,292,394,0.7423857868020305,0,0,1,0.9971557855606079,0.015516928397119045,0.9844830632209778,0.7836518883705139,0.5688942670822144,0.5160759687423706,0.9999613761901855,0.9999254941940308,0.99959796667099
repeat1_fold1,MMdata_1973.40s_0320_224508_no_secretion,1465.0,293,394,0.7449238578680203,0,0,1,0.997383177280426,0.014458787627518177,0.9855411648750305,0.7930009961128235,0.5876537561416626,0.5270599722862244,0.9999788999557495,0.9999614953994751,0.9997648000717163
repeat1_fold1,MMdata_1973.40s_0320_224508_no_secretion,1470.0,294,394,0.7474619289340102,0,0,1,0.997345507144928,0.013819720596075058,0.9861802458763123,0.8052964210510254,0.6122422814369202,0.5426195859909058,0.9999802112579346,0.9999645948410034,0.9997777938842773
repeat1_fold1,MMdata_1973.40s_0320_224508_no_secretion,1475.0,295,394,0.75,0,0,1,0.9976061582565308,0.017099199816584587,0.9829007983207703,0.7766240239143372,0.5547898411750793,0.5081467628479004,0.9999769926071167,0.9999570250511169,0.9997483491897583
repeat1_fold1,MMdata_1973.40s_0320_224508_no_secretion,1480.0,296,394,0.7525380710659898,0,0,1,0.9974452257156372,0.015706731006503105,0.9842932820320129,0.7820371985435486,0.5654878616333008,0.5149812698364258,0.9999657869338989,0.9999338984489441,0.999640703201294
repeat1_fold1,MMdata_1973.40s_0320_224508_no_secretion,1485.0,297,394,0.7550761421319797,0,0,1,0.9973593354225159,0.014848806895315647,0.9851512312889099,0.7975505590438843,0.5967344045639038,0.5327942371368408,0.9999775886535645,0.9999585747718811,0.9997521042823792
repeat1_fold1,MMdata_1973.40s_0320_224508_no_secretion,1490.0,298,394,0.7576142131979695,0,0,1,0.9974411725997925,0.016382457688450813,0.9836175441741943,0.8011545538902283,0.6042208671569824,0.536160945892334,0.9999752044677734,0.9999533891677856,0.9997304081916809
repeat1_fold1,MMdata_1973.40s_0320_224508_no_secretion,1495.0,299,394,0.7601522842639594,0,0,1,0.9975973963737488,0.01531427726149559,0.9846857786178589,0.7838705778121948,0.5692675113677979,0.5166207551956177,0.999981164932251,0.9999659657478333,0.9997875094413757
repeat1_fold1,MMdata_1973.40s_0320_224508_no_secretion,1500.0,300,394,0.7626903553299492,0,0,1,0.9970265030860901,0.01617235690355301,0.9838275909423828,0.7936910390853882,0.5889062881469727,0.5284738540649414,0.9999547004699707,0.999911904335022,0.999538242816925
repeat1_fold1,MMdata_1973.40s_0320_224508_no_secretion,1505.0,301,394,0.7652284263959391,0,0,1,0.9973402619361877,0.015210363082587719,0.9847896695137024,0.7861256003379822,0.5737632513046265,0.5193579196929932,0.9999760389328003,0.999955415725708,0.999737024307251
repeat1_fold1,MMdata_1973.40s_0320_224508_no_secretion,1510.0,302,394,0.7677664974619289,0,0,1,0.9974811673164368,0.01673217862844467,0.9832678437232971,0.809446394443512,0.6208165287971497,0.5469017028808594,0.9999758005142212,0.9999545812606812,0.9997356534004211
repeat1_fold1,MMdata_1973.40s_0320_224508_no_secretion,1515.0,303,394,0.7703045685279187,0,0,1,0.9976456761360168,0.01602471061050892,0.9839752912521362,0.7743589878082275,0.5501602292060852,0.5060312747955322,0.9999804496765137,0.9999644756317139,0.9997807741165161
repeat1_fold1,MMdata_1973.40s_0320_224508_no_secretion,1520.0,304,394,0.7728426395939086,0,0,1,0.9971917271614075,0.017456816509366035,0.9825432300567627,0.7879635691642761,0.5775348544120789,0.5211293697357178,0.9999516010284424,0.9999052882194519,0.9995110034942627
repeat1_fold1,MMdata_1973.40s_0320_224508_no_secretion,1525.0,305,394,0.7753807106598984,0,0,1,0.997421145439148,0.0162296574562788,0.9837703704833984,0.7957971692085266,0.5933252573013306,0.5301758050918579,0.9999747276306152,0.9999524354934692,0.9997256398200989
repeat1_fold1,MMdata_1973.40s_0320_224508_no_secretion,1530.0,306,394,0.7779187817258884,0,0,1,0.9973512887954712,0.01792655885219574,0.9820734262466431,0.8352393507957458,0.6728768348693848,0.5812857151031494,0.9999712705612183,0.9999452233314514,0.9996927976608276
repeat1_fold1,MMdata_1973.40s_0320_224508_no_secretion,1535.0,307,394,0.7804568527918782,0,0,1,0.9976332187652588,0.017319366335868835,0.98268061876297,0.7777562141418457,0.557020902633667,0.5095925331115723,0.999976634979248,0.9999560713768005,0.9997429847717285
repeat1_fold1,MMdata_1973.40s_0320_224508_no_secretion,1540.0,308,394,0.7829949238578681,0,0,1,0.9972027540206909,0.017188334837555885,0.9828116297721863,0.8095141053199768,0.6209632158279419,0.546944260597229,0.999956488609314,0.9999153017997742,0.9995554089546204
repeat1_fold1,MMdata_1973.40s_0320_224508_no_secretion,1545.0,309,394,0.7855329949238579,0,0,1,0.9973288774490356,0.01752333529293537,0.9824767112731934,0.8010050654411316,0.6039042472839355,0.536044180393219,0.9999700784683228,0.9999428391456604,0.9996815323829651
repeat1_fold1,MMdata_1973.40s_0320_224508_no_secretion,1550.0,310,394,0.7880710659898477,0,0,1,0.9975110292434692,0.01744564063847065,0.9825543761253357,0.808447539806366,0.6187728643417358,0.545772910118103,0.9999734163284302,0.9999495148658752,0.9997139573097229
repeat1_fold1,MMdata_1973.40s_0320_224508_no_secretion,1555.0,311,394,0.7906091370558376,0,0,1,0.9976929426193237,0.014821848832070827,0.9851781725883484,0.7808573842048645,0.5631448030471802,0.5135300159454346,0.9999812841415405,0.9999662637710571,0.9997890591621399
repeat1_fold1,MMdata_1973.40s_0320_224508_no_secretion,1560.0,312,394,0.7931472081218274,0,0,1,0.9972668886184692,0.017770158126950264,0.9822298288345337,0.7964781522750854,0.5946723818778992,0.5310897827148438,0.9999549388885498,0.9999118447303772,0.9995406866073608
repeat1_fold1,MMdata_1973.40s_0320_224508_no_secretion,1565.0,313,394,0.7956852791878173,0,0,1,0.9973424077033997,0.019045935943722725,0.9809540510177612,0.7954024076461792,0.592837393283844,0.5283991098403931,0.9999641180038452,0.9999303817749023,0.9996252655982971
repeat1_fold1,MMdata_1973.40s_0320_224508_no_secretion,1570.0,314,394,0.7982233502538071,0,0,1,0.9975255131721497,0.016209447756409645,0.9837905764579773,0.8075373768806458,0.616820752620697,0.5451326370239258,0.9999756813049316,0.9999542236328125,0.99973464012146
repeat1_fold1,MMdata_1973.40s_0320_224508_no_secretion,1575.0,315,394,0.800761421319797,0,0,1,0.9977130889892578,0.015101907774806023,0.9848981499671936,0.7785007357597351,0.5584132671356201,0.510888934135437,0.9999814033508301,0.9999664425849915,0.9997904896736145
repeat1_fold1,MMdata_1973.40s_0320_224508_no_secretion,1580.0,316,394,0.8032994923857868,0,0,1,0.9973381161689758,0.018131934106349945,0.9818680286407471,0.7824227809906006,0.5665015578269958,0.5143399238586426,0.9999539852142334,0.9999098777770996,0.9995322823524475
repeat1_fold1,MMdata_1973.40s_0320_224508_no_secretion,1585.0,317,394,0.8058375634517766,0,0,1,0.9973881840705872,0.017515940591692924,0.9824840426445007,0.786558210849762,0.5748293399810791,0.5189822316169739,0.9999724626541138,0.9999476671218872,0.9997034668922424
repeat1_fold1,MMdata_1973.40s_0320_224508_no_secretion,1590.0,318,394,0.8083756345177665,0,0,1,0.9975416660308838,0.015293193981051445,0.9847068190574646,0.8209855556488037,0.6439635157585144,0.5623215436935425,0.9999797344207764,0.9999629855155945,0.9997742772102356
repeat1_fold1,MMdata_1973.40s_0320_224508_no_secretion,1595.0,319,394,0.8109137055837563,0,0,1,0.9976980090141296,0.015247984789311886,0.9847519993782043,0.7730348110198975,0.5474820137023926,0.5046792030334473,0.9999814033508301,0.9999663829803467,0.9997910857200623
repeat1_fold1,MMdata_1973.40s_0320_224508_no_secretion,1600.0,320,394,0.8134517766497462,0,0,1,0.997032880783081,0.019061313942074776,0.9809386730194092,0.7946755886077881,0.5910367369651794,0.5289790630340576,0.999943733215332,0.9998894333839417,0.9994398951530457
repeat1_fold1,MMdata_1973.40s_0320_224508_no_secretion,1605.0,321,394,0.815989847715736,0,0,1,0.997174859046936,0.01781286485493183,0.9821871519088745,0.8035653233528137,0.6092910766601562,0.5382248163223267,0.9999732971191406,0.9999497532844543,0.9997109174728394
repeat1_fold1,MMdata_1973.40s_0320_224508_no_secretion,1610.0,322,394,0.8185279187817259,0,0,1,0.9975141286849976,0.01350060198456049,0.9864994287490845,0.7991704940795898,0.5999259948730469,0.5350467562675476,0.9999831914901733,0.9999709725379944,0.9998071193695068
repeat1_fold1,MMdata_1973.40s_0320_224508_no_secretion,1615.0,323,394,0.8210659898477157,0,0,1,0.9976668357849121,0.015406849794089794,0.9845932126045227,0.7812066674232483,0.563943088054657,0.5134834051132202,0.9999814033508301,0.9999666810035706,0.9997894167900085
repeat1_fold1,MMdata_1973.40s_0320_224508_no_secretion,1620.0,324,394,0.8236040609137056,0,0,1,0.9974216222763062,0.018516531214118004,0.981483519077301,0.7818854451179504,0.5656914114952087,0.5125558972358704,0.999958872795105,0.9999197721481323,0.9995773434638977
repeat1_fold1,MMdata_1973.40s_0320_224508_no_secretion,1625.0,325,394,0.8261421319796954,0,0,1,0.9972249269485474,0.016501449048519135,0.9834985136985779,0.793196976184845,0.5880330801010132,0.5273565053939819,0.9999728202819824,0.9999486804008484,0.99970543384552
repeat1_fold1,MMdata_1973.40s_0320_224508_no_secretion,1630.0,326,394,0.8286802030456852,0,0,1,0.9974175691604614,0.01279390323907137,0.9872061014175415,0.802984893321991,0.6076129674911499,0.5396572351455688,0.999982476234436,0.9999696612358093,0.9998000264167786
repeat1_fold1,MMdata_1973.40s_0320_224508_no_secretion,1635.0,327,394,0.8312182741116751,0,0,1,0.9976542592048645,0.01466178148984909,0.9853382110595703,0.7740833163261414,0.5496261119842529,0.5056411623954773,0.9999821186065674,0.9999684691429138,0.999798059463501
repeat1_fold1,MMdata_1973.40s_0320_224508_no_secretion,1640.0,328,394,0.833756345177665,0,0,1,0.9971464276313782,0.018570290878415108,0.9814297556877136,0.7938627600669861,0.5894091725349426,0.5279822945594788,0.9999488592147827,0.9998995661735535,0.9994852542877197
repeat1_fold1,MMdata_1973.40s_0320_224508_no_secretion,1645.0,329,394,0.8362944162436549,0,0,1,0.9973365664482117,0.018544429913163185,0.9814556241035461,0.7876920104026794,0.5773167014122009,0.5193895697593689,0.999969482421875,0.9999414086341858,0.9996747970581055
repeat1_fold1,MMdata_1973.40s_0320_224508_no_secretion,1650.0,330,394,0.8388324873096447,0,0,1,0.9974428415298462,0.012669429183006287,0.9873305559158325,0.8076230883598328,0.6169180870056152,0.5455633401870728,0.9999828338623047,0.9999704957008362,0.9998036623001099
repeat1_fold1,MMdata_1973.40s_0320_224508_no_secretion,1655.0,331,394,0.8413705583756346,0,0,1,0.9976915121078491,0.015749745070934296,0.9842501878738403,0.7851580381393433,0.5718783736228943,0.5179824233055115,0.9999790191650391,0.9999613761901855,0.9997674226760864
repeat1_fold1,MMdata_1973.40s_0320_224508_no_secretion,1660.0,332,394,0.8439086294416244,0,0,1,0.9972105622291565,0.018018445000052452,0.9819815754890442,0.7858376502990723,0.5732183456420898,0.5188759565353394,0.9999545812606812,0.9999112486839294,0.999538004398346
repeat1_fold1,MMdata_1973.40s_0320_224508_no_secretion,1665.0,333,394,0.8464467005076142,0,0,1,0.9973037242889404,0.01741776429116726,0.9825822114944458,0.7866265773773193,0.5750076770782471,0.5188818573951721,0.9999680519104004,0.9999386072158813,0.9996618628501892
repeat1_fold1,MMdata_1973.40s_0320_224508_no_secretion,1670.0,334,394,0.8489847715736041,0,0,1,0.9975715279579163,0.012907720170915127,0.9870922565460205,0.8016950488090515,0.6050466895103455,0.5379443168640137,0.9999839067459106,0.9999727606773376,0.9998140931129456
repeat1_fold1,MMdata_1973.40s_0320_224508_no_secretion,1675.0,335,394,0.8515228426395939,0,0,1,0.9977220892906189,0.015800295397639275,0.9841997623443604,0.7803009748458862,0.5621156692504883,0.5125036239624023,0.9999774694442749,0.9999578595161438,0.9997520446777344
repeat1_fold1,MMdata_1973.40s_0320_224508_no_secretion,1680.0,336,394,0.8540609137055838,0,0,1,0.9973727464675903,0.018222780898213387,0.9817772507667542,0.7808520793914795,0.5635733604431152,0.5115714073181152,0.9999608993530273,0.999923825263977,0.9995958805084229
repeat1_fold1,MMdata_1973.40s_0320_224508_no_secretion,1685.0,337,394,0.8565989847715736,0,0,1,0.997330904006958,0.017466910183429718,0.9825330972671509,0.7745501399040222,0.5507277250289917,0.5054065585136414,0.9999740123748779,0.999951183795929,0.9997189044952393
repeat1_fold1,MMdata_1973.40s_0320_224508_no_secretion,1690.0,338,394,0.8591370558375635,0,0,1,0.9973382353782654,0.011302655562758446,0.9886974096298218,0.8071969747543335,0.6159825325012207,0.5453649759292603,0.9999842643737793,0.9999756813049316,0.9998171329498291
repeat1_fold1,MMdata_1973.40s_0320_224508_no_secretion,1695.0,339,394,0.8616751269035533,0,0,1,0.9976953864097595,0.017149746417999268,0.9828502535820007,0.7737841010093689,0.5490572452545166,0.5051684975624084,0.999975323677063,0.9999533891677856,0.9997311234474182
repeat1_fold1,MMdata_1973.40s_0320_224508_no_secretion,1700.0,340,394,0.8642131979695431,0,0,1,0.9971729516983032,0.01722923293709755,0.9827708005905151,0.7911298871040344,0.5838626623153687,0.5249836444854736,0.9999572038650513,0.9999165534973145,0.9995614290237427
repeat1_fold1,MMdata_1973.40s_0320_224508_no_secretion,1705.0,341,394,0.866751269035533,0,0,1,0.9973586201667786,0.017034487798810005,0.9829655289649963,0.7989460825920105,0.59971022605896,0.5337521433830261,0.9999680519104004,0.9999385476112366,0.9996620416641235
repeat1_fold1,MMdata_1973.40s_0320_224508_no_secretion,1710.0,342,394,0.8692893401015228,0,0,1,0.9974155426025391,0.010944990441203117,0.9890550374984741,0.7928311824798584,0.5871379375457764,0.5276336073875427,0.9999847412109375,0.9999769330024719,0.9998223185539246
repeat1_fold1,MMdata_1973.40s_0320_224508_no_secretion,1715.0,343,394,0.8718274111675127,0,0,1,0.9976714253425598,0.017295539379119873,0.9827044606208801,0.7761629223823547,0.5538221001625061,0.5078280568122864,0.9999736547470093,0.9999498128890991,0.9997148513793945
repeat1_fold1,MMdata_1973.40s_0320_224508_no_secretion,1720.0,344,394,0.8743654822335025,0,0,1,0.996990442276001,0.018766142427921295,0.9812338948249817,0.7874638438224792,0.5765493512153625,0.5204681158065796,0.9999443292617798,0.9998906254768372,0.9994452595710754
repeat1_fold1,MMdata_1973.40s_0320_224508_no_secretion,1725.0,345,394,0.8769035532994924,0,0,1,0.997356653213501,0.015564894303679466,0.9844351410865784,0.7976998686790466,0.5970320105552673,0.5329859256744385,0.9999761581420898,0.9999554753303528,0.9997386336326599
repeat1_fold1,MMdata_1973.40s_0320_224508_no_secretion,1730.0,346,394,0.8794416243654822,0,0,1,0.997250497341156,0.010002831928431988,0.989997148513794,0.8045482039451599,0.6106844544410706,0.5419157147407532,0.9999839067459106,0.9999743700027466,0.9998137354850769
repeat1_fold1,MMdata_1973.40s_0320_224508_no_secretion,1735.0,347,394,0.881979695431472,0,0,1,0.997680127620697,0.016297202557325363,0.9837027788162231,0.7757552266120911,0.5529155135154724,0.5077823400497437,0.9999767541885376,0.9999562501907349,0.9997449517250061
repeat1_fold1,MMdata_1973.40s_0320_224508_no_secretion,1740.0,348,394,0.8845177664974619,0,0,1,0.9971823692321777,0.017844993621110916,0.9821550846099854,0.7822633981704712,0.5661174654960632,0.51444411277771,0.9999563694000244,0.9999148845672607,0.999553918838501
repeat1_fold1,MMdata_1973.40s_0320_224508_no_secretion,1745.0,349,394,0.8870558375634517,0,0,1,0.9974299073219299,0.015206576324999332,0.9847933650016785,0.80018550157547,0.6020427942276001,0.5359537601470947,0.9999780654907227,0.9999596476554871,0.9997573494911194
repeat1_fold1,MMdata_1973.40s_0320_224508_no_secretion,1750.0,350,394,0.8895939086294417,0,0,1,0.9972706437110901,0.01058689784258604,0.9894130825996399,0.8096344470977783,0.6210595369338989,0.5477105379104614,0.9999839067459106,0.9999756813049316,0.9998140931129456
repeat1_fold1,MMdata_1973.40s_0320_224508_no_secretion,1755.0,351,394,0.8921319796954315,0,0,1,0.9976285099983215,0.016875825822353363,0.9831241369247437,0.7802033424377441,0.5619378089904785,0.5123111009597778,0.9999752044677734,0.9999533295631409,0.9997304081916809
repeat1_fold1,MMdata_1973.40s_0320_224508_no_secretion,1760.0,352,394,0.8946700507614214,0,0,1,0.9963741898536682,0.019490892067551613,0.9805090427398682,0.8007674813270569,0.6033607721328735,0.5360312461853027,0.9999266862869263,0.9998555183410645,0.9992894530296326
repeat1_fold1,MMdata_1973.40s_0320_224508_no_secretion,1765.0,353,394,0.8972081218274112,0,0,1,0.997361958026886,0.014804924838244915,0.9851951003074646,0.7968721985816956,0.5953680276870728,0.5319859385490417,0.9999778270721436,0.9999592304229736,0.9997552037239075
repeat1_fold1,MMdata_1973.40s_0320_224508_no_secretion,1770.0,354,394,0.899746192893401,0,0,1,0.9969918727874756,0.010166154243052006,0.9898338317871094,0.8071640133857727,0.6159685850143433,0.5450962781906128,0.9999821186065674,0.9999709725379944,0.9997953176498413
repeat1_fold1,MMdata_1973.40s_0320_224508_no_secretion,1775.0,355,394,0.9022842639593909,0,0,1,0.9973750114440918,0.015684248879551888,0.984315812587738,0.7758303284645081,0.5530774593353271,0.5078135132789612,0.9999769926071167,0.9999576210975647,0.9997463822364807
repeat1_fold1,MMdata_1973.40s_0320_224508_no_secretion,1780.0,356,394,0.9048223350253807,0,0,1,0.9968706965446472,0.01863727532327175,0.9813627004623413,0.8057823181152344,0.6133716106414795,0.5425760746002197,0.9999459981918335,0.9998941421508789,0.9994602203369141
repeat1_fold1,MMdata_1973.40s_0320_224508_no_secretion,1785.0,357,394,0.9073604060913706,0,0,1,0.9973230957984924,0.014421118423342705,0.9855788946151733,0.787324070930481,0.5760492086410522,0.5212922692298889,0.999977707862854,0.9999589920043945,0.9997532963752747
repeat1_fold1,MMdata_1973.40s_0320_224508_no_secretion,1790.0,358,394,0.9098984771573604,0,0,1,0.9966744184494019,0.009296436794102192,0.9907035827636719,0.8200381994247437,0.6418736577033997,0.561808168888092,0.9999786615371704,0.9999630451202393,0.9997605681419373
repeat1_fold1,MMdata_1973.40s_0320_224508_no_secretion,1795.0,359,394,0.9124365482233503,0,0,1,0.9975678324699402,0.01790727861225605,0.9820927381515503,0.7802290916442871,0.5619102120399475,0.512700080871582,0.9999696016311646,0.9999415874481201,0.9996775388717651
repeat1_fold1,MMdata_1973.40s_0320_224508_no_secretion,1800.0,360,394,0.9149746192893401,0,0,1,0.996980607509613,0.017576687037944794,0.9824233055114746,0.7822508811950684,0.5659197568893433,0.5152102708816528,0.9999544620513916,0.9999112486839294,0.9995356202125549
repeat1_fold1,MMdata_1973.40s_0320_224508_no_secretion,1805.0,361,394,0.9175126903553299,0,0,1,0.9973492622375488,0.013560164719820023,0.9864397644996643,0.7858476042747498,0.5730980634689331,0.5195226073265076,0.9999817609786987,0.9999681115150452,0.9997925162315369
repeat1_fold1,MMdata_1973.40s_0320_224508_no_secretion,1810.0,362,394,0.9200507614213198,0,0,1,0.9967451095581055,0.010177522897720337,0.989822506904602,0.8101813793182373,0.6220089197158813,0.5490545630455017,0.9999808073043823,0.9999692440032959,0.9997808933258057
repeat1_fold1,MMdata_1973.40s_0320_224508_no_secretion,1815.0,363,394,0.9225888324873096,0,0,1,0.9974130988121033,0.018168378621339798,0.9818315505981445,0.7761088013648987,0.553701639175415,0.5078223943710327,0.9999693632125854,0.9999412894248962,0.9996737241744995
repeat1_fold1,MMdata_1973.40s_0320_224508_no_secretion,1820.0,364,394,0.9251269035532995,0,0,1,0.9970490336418152,0.016805866733193398,0.98319411277771,0.7831965088844299,0.5679371953010559,0.5157470703125,0.9999607801437378,0.9999240636825562,0.9995934367179871
repeat1_fold1,MMdata_1973.40s_0320_224508_no_secretion,1825.0,365,394,0.9276649746192893,0,0,1,0.9972090125083923,0.013843877241015434,0.986156165599823,0.7916222214698792,0.5846749544143677,0.5263564586639404,0.9999797344207764,0.9999639391899109,0.9997720122337341
repeat1_fold1,MMdata_1973.40s_0320_224508_no_secretion,1830.0,366,394,0.9302030456852792,0,0,1,0.9974018335342407,0.013728341087698936,0.9862716197967529,0.792060911655426,0.5856637358665466,0.5263924598693848,0.9999817609786987,0.9999681115150452,0.9997920989990234
repeat1_fold1,MMdata_1973.40s_0320_224508_no_secretion,1835.0,367,394,0.932741116751269,0,0,1,0.99750155210495,0.019204216077923775,0.9807958006858826,0.7779747843742371,0.5574533939361572,0.5098644495010376,0.9999637603759766,0.9999296069145203,0.9996222853660583
repeat1_fold1,MMdata_1973.40s_0320_224508_no_secretion,1840.0,368,394,0.9352791878172588,0,0,1,0.9965329170227051,0.015452529303729534,0.9845474362373352,0.8293818831443787,0.6609154939651489,0.5736322402954102,0.9999645948410034,0.9999328255653381,0.9996261596679688
repeat1_fold1,MMdata_1973.40s_0320_224508_no_secretion,1845.0,369,394,0.9378172588832487,0,0,1,0.9972119927406311,0.013699294999241829,0.9863007068634033,0.7952932715415955,0.5921028852462769,0.5304919481277466,0.999980092048645,0.9999646544456482,0.999775767326355
repeat1_fold1,MMdata_1973.40s_0320_224508_no_secretion,1850.0,370,394,0.9403553299492385,0,0,1,0.9970593452453613,0.010900118388235569,0.98909991979599,0.8031681776046753,0.6080632209777832,0.5395311117172241,0.9999827146530151,0.9999734163284302,0.9998008012771606
repeat1_fold1,MMdata_1973.40s_0320_224508_no_secretion,1855.0,371,394,0.9428934010152284,0,0,1,0.9975607395172119,0.017699826508760452,0.9823002219200134,0.7747201919555664,0.5508679747581482,0.5065063238143921,0.9999723434448242,0.9999471306800842,0.9997024536132812
repeat1_fold1,MMdata_1973.40s_0320_224508_no_secretion,1860.0,372,394,0.9454314720812182,0,0,1,0.9971292614936829,0.016254013404250145,0.9837460517883301,0.7955171465873718,0.5926074385643005,0.5305177569389343,0.9999605417251587,0.9999234080314636,0.9995918869972229
repeat1_fold1,MMdata_1973.40s_0320_224508_no_secretion,1865.0,373,394,0.9479695431472082,0,0,1,0.9968691468238831,0.012074403464794159,0.98792564868927,0.7899136543273926,0.5813209414482117,0.5239930152893066,0.9999818801879883,0.9999715089797974,0.9997922778129578
repeat1_fold1,MMdata_1973.40s_0320_224508_no_secretion,1870.0,374,394,0.950507614213198,0,0,1,0.9956476092338562,0.008976427838206291,0.9910235404968262,0.8107527494430542,0.6231498718261719,0.5498223304748535,0.9999690055847168,0.999944269657135,0.9996647834777832
repeat1_fold1,MMdata_1973.40s_0320_224508_no_secretion,1875.0,375,394,0.9530456852791879,0,0,1,0.9975324869155884,0.01903514191508293,0.9809648394584656,0.7723416686058044,0.5461739301681519,0.5035436749458313,0.9999682903289795,0.9999389052391052,0.9996646046638489
repeat1_fold1,MMdata_1973.40s_0320_224508_no_secretion,1880.0,376,394,0.9555837563451777,0,0,1,0.9972015619277954,0.01493888720870018,0.9850611090660095,0.785856306552887,0.573173463344574,0.5192686915397644,0.9999673366546631,0.9999374747276306,0.9996548295021057
repeat1_fold1,MMdata_1973.40s_0320_224508_no_secretion,1885.0,377,394,0.9581218274111675,0,0,1,0.9972591400146484,0.012888949364423752,0.9871110916137695,0.7890894412994385,0.5796639323234558,0.5230343341827393,0.9999827146530151,0.9999712109565735,0.9998023509979248
repeat1_fold1,MMdata_1973.40s_0320_224508_no_secretion,1890.0,378,394,0.9606598984771574,0,0,1,0.996857762336731,0.012207471765577793,0.9877925515174866,0.8144524693489075,0.6305876970291138,0.5546284914016724,0.9999805688858032,0.9999687075614929,0.9997777938842773
repeat1_fold1,MMdata_1973.40s_0320_224508_no_secretion,1895.0,379,394,0.9631979695431472,0,0,1,0.9975489974021912,0.019253572449088097,0.9807464480400085,0.760471522808075,0.5223109126091003,0.49120789766311646,0.9999669790267944,0.999936044216156,0.9996517896652222
repeat1_fold1,MMdata_1973.40s_0320_224508_no_secretion,1900.0,380,394,0.9657360406091371,0,0,1,0.9971689581871033,0.014407130889594555,0.9855929017066956,0.7913954257965088,0.5845418572425842,0.5246589183807373,0.9999741315841675,0.9999516606330872,0.999717652797699
repeat1_fold1,MMdata_1973.40s_0320_224508_no_secretion,1905.0,381,394,0.9682741116751269,0,0,1,0.9968144297599792,0.011566433124244213,0.9884335398674011,0.7960825562477112,0.5937106013298035,0.5313445925712585,0.9999815225601196,0.9999718070030212,0.9997885823249817
repeat1_fold1,MMdata_1973.40s_0320_224508_no_secretion,1910.0,382,394,0.9708121827411168,0,0,1,0.9968404769897461,0.012302392162382603,0.9876976609230042,0.815850019454956,0.6333656907081604,0.5566000938415527,0.9999799728393555,0.999967098236084,0.9997723698616028
repeat1_fold1,MMdata_1973.40s_0320_224508_no_secretion,1915.0,383,394,0.9733502538071066,0,0,1,0.9970836043357849,0.021475717425346375,0.9785243272781372,0.7774484157562256,0.5565580725669861,0.5085533857345581,0.9999508857727051,0.9999038577079773,0.9995048642158508
repeat1_fold1,MMdata_1973.40s_0320_224508_no_secretion,1920.0,384,394,0.9758883248730964,0,0,1,0.9970967769622803,0.013049445115029812,0.9869505763053894,0.7844099402427673,0.5701805353164673,0.5180118083953857,0.9999760389328003,0.9999563097953796,0.9997368454933167
repeat1_fold1,MMdata_1973.40s_0320_224508_no_secretion,1925.0,385,394,0.9784263959390863,0,0,1,0.9968434572219849,0.01167779415845871,0.9883221983909607,0.8023030757904053,0.606208324432373,0.5389600992202759,0.9999815225601196,0.9999703168869019,0.999788224697113
repeat1_fold1,MMdata_1973.40s_0320_224508_no_secretion,1930.0,386,394,0.9809644670050761,0,0,1,0.9965943694114685,0.011428716592490673,0.9885713458061218,0.8141614198684692,0.6300545334815979,0.5540256500244141,0.9999796152114868,0.9999688267707825,0.9997681975364685
repeat1_fold1,MMdata_1973.40s_0320_224508_no_secretion,1935.0,387,394,0.983502538071066,0,0,1,0.9974212646484375,0.019989419728517532,0.9800105690956116,0.772701621055603,0.5469863414764404,0.5035263299942017,0.9999657869338989,0.9999339580535889,0.9996399283409119
repeat1_fold1,MMdata_1973.40s_0320_224508_no_secretion,1940.0,388,394,0.9860406091370558,0,0,1,0.9970067143440247,0.011705432087182999,0.9882946014404297,0.7907481789588928,0.582966148853302,0.5251138210296631,0.9999792575836182,0.9999637007713318,0.9997664093971252
repeat1_fold1,MMdata_1973.40s_0320_224508_no_secretion,1945.0,389,394,0.9885786802030457,0,0,1,0.9972810745239258,0.012520644813776016,0.9874793887138367,0.7996057271957397,0.6007567644119263,0.5357727408409119,0.9999828338623047,0.9999717473983765,0.999803364276886
repeat1_fold1,MMdata_1973.40s_0320_224508_no_secretion,1950.0,390,394,0.9911167512690355,0,0,1,0.9972190856933594,0.01287580281496048,0.9871242046356201,0.8010498285293579,0.6037057042121887,0.537340521812439,0.9999809265136719,0.9999672770500183,0.9997836947441101
repeat1_fold1,MMdata_1973.40s_0320_224508_no_secretion,1955.0,391,394,0.9936548223350253,0,0,1,0.9974936246871948,0.019337262958288193,0.9806627631187439,0.7662291526794434,0.5340030789375305,0.49655890464782715,0.9999680519104004,0.9999385476112366,0.9996611475944519
repeat1_fold1,MMdata_1973.40s_0320_224508_no_secretion,1960.0,392,394,0.9961928934010152,0,0,1,0.9967724680900574,0.011270611546933651,0.9887294173240662,0.7893479466438293,0.5801565051078796,0.5234566926956177,0.9999785423278809,0.9999633431434631,0.9997594356536865
repeat1_fold1,MMdata_1973.40s_0320_224508_no_secretion,1965.0,393,394,0.998730964467005,0,0,1,0.997054934501648,0.012089582160115242,0.9879103899002075,0.8121704459190369,0.6260828971862793,0.5512992143630981,0.9999823570251465,0.9999714493751526,0.9997979402542114
repeat1_fold1,MMdata_474.50s_0323_001822_4ml_yumi,0.0,0,94,0.005319148936170213,2,2,1,0.9988503456115723,0.9155340194702148,0.08446598052978516,0.9985406398773193,0.9977468848228455,0.9890826344490051,0.9878299236297607,0.9756794571876526,0.9400179982185364
repeat1_fold1,MMdata_474.50s_0323_001822_4ml_yumi,5.0,1,94,0.015957446808510637,2,2,1,0.9987908005714417,0.9178652167320251,0.08213481307029724,0.9985307455062866,0.997718870639801,0.9890209436416626,0.9867896437644958,0.9735937714576721,0.9359246492385864
repeat1_fold1,MMdata_474.50s_0323_001822_4ml_yumi,10.0,2,94,0.026595744680851064,2,2,1,0.9989515542984009,0.9054239392280579,0.09457600116729736,0.9985001087188721,0.997739851474762,0.9888116121292114,0.993841290473938,0.9877878427505493,0.965393602848053
repeat1_fold1,MMdata_474.50s_0323_001822_4ml_yumi,15.0,3,94,0.03723404255319149,2,2,1,0.9988007545471191,0.9221652150154114,0.07783480733633041,0.998501181602478,0.9976840615272522,0.9888246655464172,0.9941909909248352,0.988400399684906,0.9673932790756226
repeat1_fold1,MMdata_474.50s_0323_001822_4ml_yumi,20.0,4,94,0.047872340425531915,2,2,1,0.998845100402832,0.9161227345466614,0.0838773101568222,0.9985474944114685,0.9977808594703674,0.9891247153282166,0.9916917085647583,0.983406662940979,0.9560949802398682
repeat1_fold1,MMdata_474.50s_0323_001822_4ml_yumi,25.0,5,94,0.05851063829787234,2,2,1,0.9987988471984863,0.9195206165313721,0.08047941327095032,0.998512327671051,0.997687578201294,0.9889000654220581,0.9929661750793457,0.9859479069709778,0.9617829322814941
repeat1_fold1,MMdata_474.50s_0323_001822_4ml_yumi,30.0,6,94,0.06914893617021277,2,2,1,0.9989752769470215,0.8997670412063599,0.10023299604654312,0.9985026121139526,0.9977461099624634,0.9888285994529724,0.9951985478401184,0.9906393885612488,0.9714331030845642
repeat1_fold1,MMdata_474.50s_0323_001822_4ml_yumi,35.0,7,94,0.0797872340425532,2,2,1,0.9987653493881226,0.9224196672439575,0.07758031785488129,0.9985281229019165,0.9976991415023804,0.9890066981315613,0.9928523898124695,0.9857199192047119,0.9612722396850586
repeat1_fold1,MMdata_474.50s_0323_001822_4ml_yumi,40.0,8,94,0.09042553191489362,2,2,1,0.9989029169082642,0.9131258726119995,0.0868740901350975,0.9985328912734985,0.9977587461471558,0.989029586315155,0.992489218711853,0.9850132465362549,0.959545373916626
repeat1_fold1,MMdata_474.50s_0323_001822_4ml_yumi,45.0,9,94,0.10106382978723404,2,2,1,0.998802661895752,0.9189733862876892,0.08102656155824661,0.9985141158103943,0.9977044463157654,0.9889093637466431,0.9917669892311096,0.9835503101348877,0.9564604163169861
repeat1_fold1,MMdata_474.50s_0323_001822_4ml_yumi,50.0,10,94,0.11170212765957446,2,2,1,0.9990217685699463,0.8938798308372498,0.10612013190984726,0.9984917640686035,0.9977202415466309,0.9887577891349792,0.993486225605011,0.9873425364494324,0.9629511833190918
repeat1_fold1,MMdata_474.50s_0323_001822_4ml_yumi,55.0,11,94,0.12234042553191489,2,2,1,0.9988304972648621,0.9225420951843262,0.07745794206857681,0.9984847903251648,0.9976637959480286,0.9887166023254395,0.9959027171134949,0.991826593875885,0.9756538271903992
repeat1_fold1,MMdata_474.50s_0323_001822_4ml_yumi,60.0,12,94,0.13297872340425532,2,2,1,0.9989651441574097,0.9062923789024353,0.09370765089988708,0.9985448122024536,0.9977951049804688,0.9891057014465332,0.9929320812225342,0.9859358072280884,0.9613652229309082
repeat1_fold1,MMdata_474.50s_0323_001822_4ml_yumi,65.0,13,94,0.14361702127659576,2,2,1,0.9988619089126587,0.9185452461242676,0.0814548060297966,0.9984838366508484,0.9976692199707031,0.9887095093727112,0.9946551322937012,0.9893316626548767,0.9695687294006348
repeat1_fold1,MMdata_474.50s_0323_001822_4ml_yumi,70.0,14,94,0.15425531914893617,2,2,1,0.9989927411079407,0.9020150303840637,0.09798502922058105,0.9984912872314453,0.9977346062660217,0.9887542128562927,0.9947739243507385,0.9897412061691284,0.9695088267326355
repeat1_fold1,MMdata_474.50s_0323_001822_4ml_yumi,75.0,15,94,0.16489361702127658,2,2,1,0.9988448619842529,0.9207387566566467,0.0792611837387085,0.9984808564186096,0.9976608753204346,0.9886903762817383,0.9968850016593933,0.9937956929206848,0.980668842792511
repeat1_fold1,MMdata_474.50s_0323_001822_4ml_yumi,80.0,16,94,0.17553191489361702,2,2,1,0.9989222288131714,0.9131158590316772,0.08688413351774216,0.9985172152519226,0.9977395534515381,0.9889252781867981,0.9927282333374023,0.9854933619499207,0.9606032371520996
repeat1_fold1,MMdata_474.50s_0323_001822_4ml_yumi,85.0,17,94,0.18617021276595744,2,2,1,0.9988032579421997,0.9172085523605347,0.08279148489236832,0.9985231757164001,0.9977126717567444,0.9889692068099976,0.9942480325698853,0.9885163307189941,0.9676503539085388
repeat1_fold1,MMdata_474.50s_0323_001822_4ml_yumi,90.0,18,94,0.19680851063829788,2,2,1,0.9990078806877136,0.9042319655418396,0.09576805680990219,0.9984482526779175,0.9976641535758972,0.9884735941886902,0.9963856935501099,0.9929915070533752,0.9774630665779114
repeat1_fold1,MMdata_474.50s_0323_001822_4ml_yumi,95.0,19,94,0.2074468085106383,2,2,1,0.9988887906074524,0.9176105260848999,0.08238949626684189,0.998505711555481,0.9977112412452698,0.9888514280319214,0.9969995021820068,0.9940361976623535,0.9812251329421997
repeat1_fold1,MMdata_474.50s_0323_001822_4ml_yumi,100.0,20,94,0.21808510638297873,2,2,1,0.9989190101623535,0.9128182530403137,0.08718179166316986,0.9985211491584778,0.9977599382400513,0.988950788974762,0.9933962821960449,0.9868322610855103,0.9636123180389404
repeat1_fold1,MMdata_474.50s_0323_001822_4ml_yumi,105.0,21,94,0.22872340425531915,2,2,1,0.9988422989845276,0.9189526438713074,0.08104733377695084,0.9984733462333679,0.9976529479026794,0.9886412620544434,0.9966352581977844,0.993293046951294,0.9793785810470581
repeat1_fold1,MMdata_474.50s_0323_001822_4ml_yumi,110.0,22,94,0.2393617021276596,2,2,1,0.9989789724349976,0.9018830060958862,0.09811697900295258,0.9984763264656067,0.9977074861526489,0.988656222820282,0.9942821264266968,0.9887534976005554,0.9671759009361267
repeat1_fold1,MMdata_474.50s_0323_001822_4ml_yumi,115.0,23,94,0.25,2,2,1,0.9988683462142944,0.9200667142868042,0.07993324846029282,0.9984909296035767,0.9976823925971985,0.9887559413909912,0.997389018535614,0.9948074221611023,0.9833436012268066
repeat1_fold1,MMdata_474.50s_0323_001822_4ml_yumi,120.0,24,94,0.26063829787234044,2,2,1,0.9989094734191895,0.9178967475891113,0.08210323005914688,0.9984765648841858,0.9976856112480164,0.9886590838432312,0.9947947859764099,0.9896162152290344,0.9702088236808777
repeat1_fold1,MMdata_474.50s_0323_001822_4ml_yumi,125.0,25,94,0.2712765957446808,2,2,1,0.9987426400184631,0.9197778701782227,0.08022211492061615,0.9985319375991821,0.997714102268219,0.9890298843383789,0.9857503175735474,0.9715124368667603,0.9318976998329163
repeat1_fold1,MMdata_474.50s_0323_001822_4ml_yumi,130.0,26,94,0.28191489361702127,2,2,1,0.9990185499191284,0.8959909081459045,0.10400913655757904,0.9984826445579529,0.9977186918258667,0.9886974692344666,0.995661199092865,0.9917546510696411,0.9732935428619385
repeat1_fold1,MMdata_474.50s_0323_001822_4ml_yumi,135.0,27,94,0.2925531914893617,2,2,1,0.9988031387329102,0.9235882759094238,0.076411671936512,0.9984865188598633,0.9976527094841003,0.9887304902076721,0.995740532875061,0.991498589515686,0.9748629331588745
repeat1_fold1,MMdata_474.50s_0323_001822_4ml_yumi,140.0,28,94,0.30319148936170215,2,2,1,0.9989166259765625,0.9124954342842102,0.08750453591346741,0.9985081553459167,0.9977321624755859,0.9888659119606018,0.989439070224762,0.9789136052131653,0.9464764595031738
repeat1_fold1,MMdata_474.50s_0323_001822_4ml_yumi,145.0,29,94,0.31382978723404253,2,2,1,0.9988603591918945,0.9202985763549805,0.07970146834850311,0.9984633922576904,0.9976381063461304,0.9885754585266113,0.9957815408706665,0.9915844798088074,0.9750494956970215
repeat1_fold1,MMdata_474.50s_0323_001822_4ml_yumi,150.0,30,94,0.324468085106383,2,2,1,0.9989860653877258,0.8982909917831421,0.10170896351337433,0.9985204339027405,0.9977643489837646,0.9889456629753113,0.993874728679657,0.9879792332649231,0.9651413559913635
repeat1_fold1,MMdata_474.50s_0323_001822_4ml_yumi,155.0,31,94,0.3351063829787234,2,2,1,0.9988897442817688,0.920914351940155,0.07908567786216736,0.9984737038612366,0.9976668953895569,0.988641619682312,0.9961504936218262,0.9923267364501953,0.9768808484077454
repeat1_fold1,MMdata_474.50s_0323_001822_4ml_yumi,160.0,32,94,0.34574468085106386,2,2,1,0.9988871216773987,0.9121063351631165,0.08789367228746414,0.9985415935516357,0.9977855682373047,0.9890848398208618,0.9877185821533203,0.9754694104194641,0.9395023584365845
repeat1_fold1,MMdata_474.50s_0323_001822_4ml_yumi,165.0,33,94,0.35638297872340424,2,2,1,0.9988715052604675,0.9201487898826599,0.07985125482082367,0.9984500408172607,0.9976314306259155,0.9884877800941467,0.9960554838180542,0.9921322464942932,0.9764213562011719
repeat1_fold1,MMdata_474.50s_0323_001822_4ml_yumi,170.0,34,94,0.3670212765957447,2,2,1,0.9989870190620422,0.9015498757362366,0.09845010936260223,0.9984633922576904,0.9976908564567566,0.9885718822479248,0.9958621263504028,0.9919386506080627,0.9748051166534424
repeat1_fold1,MMdata_474.50s_0323_001822_4ml_yumi,175.0,35,94,0.3776595744680851,2,2,1,0.9988839030265808,0.9187195897102356,0.08128038048744202,0.9985063672065735,0.9976940155029297,0.9888584613800049,0.9971243739128113,0.9942827224731445,0.9819014072418213
repeat1_fold1,MMdata_474.50s_0323_001822_4ml_yumi,180.0,36,94,0.3882978723404255,2,2,1,0.9988558292388916,0.9170258641242981,0.08297412097454071,0.99852055311203,0.997748613357544,0.9889473915100098,0.99299156665802,0.9860044121742249,0.9618653655052185
repeat1_fold1,MMdata_474.50s_0323_001822_4ml_yumi,185.0,37,94,0.39893617021276595,2,2,1,0.998873770236969,0.9160919189453125,0.0839080661535263,0.9984865188598633,0.9976828098297119,0.988726019859314,0.9959729313850403,0.991975724697113,0.9759659767150879
repeat1_fold1,MMdata_474.50s_0323_001822_4ml_yumi,190.0,38,94,0.4095744680851064,2,2,1,0.9989438652992249,0.9010279178619385,0.09897205978631973,0.9985076785087585,0.9977548122406006,0.9888620376586914,0.9930869936943054,0.9863446354866028,0.9617007374763489
repeat1_fold1,MMdata_474.50s_0323_001822_4ml_yumi,195.0,39,94,0.42021276595744683,2,2,1,0.9988307356834412,0.921807050704956,0.07819293439388275,0.9984910488128662,0.9976673722267151,0.9887586236000061,0.9971960783004761,0.9944155216217041,0.9823297262191772
repeat1_fold1,MMdata_474.50s_0323_001822_4ml_yumi,200.0,40,94,0.4308510638297872,2,2,1,0.9988963603973389,0.912976086139679,0.08702389150857925,0.9985191226005554,0.9977633953094482,0.9889366030693054,0.9926885962486267,0.9854131937026978,0.9604307413101196
repeat1_fold1,MMdata_474.50s_0323_001822_4ml_yumi,205.0,41,94,0.44148936170212766,2,2,1,0.9988691210746765,0.9188266396522522,0.0811733528971672,0.9984586238861084,0.9976522922515869,0.9885420799255371,0.9963066577911377,0.9926382303237915,0.9776772260665894
repeat1_fold1,MMdata_474.50s_0323_001822_4ml_yumi,210.0,42,94,0.4521276595744681,2,2,1,0.9989570379257202,0.9031802415847778,0.09681970626115799,0.9984922409057617,0.9977163672447205,0.9887608885765076,0.9932276606559753,0.9865933060646057,0.9624521136283875
repeat1_fold1,MMdata_474.50s_0323_001822_4ml_yumi,215.0,43,94,0.4627659574468085,2,2,1,0.9988400340080261,0.920746386051178,0.07925359159708023,0.9985120892524719,0.9976818561553955,0.9889000654220581,0.9956153631210327,0.9912538528442383,0.9742163419723511
repeat1_fold1,MMdata_474.50s_0323_001822_4ml_yumi,220.0,44,94,0.4734042553191489,2,2,1,0.9988700747489929,0.9134907126426697,0.08650925010442734,0.9985333681106567,0.997755765914917,0.9890326857566833,0.9823827743530273,0.9647887945175171,0.919177770614624
repeat1_fold1,MMdata_474.50s_0323_001822_4ml_yumi,225.0,45,94,0.48404255319148937,2,2,1,0.9988357424736023,0.9206310510635376,0.0793689414858818,0.9984813332557678,0.9976574182510376,0.9886938333511353,0.9951103329658508,0.9902395009994507,0.971766471862793
repeat1_fold1,MMdata_474.50s_0323_001822_4ml_yumi,230.0,46,94,0.4946808510638298,2,2,1,0.9990137815475464,0.9042882919311523,0.09571165591478348,0.9984094500541687,0.9975938200950623,0.9882208704948425,0.9963675737380981,0.9929413795471191,0.9774041175842285
repeat1_fold1,MMdata_474.50s_0323_001822_4ml_yumi,235.0,47,94,0.5053191489361702,2,2,1,0.9988657236099243,0.9228206872940063,0.07717933505773544,0.998474657535553,0.997658908367157,0.9886494874954224,0.9973996877670288,0.9948253035545349,0.9834157824516296
repeat1_fold1,MMdata_474.50s_0323_001822_4ml_yumi,240.0,48,94,0.5159574468085106,2,2,1,0.998867392539978,0.9160944223403931,0.08390551805496216,0.9985195994377136,0.99774569272995,0.9889406561851501,0.9877963066101074,0.9756142497062683,0.9398714900016785
repeat1_fold1,MMdata_474.50s_0323_001822_4ml_yumi,245.0,49,94,0.526595744680851,2,2,1,0.9988884329795837,0.9194700121879578,0.08052998781204224,0.9984188079833984,0.9975857138633728,0.9882839322090149,0.9975346326828003,0.99509596824646,0.9841485023498535
repeat1_fold1,MMdata_474.50s_0323_001822_4ml_yumi,250.0,50,94,0.5372340425531915,2,2,1,0.998989999294281,0.9008799195289612,0.099120132625103,0.9984933137893677,0.9977131485939026,0.9887685775756836,0.992387056350708,0.9849379658699036,0.9585748314857483
repeat1_fold1,MMdata_474.50s_0323_001822_4ml_yumi,255.0,51,94,0.5478723404255319,2,2,1,0.9988937973976135,0.9188997149467468,0.08110029250383377,0.9984896183013916,0.9976929426193237,0.9887455701828003,0.9979674220085144,0.995978057384491,0.9864931702613831
repeat1_fold1,MMdata_474.50s_0323_001822_4ml_yumi,260.0,52,94,0.5585106382978723,2,2,1,0.9988493919372559,0.9185358881950378,0.08146414160728455,0.9985041618347168,0.997724711894989,0.9888395667076111,0.9908376336097717,0.9816929697990417,0.9524462819099426
repeat1_fold1,MMdata_474.50s_0323_001822_4ml_yumi,265.0,53,94,0.5691489361702128,2,2,1,0.9988009929656982,0.9142200350761414,0.08577992022037506,0.9985040426254272,0.9976522326469421,0.9888509511947632,0.9889771342277527,0.9779775738716125,0.94464111328125
repeat1_fold1,MMdata_474.50s_0323_001822_4ml_yumi,270.0,54,94,0.5797872340425532,2,2,1,0.9987534284591675,0.8929373621940613,0.10706261545419693,0.9986819624900818,0.9979180097579956,0.9900285601615906,0.9613451361656189,0.9227433800697327,0.8506761193275452
repeat1_fold1,MMdata_474.50s_0323_001822_4ml_yumi,275.0,55,94,0.5904255319148937,2,2,1,0.9989131689071655,0.9198976159095764,0.08010242879390717,0.9984689354896545,0.9976518750190735,0.988611102104187,0.9969696402549744,0.9939743280410767,0.9810761213302612
repeat1_fold1,MMdata_474.50s_0323_001822_4ml_yumi,280.0,56,94,0.601063829787234,2,2,1,0.9987990856170654,0.89574134349823,0.10425859689712524,0.9985572695732117,0.9977847933769226,0.9891902208328247,0.8737840056419373,0.7476189136505127,0.6544925570487976
repeat1_fold1,MMdata_474.50s_0323_001822_4ml_yumi,285.0,57,94,0.6117021276595744,2,2,1,0.9987398982048035,0.9082856178283691,0.09171443432569504,0.9985997080802917,0.9978168606758118,0.989476203918457,0.9760240912437439,0.9520688056945801,0.8968704342842102
repeat1_fold1,MMdata_474.50s_0323_001822_4ml_yumi,290.0,58,94,0.6223404255319149,2,2,1,0.9989086389541626,0.8887143135070801,0.11128566414117813,0.9986196756362915,0.9978713989257812,0.9896040558815002,0.958397626876831,0.916953980922699,0.8415769338607788
repeat1_fold1,MMdata_474.50s_0323_001822_4ml_yumi,295.0,59,94,0.6329787234042553,2,2,1,0.9988441467285156,0.9211727380752563,0.07882729172706604,0.998440682888031,0.997578501701355,0.9884323477745056,0.9908702969551086,0.9817600846290588,0.9525746703147888
repeat1_fold1,MMdata_474.50s_0323_001822_4ml_yumi,300.0,60,94,0.6436170212765957,2,2,1,0.9987334609031677,0.8818560242652893,0.11814393103122711,0.998608410358429,0.9978593587875366,0.9895284175872803,0.6875542402267456,0.3751870095729828,0.43403804302215576
repeat1_fold1,MMdata_474.50s_0323_001822_4ml_yumi,305.0,61,94,0.6542553191489362,2,2,1,0.9986031651496887,0.9077184200286865,0.09228162467479706,0.9986177682876587,0.9978089928627014,0.9896050691604614,0.9373966455459595,0.8748084306716919,0.786811351776123
repeat1_fold1,MMdata_474.50s_0323_001822_4ml_yumi,310.0,62,94,0.6648936170212766,2,2,1,0.9989686012268066,0.8880566358566284,0.1119433343410492,0.9985737800598145,0.9978455305099487,0.9892964959144592,0.9673387408256531,0.9349727630615234,0.8675079345703125
repeat1_fold1,MMdata_474.50s_0323_001822_4ml_yumi,315.0,63,94,0.675531914893617,2,2,1,0.9988784193992615,0.9183759689331055,0.08162399381399155,0.9984961748123169,0.997678816318512,0.9887919425964355,0.9929620623588562,0.9859548211097717,0.961685299873352
repeat1_fold1,MMdata_474.50s_0323_001822_4ml_yumi,320.0,64,94,0.6861702127659575,2,2,1,0.9987431168556213,0.898446798324585,0.10155326873064041,0.9985553622245789,0.9977782368659973,0.9891785979270935,0.8557153344154358,0.7114654779434204,0.6240796446800232
repeat1_fold1,MMdata_474.50s_0323_001822_4ml_yumi,325.0,65,94,0.6968085106382979,2,2,1,0.998785674571991,0.9050643444061279,0.09493562579154968,0.9986183643341064,0.9978737235069275,0.9895945191383362,0.9674559235572815,0.9349538683891296,0.8691093325614929
repeat1_fold1,MMdata_474.50s_0323_001822_4ml_yumi,330.0,66,94,0.7074468085106383,2,2,1,0.9989063739776611,0.8984557390213013,0.1015443280339241,0.9985408782958984,0.9977623820304871,0.9890822172164917,0.9668034911155701,0.9336991906166077,0.8668148517608643
repeat1_fold1,MMdata_474.50s_0323_001822_4ml_yumi,335.0,67,94,0.7180851063829787,2,2,1,0.9988999366760254,0.9202520251274109,0.07974795252084732,0.9984710812568665,0.9976564645767212,0.9886252880096436,0.995578944683075,0.9911898970603943,0.9739945530891418
repeat1_fold1,MMdata_474.50s_0323_001822_4ml_yumi,340.0,68,94,0.7287234042553191,2,2,1,0.9986720085144043,0.8830759525299072,0.11692402511835098,0.9985895752906799,0.9978159070014954,0.9894062876701355,0.6718735694885254,0.34379979968070984,0.4234933853149414
repeat1_fold1,MMdata_474.50s_0323_001822_4ml_yumi,345.0,69,94,0.7393617021276596,2,2,1,0.9987568855285645,0.9093945026397705,0.09060541540384293,0.9986042380332947,0.9977906942367554,0.9895150661468506,0.9868218898773193,0.9736657738685608,0.9360060691833496
repeat1_fold1,MMdata_474.50s_0323_001822_4ml_yumi,350.0,70,94,0.75,2,2,1,0.9989508390426636,0.8917509913444519,0.10824895650148392,0.9985336065292358,0.9977775812149048,0.9890322089195251,0.9756927490234375,0.951612651348114,0.8947340250015259
repeat1_fold1,MMdata_474.50s_0323_001822_4ml_yumi,355.0,71,94,0.7606382978723404,2,2,1,0.9988827109336853,0.9197794795036316,0.08022045344114304,0.9984616041183472,0.9976518750190735,0.9885619878768921,0.9898592829704285,0.9797410368919373,0.9482918977737427
repeat1_fold1,MMdata_474.50s_0323_001822_4ml_yumi,360.0,72,94,0.7712765957446809,2,2,1,0.998640239238739,0.8789343237876892,0.1210656687617302,0.9986205101013184,0.997852087020874,0.9896133542060852,0.5949974060058594,0.1900496780872345,0.38510429859161377
repeat1_fold1,MMdata_474.50s_0323_001822_4ml_yumi,365.0,73,94,0.7819148936170213,2,2,1,0.9984377026557922,0.8949732184410095,0.10502683371305466,0.998772919178009,0.9980238676071167,0.990649938583374,0.9680344462394714,0.936092734336853,0.8710150718688965
repeat1_fold1,MMdata_474.50s_0323_001822_4ml_yumi,370.0,74,94,0.7925531914893617,2,1,0,0.9920788407325745,0.014567402191460133,0.9854325652122498,0.8142504692077637,0.6305407881736755,0.5528613924980164,0.9997575879096985,0.9995876550674438,0.9978075623512268
repeat1_fold1,MMdata_474.50s_0323_001822_4ml_yumi,375.0,75,94,0.8031914893617021,2,0,0,0.9680997133255005,0.060298848897218704,0.9397011399269104,0.76233971118927,0.5277431011199951,0.48594915866851807,0.9959725737571716,0.9919528961181641,0.9760739207267761
repeat1_fold1,MMdata_474.50s_0323_001822_4ml_yumi,380.0,76,94,0.8138297872340425,2,1,0,0.97064608335495,0.15554696321487427,0.8444530367851257,0.7899309992790222,0.592714786529541,0.48807352781295776,0.9996097683906555,0.9994045495986938,0.996610701084137
repeat1_fold1,MMdata_474.50s_0323_001822_4ml_yumi,385.0,77,94,0.824468085106383,2,2,1,0.8941184878349304,0.6377740502357483,0.3622259497642517,0.9981963038444519,0.9966890215873718,0.9872531890869141,0.9990267753601074,0.9980775713920593,0.9928688406944275
repeat1_fold1,MMdata_474.50s_0323_001822_4ml_yumi,390.0,78,94,0.8351063829787234,2,2,1,0.9656732082366943,0.6934071779251099,0.30659279227256775,0.9758796691894531,0.9587574601173401,0.8833121657371521,0.5895644426345825,0.17915156483650208,0.3835299015045166
repeat1_fold1,MMdata_474.50s_0323_001822_4ml_yumi,395.0,79,94,0.8457446808510638,2,2,1,0.9988388419151306,0.9194101095199585,0.0805898904800415,0.998367965221405,0.997495710849762,0.9879558086395264,0.9751477241516113,0.9503099918365479,0.8939679265022278
repeat1_fold1,MMdata_474.50s_0323_001822_4ml_yumi,400.0,80,94,0.8563829787234043,2,2,1,0.9987090826034546,0.9077538847923279,0.09224610030651093,0.9985368251800537,0.9977320432662964,0.9890594482421875,0.8874770402908325,0.7749735713005066,0.679645299911499
repeat1_fold1,MMdata_474.50s_0323_001822_4ml_yumi,405.0,81,94,0.8670212765957447,2,2,1,0.9987735152244568,0.9171563386917114,0.08284363150596619,0.9985322952270508,0.9977078437805176,0.9890329837799072,0.9789051413536072,0.9578264355659485,0.906790018081665
repeat1_fold1,MMdata_474.50s_0323_001822_4ml_yumi,410.0,82,94,0.8776595744680851,2,2,1,0.998984158039093,0.8913573622703552,0.10864260792732239,0.99852055311203,0.9977773427963257,0.988946259021759,0.963475227355957,0.9272308349609375,0.8558338284492493
repeat1_fold1,MMdata_474.50s_0323_001822_4ml_yumi,415.0,83,94,0.8882978723404256,2,2,1,0.9989357590675354,0.9188101291656494,0.08118987828493118,0.9984546899795532,0.9976721405982971,0.9885153770446777,0.9951910972595215,0.9904295802116394,0.9720280766487122
repeat1_fold1,MMdata_474.50s_0323_001822_4ml_yumi,420.0,84,94,0.898936170212766,2,2,1,0.9987670183181763,0.9073892831802368,0.09261070936918259,0.9985615611076355,0.9977903366088867,0.9892187714576721,0.9257771968841553,0.8515777587890625,0.7591158151626587
repeat1_fold1,MMdata_474.50s_0323_001822_4ml_yumi,425.0,85,94,0.9095744680851063,2,2,1,0.9988149404525757,0.9151439070701599,0.08485612273216248,0.9985299110412598,0.9977129101753235,0.9890155792236328,0.9772202372550964,0.9544647336006165,0.9009122252464294
repeat1_fold1,MMdata_474.50s_0323_001822_4ml_yumi,430.0,86,94,0.9202127659574468,2,2,1,0.9989400506019592,0.8981146216392517,0.10188537836074829,0.9985289573669434,0.9977601766586304,0.9890030026435852,0.963189959526062,0.9265075325965881,0.855708122253418
repeat1_fold1,MMdata_474.50s_0323_001822_4ml_yumi,435.0,87,94,0.9308510638297872,2,2,1,0.998896598815918,0.9220781922340393,0.0779218077659607,0.9984509944915771,0.9976317286491394,0.9884936809539795,0.9956848621368408,0.9913991689682007,0.9745308756828308
repeat1_fold1,MMdata_474.50s_0323_001822_4ml_yumi,440.0,88,94,0.9414893617021277,2,2,1,0.9988515377044678,0.8960674405097961,0.10393258184194565,0.9985747337341309,0.9978246688842773,0.9893039464950562,0.9354817271232605,0.8710362911224365,0.7817338705062866
repeat1_fold1,MMdata_474.50s_0323_001822_4ml_yumi,445.0,89,94,0.9521276595744681,2,2,1,0.9988480806350708,0.9162818789482117,0.08371812850236893,0.9985213875770569,0.9977311491966248,0.9889547228813171,0.9817414879798889,0.9635055661201477,0.9168446660041809
repeat1_fold1,MMdata_474.50s_0323_001822_4ml_yumi,450.0,90,94,0.9627659574468085,2,2,1,0.9989917874336243,0.8823211789131165,0.11767877638339996,0.9985596537590027,0.9978340864181519,0.9892024397850037,0.9662495851516724,0.933047354221344,0.8631468415260315
repeat1_fold1,MMdata_474.50s_0323_001822_4ml_yumi,455.0,91,94,0.973404255319149,2,2,1,0.998837411403656,0.9231929183006287,0.07680705189704895,0.9984357953071594,0.9975810050964355,0.9883981347084045,0.990970253944397,0.9819559454917908,0.9530242085456848
repeat1_fold1,MMdata_474.50s_0323_001822_4ml_yumi,460.0,92,94,0.9840425531914894,2,2,1,0.9988592863082886,0.8974649906158447,0.10253502428531647,0.9986081719398499,0.9978604912757874,0.9895272850990295,0.9552144408226013,0.9104914665222168,0.833116888999939
repeat1_fold1,MMdata_474.50s_0323_001822_4ml_yumi,465.0,93,94,0.9946808510638298,2,2,1,0.9988096952438354,0.9220332503318787,0.07796668261289597,0.9984850287437439,0.9976468682289124,0.9887211918830872,0.9870971441268921,0.9742088913917542,0.937134325504303
repeat1_fold1,MMdata_598.25s_0322_224923_no_secretion,0.0,0,119,0.004201680672268907,0,0,1,0.9971591234207153,0.01432233490049839,0.9856776595115662,0.7935371398925781,0.5887159705162048,0.5277639031410217,0.9999803304672241,0.9999659061431885,0.9997779130935669
repeat1_fold1,MMdata_598.25s_0322_224923_no_secretion,5.0,1,119,0.012605042016806723,0,0,1,0.9971747398376465,0.021163761615753174,0.9788362383842468,0.758553683757782,0.5184643864631653,0.4892415404319763,0.9999401569366455,0.9998821020126343,0.999409019947052
repeat1_fold1,MMdata_598.25s_0322_224923_no_secretion,10.0,2,119,0.02100840336134454,0,0,1,0.9975211024284363,0.013349758461117744,0.9866502285003662,0.8056834936141968,0.6131294965744019,0.542636513710022,0.9999805688858032,0.9999648928642273,0.9997822642326355
repeat1_fold1,MMdata_598.25s_0322_224923_no_secretion,15.0,3,119,0.029411764705882353,0,0,1,0.9975478053092957,0.014504814520478249,0.9854952096939087,0.8049728870391846,0.6117831468582153,0.5413941144943237,0.9999791383743286,0.9999614953994751,0.9997680187225342
repeat1_fold1,MMdata_598.25s_0322_224923_no_secretion,20.0,4,119,0.037815126050420166,0,0,1,0.9971823692321777,0.015032727271318436,0.9849672913551331,0.7822906970977783,0.5662536025047302,0.5141130685806274,0.9999797344207764,0.9999644160270691,0.999771773815155
repeat1_fold1,MMdata_598.25s_0322_224923_no_secretion,25.0,5,119,0.046218487394957986,0,0,1,0.9972932934761047,0.020523713901638985,0.979476273059845,0.7624437808990479,0.5262535810470581,0.49331092834472656,0.9999480247497559,0.9998979568481445,0.999478816986084
repeat1_fold1,MMdata_598.25s_0322_224923_no_secretion,30.0,6,119,0.0546218487394958,0,0,1,0.997465968132019,0.013138349168002605,0.9868616461753845,0.8093326091766357,0.6204612255096436,0.5472878813743591,0.9999802112579346,0.9999641180038452,0.9997776746749878
repeat1_fold1,MMdata_598.25s_0322_224923_no_secretion,35.0,7,119,0.06302521008403361,0,0,1,0.9975752234458923,0.014353164471685886,0.9856469035148621,0.7970089316368103,0.5957211256027222,0.5318092107772827,0.9999802112579346,0.9999638795852661,0.9997791051864624
repeat1_fold1,MMdata_598.25s_0322_224923_no_secretion,40.0,8,119,0.07142857142857142,0,0,1,0.9973841309547424,0.0156271792948246,0.9843728542327881,0.7935345768928528,0.588880717754364,0.5270225405693054,0.9999806880950928,0.9999657273292542,0.9997818470001221
repeat1_fold1,MMdata_598.25s_0322_224923_no_secretion,45.0,9,119,0.07983193277310924,0,0,1,0.9972827434539795,0.020207375288009644,0.979792594909668,0.761924147605896,0.5251736640930176,0.49294817447662354,0.9999469518661499,0.9998957514762878,0.9994692206382751
repeat1_fold1,MMdata_598.25s_0322_224923_no_secretion,50.0,10,119,0.08823529411764706,0,0,1,0.9975031018257141,0.01375894621014595,0.9862409830093384,0.8021588325500488,0.6061434745788574,0.5378103852272034,0.9999784231185913,0.9999602437019348,0.9997619390487671
repeat1_fold1,MMdata_598.25s_0322_224923_no_secretion,55.0,11,119,0.09663865546218488,0,0,1,0.9973446726799011,0.014023550786077976,0.9859764575958252,0.8122550845146179,0.6263278126716614,0.5510931015014648,0.9999778270721436,0.9999591708183289,0.9997549057006836
repeat1_fold1,MMdata_598.25s_0322_224923_no_secretion,60.0,12,119,0.10504201680672269,0,0,1,0.9972600936889648,0.01681988313794136,0.9831801652908325,0.7870303392410278,0.5760223269462585,0.51847243309021,0.9999792575836182,0.9999630451202393,0.9997671842575073
repeat1_fold1,MMdata_598.25s_0322_224923_no_secretion,65.0,13,119,0.1134453781512605,0,0,1,0.9971754550933838,0.02058311551809311,0.9794169068336487,0.7656808495521545,0.5327786803245544,0.4965527057647705,0.9999372959136963,0.9998762011528015,0.9993826150894165
repeat1_fold1,MMdata_598.25s_0322_224923_no_secretion,70.0,14,119,0.12184873949579832,0,0,1,0.9974442720413208,0.012868290767073631,0.9871317148208618,0.7954772114753723,0.5926969051361084,0.5297272801399231,0.9999809265136719,0.9999658465385437,0.999785304069519
repeat1_fold1,MMdata_598.25s_0322_224923_no_secretion,75.0,15,119,0.13025210084033614,0,0,1,0.9973616003990173,0.01539491955190897,0.984605073928833,0.8143157958984375,0.6305283904075623,0.5535405874252319,0.9999768733978271,0.9999570846557617,0.999745786190033
repeat1_fold1,MMdata_598.25s_0322_224923_no_secretion,80.0,16,119,0.13865546218487396,0,0,1,0.9972502589225769,0.017047282308340073,0.9829527139663696,0.7810683846473694,0.5641094446182251,0.5113778710365295,0.9999784231185913,0.9999610781669617,0.9997585415840149
repeat1_fold1,MMdata_598.25s_0322_224923_no_secretion,85.0,17,119,0.14705882352941177,0,0,1,0.9972131848335266,0.02060949057340622,0.9793905019760132,0.7494809031486511,0.5002462863922119,0.4802907705307007,0.9999407529830933,0.9998833537101746,0.9994146227836609
repeat1_fold1,MMdata_598.25s_0322_224923_no_secretion,90.0,18,119,0.15546218487394958,0,0,1,0.9973841309547424,0.013678805902600288,0.9863211512565613,0.8034707307815552,0.6087609529495239,0.5395247936248779,0.9999794960021973,0.9999628067016602,0.9997711181640625
repeat1_fold1,MMdata_598.25s_0322_224923_no_secretion,95.0,19,119,0.1638655462184874,0,0,1,0.9974820017814636,0.01595338061451912,0.9840466380119324,0.7972120642662048,0.5961791276931763,0.5318402051925659,0.9999760389328003,0.9999550580978394,0.9997381567955017
repeat1_fold1,MMdata_598.25s_0322_224923_no_secretion,100.0,20,119,0.1722689075630252,0,0,1,0.9973170161247253,0.017320040613412857,0.9826799631118774,0.7863690257072449,0.5746471881866455,0.517905592918396,0.9999780654907227,0.9999600052833557,0.9997562766075134
repeat1_fold1,MMdata_598.25s_0322_224923_no_secretion,105.0,21,119,0.18067226890756302,0,0,1,0.9972776770591736,0.02019059658050537,0.9798094034194946,0.7599895596504211,0.5213388204574585,0.4907371401786804,0.9999474287033081,0.9998967051506042,0.9994733929634094
repeat1_fold1,MMdata_598.25s_0322_224923_no_secretion,110.0,22,119,0.18907563025210083,0,0,1,0.9973662495613098,0.012887123972177505,0.9871129393577576,0.8139217495918274,0.6297094821929932,0.5531353950500488,0.9999827146530151,0.9999703168869019,0.9998026490211487
repeat1_fold1,MMdata_598.25s_0322_224923_no_secretion,115.0,23,119,0.19747899159663865,0,0,1,0.997439980506897,0.01532785128802061,0.9846721291542053,0.8078759908676147,0.617695152759552,0.5447458028793335,0.9999752044677734,0.9999534487724304,0.99973064661026
repeat1_fold1,MMdata_598.25s_0322_224923_no_secretion,120.0,24,119,0.20588235294117646,0,0,1,0.9973092079162598,0.016078129410743713,0.9839218854904175,0.7880242466926575,0.5778124332427979,0.5205163955688477,0.9999797344207764,0.9999639987945557,0.9997726678848267
repeat1_fold1,MMdata_598.25s_0322_224923_no_secretion,125.0,25,119,0.21428571428571427,0,1,0,0.9004295468330383,0.019814876839518547,0.9801851511001587,0.7888940572738647,0.579584002494812,0.5214262008666992,0.9701447486877441,0.9425307512283325,0.8705668449401855
repeat1_fold1,MMdata_598.25s_0322_224923_no_secretion,130.0,26,119,0.22268907563025211,0,0,1,0.9972043633460999,0.013157366774976254,0.9868425726890564,0.803043782711029,0.6078977584838867,0.5390139818191528,0.9999806880950928,0.999966025352478,0.999781608581543
repeat1_fold1,MMdata_598.25s_0322_224923_no_secretion,135.0,27,119,0.23109243697478993,0,0,1,0.9974453449249268,0.017143679782748222,0.9828563332557678,0.8117323517799377,0.6257141828536987,0.5486160516738892,0.9999731779098511,0.9999489784240723,0.9997108578681946
repeat1_fold1,MMdata_598.25s_0322_224923_no_secretion,140.0,28,119,0.23949579831932774,0,0,1,0.9971809387207031,0.015597602352499962,0.9844024181365967,0.8036271929740906,0.6092959046363831,0.538794755935669,0.9999803304672241,0.9999661445617676,0.9997780323028564
repeat1_fold1,MMdata_598.25s_0322_224923_no_secretion,145.0,29,119,0.24789915966386555,0,0,1,0.9973119497299194,0.019338266924023628,0.9806617498397827,0.759987473487854,0.5213792324066162,0.49052631855010986,0.9999504089355469,0.9999027252197266,0.9995000958442688
repeat1_fold1,MMdata_598.25s_0322_224923_no_secretion,150.0,30,119,0.25630252100840334,0,0,1,0.997346043586731,0.014388162642717361,0.9856117963790894,0.8052920699119568,0.6123121976852417,0.5422748327255249,0.9999786615371704,0.9999608993530273,0.9997624158859253
repeat1_fold1,MMdata_598.25s_0322_224923_no_secretion,155.0,31,119,0.2647058823529412,0,0,1,0.9972366094589233,0.018137773498892784,0.9818622469902039,0.821204662322998,0.6447916626930237,0.5610683560371399,0.9999651908874512,0.9999327659606934,0.9996354579925537
repeat1_fold1,MMdata_598.25s_0322_224923_no_secretion,160.0,32,119,0.27310924369747897,0,0,1,0.997096061706543,0.014756943099200726,0.9852430820465088,0.802651584148407,0.6070994734764099,0.5385689735412598,0.9999798536300659,0.999965250492096,0.9997729063034058
repeat1_fold1,MMdata_598.25s_0322_224923_no_secretion,165.0,33,119,0.2815126050420168,0,0,1,0.9971622824668884,0.01863490790128708,0.9813651442527771,0.7628339529037476,0.5270475745201111,0.4936631917953491,0.9999390840530396,0.9998799562454224,0.999399721622467
repeat1_fold1,MMdata_598.25s_0322_224923_no_secretion,170.0,34,119,0.28991596638655465,0,0,1,0.9973145127296448,0.01580243743956089,0.9841975569725037,0.7964957356452942,0.594692051410675,0.5311790704727173,0.9999730587005615,0.9999490976333618,0.9997094869613647
repeat1_fold1,MMdata_598.25s_0322_224923_no_secretion,175.0,35,119,0.29831932773109243,0,0,1,0.9973233342170715,0.016233952715992928,0.9837660789489746,0.8128069043159485,0.6274791359901428,0.5516347885131836,0.9999734163284302,0.9999497532844543,0.9997122287750244
repeat1_fold1,MMdata_598.25s_0322_224923_no_secretion,180.0,36,119,0.3067226890756303,0,0,1,0.9973125457763672,0.014127759262919426,0.985872209072113,0.7982912659645081,0.5983428955078125,0.5331734418869019,0.9999821186065674,0.9999699592590332,0.9997954368591309
repeat1_fold1,MMdata_598.25s_0322_224923_no_secretion,185.0,37,119,0.31512605042016806,0,0,1,0.9973509311676025,0.0176394060254097,0.9823606014251709,0.7766112089157104,0.5547268390655518,0.5083014965057373,0.9999508857727051,0.9999037384986877,0.9995046854019165
repeat1_fold1,MMdata_598.25s_0322_224923_no_secretion,190.0,38,119,0.3235294117647059,0,0,1,0.9969390630722046,0.01321119163185358,0.986788809299469,0.8193039298057556,0.6405460834503174,0.560204267501831,0.9999794960021973,0.9999643564224243,0.9997684955596924
repeat1_fold1,MMdata_598.25s_0322_224923_no_secretion,195.0,39,119,0.3319327731092437,0,0,1,0.997287392616272,0.016216428950428963,0.9837835431098938,0.8079185485839844,0.6177167892456055,0.545067548751831,0.9999725818634033,0.9999481439590454,0.9997047185897827
repeat1_fold1,MMdata_598.25s_0322_224923_no_secretion,200.0,40,119,0.3403361344537815,0,0,1,0.9958836436271667,0.010997632518410683,0.9890023469924927,0.8014466166496277,0.604600727558136,0.5374058485031128,0.9999737739562988,0.9999558925628662,0.9997099041938782
repeat1_fold1,MMdata_598.25s_0322_224923_no_secretion,205.0,41,119,0.3487394957983193,0,0,1,0.9972707629203796,0.018038718029856682,0.9819613099098206,0.774047315120697,0.5496131181716919,0.5053310394287109,0.9999476671218872,0.9998971223831177,0.9994753003120422
repeat1_fold1,MMdata_598.25s_0322_224923_no_secretion,210.0,42,119,0.35714285714285715,0,0,1,0.9969770908355713,0.013522546738386154,0.9864774942398071,0.8027090430259705,0.6071485280990601,0.5389249324798584,0.9999775886535645,0.9999596476554871,0.9997501373291016
repeat1_fold1,MMdata_598.25s_0322_224923_no_secretion,215.0,43,119,0.36554621848739494,0,0,1,0.9972469806671143,0.015960199758410454,0.984039843082428,0.8210909366607666,0.6441057324409485,0.5627493262290955,0.9999711513519287,0.9999451637268066,0.9996901154518127
repeat1_fold1,MMdata_598.25s_0322_224923_no_secretion,220.0,44,119,0.3739495798319328,0,0,1,0.996886670589447,0.012264041230082512,0.98773592710495,0.8012518286705017,0.6041203141212463,0.5375518798828125,0.9999810457229614,0.999971330165863,0.9997830986976624
repeat1_fold1,MMdata_598.25s_0322_224923_no_secretion,225.0,45,119,0.38235294117647056,0,0,1,0.9972622394561768,0.018380319699645042,0.9816197156906128,0.7729396820068359,0.5474414229393005,0.503888726234436,0.9999431371688843,0.9998880624771118,0.9994357228279114
repeat1_fold1,MMdata_598.25s_0322_224923_no_secretion,230.0,46,119,0.3907563025210084,0,0,1,0.997270405292511,0.015755636617541313,0.9842442870140076,0.8089064359664917,0.6196314096450806,0.5466287732124329,0.9999732971191406,0.9999497532844543,0.9997116923332214
repeat1_fold1,MMdata_598.25s_0322_224923_no_secretion,235.0,47,119,0.39915966386554624,0,0,1,0.997334361076355,0.016361849382519722,0.9836381673812866,0.807467520236969,0.6167315244674683,0.5448256731033325,0.9999719858169556,0.9999467730522156,0.9996982216835022
repeat1_fold1,MMdata_598.25s_0322_224923_no_secretion,240.0,48,119,0.40756302521008403,0,0,1,0.9969082474708557,0.012892965227365494,0.98710697889328,0.7883970141410828,0.5782702565193176,0.5222394466400146,0.9999808073043823,0.9999707341194153,0.9997808337211609
repeat1_fold1,MMdata_598.25s_0322_224923_no_secretion,245.0,49,119,0.41596638655462187,0,0,1,0.9973127245903015,0.018460428342223167,0.9815395474433899,0.7702932953834534,0.5421096086502075,0.5011166334152222,0.9999465942382812,0.9998949766159058,0.9994658827781677
repeat1_fold1,MMdata_598.25s_0322_224923_no_secretion,250.0,50,119,0.42436974789915966,0,0,1,0.9972909092903137,0.015834085643291473,0.9841659069061279,0.8090723156929016,0.6200290322303772,0.5465705394744873,0.9999754428863525,0.9999540448188782,0.9997313022613525
repeat1_fold1,MMdata_598.25s_0322_224923_no_secretion,255.0,51,119,0.4327731092436975,0,0,1,0.9972752928733826,0.016133099794387817,0.9838669300079346,0.8220905065536499,0.6462703943252563,0.5634747743606567,0.9999727010726929,0.9999484419822693,0.9997057318687439
repeat1_fold1,MMdata_598.25s_0322_224923_no_secretion,260.0,52,119,0.4411764705882353,0,0,1,0.9966149926185608,0.011617504991590977,0.9883825182914734,0.795295000076294,0.5920637249946594,0.5306844711303711,0.9999784231185913,0.9999648928642273,0.9997571110725403
repeat1_fold1,MMdata_598.25s_0322_224923_no_secretion,265.0,53,119,0.4495798319327731,0,0,1,0.9973134398460388,0.01875009946525097,0.9812498688697815,0.7694067358970642,0.5403512120246887,0.5000701546669006,0.9999430179595947,0.9998877048492432,0.9994341731071472
repeat1_fold1,MMdata_598.25s_0322_224923_no_secretion,270.0,54,119,0.4579831932773109,0,0,1,0.9973353743553162,0.016579147428274155,0.9834207892417908,0.8039947152137756,0.6098823547363281,0.5398909449577332,0.9999711513519287,0.9999450445175171,0.9996916055679321
repeat1_fold1,MMdata_598.25s_0322_224923_no_secretion,275.0,55,119,0.46638655462184875,0,0,1,0.9972259402275085,0.017751391977071762,0.9822485446929932,0.8212465643882751,0.6447248458862305,0.5617218017578125,0.999966025352478,0.9999344348907471,0.9996422529220581
repeat1_fold1,MMdata_598.25s_0322_224923_no_secretion,280.0,56,119,0.47478991596638653,0,0,1,0.9952008724212646,0.009738012216985226,0.990261971950531,0.8059802055358887,0.6136125922203064,0.5434980988502502,0.999958872795105,0.999923825263977,0.9995691776275635
repeat1_fold1,MMdata_598.25s_0322_224923_no_secretion,285.0,57,119,0.4831932773109244,0,0,1,0.9971001744270325,0.019124899059534073,0.9808751344680786,0.7661634087562561,0.5338475704193115,0.4965975284576416,0.9999316930770874,0.9998650550842285,0.9993346929550171
repeat1_fold1,MMdata_598.25s_0322_224923_no_secretion,290.0,58,119,0.49159663865546216,0,0,1,0.9972425699234009,0.01728792116045952,0.9827120304107666,0.8154787421226501,0.6332669258117676,0.5534435510635376,0.9999711513519287,0.9999452233314514,0.9996917843818665
repeat1_fold1,MMdata_598.25s_0322_224923_no_secretion,295.0,59,119,0.5,0,0,1,0.9970609545707703,0.017481375485658646,0.9825185537338257,0.8235720992088318,0.6494085192680359,0.5648638010025024,0.9999657869338989,0.9999342560768127,0.9996400475502014
repeat1_fold1,MMdata_598.25s_0322_224923_no_secretion,300.0,60,119,0.5084033613445378,0,0,1,0.9943885207176208,0.009345920756459236,0.9906540513038635,0.8007609248161316,0.6032082438468933,0.536622166633606,0.999940037727356,0.9998858571052551,0.9993972778320312
repeat1_fold1,MMdata_598.25s_0322_224923_no_secretion,305.0,61,119,0.5168067226890757,0,0,1,0.9971755743026733,0.018587255850434303,0.9814127683639526,0.7711384296417236,0.5438552498817444,0.5018031597137451,0.9999392032623291,0.9998802542686462,0.999400794506073
repeat1_fold1,MMdata_598.25s_0322_224923_no_secretion,310.0,62,119,0.5252100840336135,0,0,1,0.9972078204154968,0.017284611240029335,0.982715368270874,0.812282919883728,0.6265772581100464,0.550323486328125,0.9999692440032959,0.9999412298202515,0.9996727108955383
repeat1_fold1,MMdata_598.25s_0322_224923_no_secretion,315.0,63,119,0.5336134453781513,0,0,1,0.9973335266113281,0.015639200806617737,0.9843608736991882,0.8084768652915955,0.6186485886573792,0.5465883612632751,0.9999725818634033,0.9999480247497559,0.9997047781944275
repeat1_fold1,MMdata_598.25s_0322_224923_no_secretion,320.0,64,119,0.542016806722689,0,0,1,0.9945365190505981,0.00932775717228651,0.9906721711158752,0.804519534111023,0.6106954216957092,0.5415817499160767,0.9999449253082275,0.9998957514762878,0.9994409084320068
repeat1_fold1,MMdata_598.25s_0322_224923_no_secretion,325.0,65,119,0.5504201680672269,0,0,1,0.9972564578056335,0.018719512969255447,0.981280505657196,0.7709126472473145,0.54329514503479,0.5020467042922974,0.9999433755874634,0.99988853931427,0.9994376301765442
repeat1_fold1,MMdata_598.25s_0322_224923_no_secretion,330.0,66,119,0.5588235294117647,0,0,1,0.9966123700141907,0.018249450251460075,0.9817505478858948,0.8233211040496826,0.6489002108573914,0.5645343065261841,0.9999566078186035,0.9999159574508667,0.9995537996292114
repeat1_fold1,MMdata_598.25s_0322_224923_no_secretion,335.0,67,119,0.5672268907563025,0,0,1,0.9972937703132629,0.016551384702324867,0.9834485650062561,0.8158959150314331,0.6337180137634277,0.5555673241615295,0.9999701976776123,0.999943196773529,0.999682605266571
repeat1_fold1,MMdata_598.25s_0322_224923_no_secretion,340.0,68,119,0.5756302521008403,0,0,1,0.9946409463882446,0.009644577279686928,0.9903554916381836,0.7965783476829529,0.5947105288505554,0.531926155090332,0.9999488592147827,0.9999037981033325,0.9994768500328064
repeat1_fold1,MMdata_598.25s_0322_224923_no_secretion,345.0,69,119,0.5840336134453782,0,0,1,0.9971833825111389,0.01933700032532215,0.980663001537323,0.7724136114120483,0.5463051795959473,0.5036822557449341,0.9999374151229858,0.9998765587806702,0.9993849992752075
repeat1_fold1,MMdata_598.25s_0322_224923_no_secretion,350.0,70,119,0.592436974789916,0,0,1,0.9971956014633179,0.01758899912238121,0.9824109673500061,0.8207255005836487,0.6436858177185059,0.5609812140464783,0.9999679327011108,0.9999384880065918,0.9996603727340698
repeat1_fold1,MMdata_598.25s_0322_224923_no_secretion,355.0,71,119,0.6008403361344538,0,0,1,0.9973042011260986,0.015255726873874664,0.9847442507743835,0.8063870072364807,0.6144716143608093,0.5438332557678223,0.999972939491272,0.9999489188194275,0.999707818031311
repeat1_fold1,MMdata_598.25s_0322_224923_no_secretion,360.0,72,119,0.6092436974789915,0,0,1,0.9957566857337952,0.01062711700797081,0.9893729090690613,0.8007623553276062,0.6032300591468811,0.5365421175956726,0.9999662637710571,0.9999393224716187,0.9996381998062134
repeat1_fold1,MMdata_598.25s_0322_224923_no_secretion,365.0,73,119,0.6176470588235294,0,1,0,0.4440152943134308,0.014232785440981388,0.9857672452926636,0.8018364906311035,0.6056056618690491,0.536945104598999,0.5640910267829895,0.2030913233757019,0.194524884223938
repeat1_fold1,MMdata_598.25s_0322_224923_no_secretion,370.0,74,119,0.6260504201680672,0,0,1,0.9972890615463257,0.01738678105175495,0.982613205909729,0.8109896779060364,0.6240503787994385,0.5483460426330566,0.9999707937240601,0.999944269657135,0.9996875524520874
repeat1_fold1,MMdata_598.25s_0322_224923_no_secretion,375.0,75,119,0.634453781512605,0,0,1,0.9970199465751648,0.012969178147614002,0.9870308041572571,0.811149001121521,0.6239814162254333,0.5501829385757446,0.9999769926071167,0.9999583959579468,0.9997453689575195
repeat1_fold1,MMdata_598.25s_0322_224923_no_secretion,380.0,76,119,0.6428571428571429,0,0,1,0.9958385229110718,0.011061294004321098,0.9889386892318726,0.7970981001853943,0.5958690047264099,0.5320539474487305,0.9999690055847168,0.9999454617500305,0.9996631145477295
repeat1_fold1,MMdata_598.25s_0322_224923_no_secretion,385.0,77,119,0.6512605042016807,0,0,1,0.9965441823005676,0.02033781260251999,0.9796621799468994,0.7921251654624939,0.5859785676002502,0.5256504416465759,0.999903678894043,0.9998090267181396,0.9990939497947693
repeat1_fold1,MMdata_598.25s_0322_224923_no_secretion,390.0,78,119,0.6596638655462185,0,0,1,0.9973805546760559,0.016488801687955856,0.983511209487915,0.8119140267372131,0.6259667873382568,0.5493069887161255,0.9999738931655884,0.999950647354126,0.9997174739837646
repeat1_fold1,MMdata_598.25s_0322_224923_no_secretion,395.0,79,119,0.6680672268907563,0,0,1,0.9973624348640442,0.011931853368878365,0.988068163394928,0.805246114730835,0.61213219165802,0.5425955057144165,0.9999827146530151,0.9999704957008362,0.9998030066490173
repeat1_fold1,MMdata_598.25s_0322_224923_no_secretion,400.0,80,119,0.6764705882352942,0,0,1,0.9949973821640015,0.010800877586007118,0.9891991019248962,0.8015340566635132,0.6047567129135132,0.5375993251800537,0.999955415725708,0.9999176859855652,0.9995346665382385
repeat1_fold1,MMdata_598.25s_0322_224923_no_secretion,405.0,81,119,0.6848739495798319,0,0,1,0.9965038299560547,0.021384039893746376,0.978615939617157,0.7904078960418701,0.5826733112335205,0.5229949951171875,0.999897837638855,0.9997973442077637,0.9990452527999878
repeat1_fold1,MMdata_598.25s_0322_224923_no_secretion,410.0,82,119,0.6932773109243697,0,0,1,0.9973927736282349,0.018227528780698776,0.9817725419998169,0.7940046191215515,0.5898812413215637,0.5273439288139343,0.9999698400497437,0.9999422430992126,0.9996800422668457
repeat1_fold1,MMdata_598.25s_0322_224923_no_secretion,415.0,83,119,0.7016806722689075,0,0,1,0.9971246123313904,0.01175389252603054,0.9882461428642273,0.8171766996383667,0.6361716985702515,0.5577688813209534,0.9999810457229614,0.999967634677887,0.999784529209137
repeat1_fold1,MMdata_598.25s_0322_224923_no_secretion,420.0,84,119,0.7100840336134454,0,0,1,0.9930151700973511,0.009315225295722485,0.9906847476959229,0.8031029105186462,0.6079191565513611,0.5395053625106812,0.9999121427536011,0.9998305439949036,0.9991519451141357
repeat1_fold1,MMdata_598.25s_0322_224923_no_secretion,425.0,85,119,0.7184873949579832,0,0,1,0.9966453909873962,0.020419662818312645,0.9795803427696228,0.7770499587059021,0.5557944774627686,0.5079489946365356,0.9999091625213623,0.9998200535774231,0.9991408586502075
repeat1_fold1,MMdata_598.25s_0322_224923_no_secretion,430.0,86,119,0.726890756302521,0,0,1,0.9973342418670654,0.016678908839821815,0.9833210706710815,0.8122372627258301,0.6264239549636841,0.5505185127258301,0.9999716281890869,0.9999459385871887,0.999695897102356
repeat1_fold1,MMdata_598.25s_0322_224923_no_secretion,435.0,87,119,0.7352941176470589,0,0,1,0.9972274899482727,0.01200810819864273,0.9879918694496155,0.8102725744247437,0.6223556995391846,0.5484741926193237,0.9999812841415405,0.9999675154685974,0.9997867345809937
repeat1_fold1,MMdata_598.25s_0322_224923_no_secretion,440.0,88,119,0.7436974789915967,0,0,1,0.9937997460365295,0.009441769681870937,0.9905582666397095,0.8064227104187012,0.6145861148834229,0.5436947345733643,0.9999314546585083,0.9998690485954285,0.9993205666542053
repeat1_fold1,MMdata_598.25s_0322_224923_no_secretion,445.0,89,119,0.7521008403361344,0,0,1,0.9961817264556885,0.02075071819126606,0.9792492985725403,0.7860008478164673,0.5736840963363647,0.5184507966041565,0.9998884201049805,0.999778687953949,0.9989666938781738
repeat1_fold1,MMdata_598.25s_0322_224923_no_secretion,450.0,90,119,0.7605042016806722,0,0,1,0.9971925616264343,0.016103500500321388,0.9838964939117432,0.8189029097557068,0.6399524807929993,0.5588002800941467,0.9999735355377197,0.9999503493309021,0.9997134208679199
repeat1_fold1,MMdata_598.25s_0322_224923_no_secretion,455.0,91,119,0.7689075630252101,0,0,1,0.9967169165611267,0.011071888729929924,0.9889280796051025,0.8219460248947144,0.6457537412643433,0.564203143119812,0.999980092048645,0.9999676942825317,0.9997737407684326
repeat1_fold1,MMdata_598.25s_0322_224923_no_secretion,460.0,92,119,0.7773109243697479,0,0,1,0.9945170283317566,0.010590055957436562,0.9894099235534668,0.7942193746566772,0.5900370478630066,0.5287976264953613,0.9999502897262573,0.9999083280563354,0.9994865655899048
repeat1_fold1,MMdata_598.25s_0322_224923_no_secretion,465.0,93,119,0.7857142857142857,0,0,1,0.9967297315597534,0.020791679620742798,0.9792082905769348,0.781391978263855,0.5647959113121033,0.5115878582000732,0.9999116659164429,0.9998250007629395,0.9991617798805237
repeat1_fold1,MMdata_598.25s_0322_224923_no_secretion,470.0,94,119,0.7941176470588235,0,0,1,0.9973828196525574,0.01509250421077013,0.9849075078964233,0.8075153231620789,0.6167572736740112,0.5451862215995789,0.9999750852584839,0.9999531507492065,0.9997283220291138
repeat1_fold1,MMdata_598.25s_0322_224923_no_secretion,475.0,95,119,0.8025210084033614,0,0,1,0.9972250461578369,0.012050674296915531,0.9879493713378906,0.8066571354866028,0.615032970905304,0.5440953969955444,0.9999825954437256,0.9999708533287048,0.9997997879981995
repeat1_fold1,MMdata_598.25s_0322_224923_no_secretion,480.0,96,119,0.8109243697478992,0,0,1,0.9934148788452148,0.010173086076974869,0.9898269176483154,0.7984880208969116,0.5986185669898987,0.5339330434799194,0.9999282360076904,0.999864399433136,0.9992888569831848
repeat1_fold1,MMdata_598.25s_0322_224923_no_secretion,485.0,97,119,0.819327731092437,0,0,1,0.995969295501709,0.022610031068325043,0.9773899912834167,0.7828330993652344,0.5677375197410583,0.5130247473716736,0.9998680353164673,0.9997376799583435,0.9987984299659729
repeat1_fold1,MMdata_598.25s_0322_224923_no_secretion,490.0,98,119,0.8277310924369747,0,0,1,0.9972783923149109,0.014127467758953571,0.9858725070953369,0.8003824353218079,0.6024143695831299,0.5363009572029114,0.99997878074646,0.9999616146087646,0.9997640252113342
repeat1_fold1,MMdata_598.25s_0322_224923_no_secretion,495.0,99,119,0.8361344537815126,0,0,1,0.99605393409729,0.010456704534590244,0.9895433187484741,0.8295342922210693,0.6610665917396545,0.5744684934616089,0.9999772310256958,0.9999642968177795,0.9997442960739136
repeat1_fold1,MMdata_598.25s_0322_224923_no_secretion,500.0,100,119,0.8445378151260504,0,0,1,0.9940387010574341,0.011500590480864048,0.9884994626045227,0.7894914746284485,0.5805844068527222,0.5229999423027039,0.9999450445175171,0.9998993873596191,0.9994362592697144
repeat1_fold1,MMdata_598.25s_0322_224923_no_secretion,505.0,101,119,0.8529411764705882,0,0,1,0.9939013719558716,0.03294440358877182,0.96705561876297,0.836930513381958,0.6771170496940613,0.5806609392166138,0.999693751335144,0.9993892908096313,0.9974563717842102
repeat1_fold1,MMdata_598.25s_0322_224923_no_secretion,510.0,102,119,0.8613445378151261,0,0,1,0.9974107146263123,0.013818133622407913,0.9861818552017212,0.8067803978919983,0.6152252554893494,0.5444902181625366,0.9999781847000122,0.9999597072601318,0.9997577667236328
repeat1_fold1,MMdata_598.25s_0322_224923_no_secretion,515.0,103,119,0.8697478991596639,0,0,1,0.9971530437469482,0.010886609554290771,0.9891133308410645,0.8068785667419434,0.6155225038528442,0.5441854000091553,0.9999834299087524,0.9999746680259705,0.9998084306716919
repeat1_fold1,MMdata_598.25s_0322_224923_no_secretion,520.0,104,119,0.8781512605042017,0,0,1,0.9939066767692566,0.011403573676943779,0.9885963797569275,0.8062313199043274,0.6142106056213379,0.5434135794639587,0.9999426603317261,0.9998942613601685,0.9994157552719116
repeat1_fold1,MMdata_598.25s_0322_224923_no_secretion,525.0,105,119,0.8865546218487395,0,0,1,0.9948484897613525,0.025873159989714622,0.9741268754005432,0.8100672960281372,0.6225152611732483,0.5458664894104004,0.9997960925102234,0.9995939135551453,0.998227596282959
repeat1_fold1,MMdata_598.25s_0322_224923_no_secretion,530.0,106,119,0.8949579831932774,0,0,1,0.9970716238021851,0.013322314247488976,0.9866776466369629,0.8049764633178711,0.6114773750305176,0.5427501201629639,0.9999791383743286,0.9999627470970154,0.9997653961181641
repeat1_fold1,MMdata_598.25s_0322_224923_no_secretion,535.0,107,119,0.9033613445378151,0,0,1,0.9967868328094482,0.010442642495036125,0.9895573258399963,0.8153089880943298,0.6325139403343201,0.5548928380012512,0.9999816417694092,0.9999715685844421,0.9997888207435608
repeat1_fold1,MMdata_598.25s_0322_224923_no_secretion,540.0,108,119,0.9117647058823529,0,0,1,0.9949333071708679,0.012542149983346462,0.987457811832428,0.7896218299865723,0.580756425857544,0.5235532522201538,0.999962568283081,0.9999362826347351,0.9995975494384766
repeat1_fold1,MMdata_598.25s_0322_224923_no_secretion,545.0,109,119,0.9201680672268907,0,0,1,0.9946240782737732,0.02676287107169628,0.9732370972633362,0.7965478301048279,0.5953389406204224,0.5289570093154907,0.9997610449790955,0.9995238780975342,0.9979590177536011
repeat1_fold1,MMdata_598.25s_0322_224923_no_secretion,550.0,110,119,0.9285714285714286,0,0,1,0.9972660541534424,0.013319507241249084,0.9866805672645569,0.7982577681541443,0.5980372428894043,0.5341750383377075,0.9999799728393555,0.9999642968177795,0.9997753500938416
repeat1_fold1,MMdata_598.25s_0322_224923_no_secretion,555.0,111,119,0.9369747899159664,0,0,1,0.9968998432159424,0.012631633318960667,0.9873684048652649,0.8482420444488525,0.6989930868148804,0.6008347868919373,0.9999809265136719,0.9999686479568481,0.9997825622558594
repeat1_fold1,MMdata_598.25s_0322_224923_no_secretion,560.0,112,119,0.9453781512605042,0,0,1,0.9952152967453003,0.013560032472014427,0.9864400029182434,0.782782793045044,0.5670621991157532,0.5154757499694824,0.9999665021896362,0.9999465346336365,0.9996344447135925
repeat1_fold1,MMdata_598.25s_0322_224923_no_secretion,565.0,113,119,0.9537815126050421,0,0,1,0.9936563372612,0.03157360851764679,0.9684263467788696,0.8170044422149658,0.6365786194801331,0.5545121431350708,0.999695897102356,0.9993938207626343,0.997470498085022
repeat1_fold1,MMdata_598.25s_0322_224923_no_secretion,570.0,114,119,0.9621848739495799,0,0,1,0.9968096613883972,0.012221192941069603,0.9877788424491882,0.7987965941429138,0.5990840792655945,0.5349912047386169,0.9999798536300659,0.9999660849571228,0.999771773815155
repeat1_fold1,MMdata_598.25s_0322_224923_no_secretion,575.0,115,119,0.9705882352941176,0,0,1,0.9963458180427551,0.010723783634603024,0.9892761707305908,0.8344152569770813,0.671032190322876,0.5808217525482178,0.9999790191650391,0.9999674558639526,0.9997615814208984
repeat1_fold1,MMdata_598.25s_0322_224923_no_secretion,580.0,116,119,0.9789915966386554,0,0,1,0.9946647882461548,0.013495692983269691,0.986504316329956,0.7853557467460632,0.5722050666809082,0.5185257792472839,0.9999628067016602,0.9999403357505798,0.9995973110198975
repeat1_fold1,MMdata_598.25s_0322_224923_no_secretion,585.0,117,119,0.9873949579831933,0,0,1,0.995657205581665,0.021258044987916946,0.9787418842315674,0.7849153876304626,0.57154381275177,0.517026424407959,0.9998688697814941,0.9997397661209106,0.9988041520118713
repeat1_fold1,MMdata_598.25s_0322_224923_no_secretion,590.0,118,119,0.9957983193277311,0,0,1,0.9968758821487427,0.011249342933297157,0.9887506365776062,0.8107206225395203,0.623237133026123,0.5491324663162231,0.9999823570251465,0.9999725818634033,0.9997972846031189
repeat1_fold1,MMdata_820.00s_0327_172321_2ml,0.0,0,164,0.003048780487804878,1,1,1,0.9810112714767456,0.009391352534294128,0.9906086921691895,0.8717761635780334,0.7460211515426636,0.6402797698974609,0.9996936321258545,0.9994211196899414,0.9973674416542053
repeat1_fold1,MMdata_820.00s_0327_172321_2ml,5.0,1,164,0.009146341463414634,1,1,1,0.9973287582397461,0.015626423060894012,0.9843735694885254,0.8545408844947815,0.7113891839981079,0.611690878868103,0.9999489784240723,0.999902606010437,0.9994799494743347
repeat1_fold1,MMdata_820.00s_0327_172321_2ml,10.0,2,164,0.01524390243902439,1,1,1,0.9963032007217407,0.015271106734871864,0.9847288727760315,0.8274235129356384,0.6566579341888428,0.5721853971481323,0.9999547004699707,0.9999139308929443,0.9995323419570923
repeat1_fold1,MMdata_820.00s_0327_172321_2ml,15.0,3,164,0.021341463414634148,1,1,1,0.9146221280097961,0.005877211224287748,0.9941228032112122,0.8368984460830688,0.6756971478462219,0.5857251286506653,0.9940927624702454,0.9882127046585083,0.9668886065483093
repeat1_fold1,MMdata_820.00s_0327_172321_2ml,20.0,4,164,0.027439024390243903,1,1,1,0.9283401370048523,0.006530392449349165,0.9934695959091187,0.8512250185012817,0.704644501209259,0.6067678928375244,0.9969996809959412,0.9940164685249329,0.9813129901885986
repeat1_fold1,MMdata_820.00s_0327_172321_2ml,25.0,5,164,0.03353658536585366,1,1,1,0.9965846538543701,0.012573525309562683,0.9874265193939209,0.8427375555038452,0.6875461935997009,0.593917727470398,0.9999676942825317,0.9999443292617798,0.9996494054794312
repeat1_fold1,MMdata_820.00s_0327_172321_2ml,30.0,6,164,0.039634146341463415,1,1,1,0.9973918199539185,0.018884938210248947,0.9811150431632996,0.8137733936309814,0.6292695999145508,0.5535386800765991,0.999872088432312,0.999746561050415,0.9988291263580322
repeat1_fold1,MMdata_820.00s_0327_172321_2ml,35.0,7,164,0.04573170731707317,1,1,1,0.5849995017051697,0.006052164826542139,0.9939478635787964,0.8547317981719971,0.7117820978164673,0.6119598150253296,0.7384607791900635,0.4770018756389618,0.4762568473815918
repeat1_fold1,MMdata_820.00s_0327_172321_2ml,40.0,8,164,0.051829268292682924,1,1,1,0.9853555560112,0.008672327734529972,0.991327702999115,0.8532710075378418,0.7089139819145203,0.609389066696167,0.9998544454574585,0.9997221231460571,0.9986562728881836
repeat1_fold1,MMdata_820.00s_0327_172321_2ml,45.0,9,164,0.057926829268292686,1,1,1,0.9936665892601013,0.01158023439347744,0.988419771194458,0.8576755523681641,0.7175958156585693,0.6170603036880493,0.9999598264694214,0.9999365210533142,0.99956876039505
repeat1_fold1,MMdata_820.00s_0327_172321_2ml,50.0,10,164,0.06402439024390244,1,1,1,0.9973675608634949,0.021691467612981796,0.9783084988594055,0.830811083316803,0.6636272668838501,0.5762979984283447,0.9998306035995483,0.9996634125709534,0.9984965920448303
repeat1_fold1,MMdata_820.00s_0327_172321_2ml,55.0,11,164,0.0701219512195122,1,1,1,0.9894291758537292,0.00815884955227375,0.991841197013855,0.824282705783844,0.6503645181655884,0.5677551627159119,0.9998724460601807,0.9997655749320984,0.9987911581993103
repeat1_fold1,MMdata_820.00s_0327_172321_2ml,60.0,12,164,0.07621951219512195,1,1,1,0.9840676784515381,0.009142079390585423,0.9908578991889954,0.8604044914245605,0.7231466770172119,0.6212432384490967,0.9998195767402649,0.9996588826179504,0.9983634352684021
repeat1_fold1,MMdata_820.00s_0327_172321_2ml,65.0,13,164,0.08231707317073171,1,1,1,0.9960464835166931,0.011788702569901943,0.9882112145423889,0.8421511650085449,0.6863309144973755,0.593183159828186,0.9999693632125854,0.9999501705169678,0.9996641278266907
repeat1_fold1,MMdata_820.00s_0327_172321_2ml,70.0,14,164,0.08841463414634146,1,1,1,0.996996283531189,0.0257180854678154,0.974281907081604,0.8341706991195679,0.6704598665237427,0.5807863473892212,0.9996203184127808,0.9992427229881287,0.9969214200973511
repeat1_fold1,MMdata_820.00s_0327_172321_2ml,75.0,15,164,0.09451219512195122,1,1,1,0.9266232252120972,0.007301816716790199,0.9926981329917908,0.8565213084220886,0.7159023880958557,0.6129148006439209,0.9941365718841553,0.988325834274292,0.966977059841156
repeat1_fold1,MMdata_820.00s_0327_172321_2ml,80.0,16,164,0.10060975609756098,1,1,1,0.9919690489768982,0.01023226696997881,0.9897677302360535,0.8566052913665771,0.7155462503433228,0.6149584054946899,0.999932050704956,0.9998847246170044,0.9993066787719727
repeat1_fold1,MMdata_820.00s_0327_172321_2ml,85.0,17,164,0.10670731707317073,1,1,1,0.993310809135437,0.010034655220806599,0.9899653196334839,0.8393502235412598,0.680600106716156,0.5894237756729126,0.9999595880508423,0.9999321103096008,0.9995684027671814
repeat1_fold1,MMdata_820.00s_0327_172321_2ml,90.0,18,164,0.11280487804878049,1,1,1,0.9973233342170715,0.023235177621245384,0.9767648577690125,0.8425011038780212,0.6872832775115967,0.5927375555038452,0.9998434782028198,0.9996891617774963,0.9985989332199097
repeat1_fold1,MMdata_820.00s_0327_172321_2ml,95.0,19,164,0.11890243902439024,1,1,1,0.9739106297492981,0.00704391673207283,0.9929560422897339,0.8377493619918823,0.6774075031280518,0.5869688987731934,0.999427080154419,0.9988786578178406,0.9954930543899536
repeat1_fold1,MMdata_820.00s_0327_172321_2ml,100.0,20,164,0.125,1,1,1,0.9928697943687439,0.011312490329146385,0.9886875152587891,0.8597175478935242,0.7216793298721313,0.620445966720581,0.9999479055404663,0.999917209148407,0.999452531337738
repeat1_fold1,MMdata_820.00s_0327_172321_2ml,105.0,21,164,0.13109756097560976,1,1,1,0.9971427321434021,0.01507105678319931,0.9849289059638977,0.8348532319068909,0.6717746257781982,0.5819994211196899,0.9999589920043945,0.9999228119850159,0.9995726943016052
repeat1_fold1,MMdata_820.00s_0327_172321_2ml,110.0,22,164,0.13719512195121952,1,1,1,0.9974756836891174,0.018433991819620132,0.9815659523010254,0.8192521929740906,0.640339195728302,0.5605608224868774,0.9999181032180786,0.9998387694358826,0.9992133378982544
repeat1_fold1,MMdata_820.00s_0327_172321_2ml,115.0,23,164,0.14329268292682926,1,1,1,0.6582992076873779,0.006679407320916653,0.9933205842971802,0.8597750663757324,0.7224651575088501,0.6181118488311768,0.8286300897598267,0.6573889255523682,0.5821034908294678
repeat1_fold1,MMdata_820.00s_0327_172321_2ml,120.0,24,164,0.14939024390243902,1,1,1,0.9949778914451599,0.013287948444485664,0.9867120981216431,0.864380955696106,0.7313773036003113,0.6269413232803345,0.9999518394470215,0.9999203681945801,0.9994925260543823
repeat1_fold1,MMdata_820.00s_0327_172321_2ml,125.0,25,164,0.15548780487804878,1,1,1,0.9938855767250061,0.0107574462890625,0.9892426133155823,0.8437970280647278,0.6897355318069458,0.5952779054641724,0.9999629259109497,0.9999392032623291,0.999600350856781
repeat1_fold1,MMdata_820.00s_0327_172321_2ml,130.0,26,164,0.16158536585365854,1,1,1,0.9946461319923401,0.01321048941463232,0.9867895245552063,0.8349679112434387,0.6718447208404541,0.5828084945678711,0.9999704360961914,0.9999522566795349,0.9996740221977234
repeat1_fold1,MMdata_820.00s_0327_172321_2ml,135.0,27,164,0.1676829268292683,1,1,1,0.9889683127403259,0.00941860768944025,0.9905813932418823,0.8397074937820435,0.6817718744277954,0.5881719589233398,0.9998636245727539,0.9997570514678955,0.9987065196037292
repeat1_fold1,MMdata_820.00s_0327_172321_2ml,140.0,28,164,0.17378048780487804,1,1,1,0.9953330159187317,0.012249269522726536,0.9877507090568542,0.8575244545936584,0.7173041105270386,0.6167720556259155,0.9999574422836304,0.9999290704727173,0.9995467066764832
repeat1_fold1,MMdata_820.00s_0327_172321_2ml,145.0,29,164,0.1798780487804878,1,1,1,0.9922143816947937,0.010243210010230541,0.9897567629814148,0.8540565967559814,0.7101073265075684,0.6121028661727905,0.9999532699584961,0.9999197125434875,0.9995080828666687
repeat1_fold1,MMdata_820.00s_0327_172321_2ml,150.0,30,164,0.18597560975609756,1,1,1,0.9967638254165649,0.018230559304356575,0.9817694425582886,0.8421897888183594,0.6866767406463623,0.5921968221664429,0.9999535083770752,0.999910831451416,0.9995234608650208
repeat1_fold1,MMdata_820.00s_0327_172321_2ml,155.0,31,164,0.19207317073170732,1,1,1,0.9918854236602783,0.009482712484896183,0.9905173182487488,0.838679313659668,0.6793437600135803,0.5880655646324158,0.9999169111251831,0.9998639225959778,0.9991647601127625
repeat1_fold1,MMdata_820.00s_0327_172321_2ml,160.0,32,164,0.19817073170731708,1,1,1,0.9962837100028992,0.013990937732160091,0.9860090613365173,0.843031108379364,0.6881035566329956,0.5944867730140686,0.9999557733535767,0.9999199509620667,0.9995363354682922
repeat1_fold1,MMdata_820.00s_0327_172321_2ml,165.0,33,164,0.20426829268292682,1,1,1,0.9954962730407715,0.011833705939352512,0.988166332244873,0.8381044268608093,0.6781477928161621,0.5873827934265137,0.9999703168869019,0.9999527335166931,0.9996726512908936
repeat1_fold1,MMdata_820.00s_0327_172321_2ml,170.0,34,164,0.21036585365853658,1,1,1,0.9969649910926819,0.02789299562573433,0.9721070528030396,0.8450124859809875,0.6922695636749268,0.5967661142349243,0.9995703101158142,0.9991424083709717,0.9965659379959106
repeat1_fold1,MMdata_820.00s_0327_172321_2ml,175.0,35,164,0.21646341463414634,1,1,1,0.9917002320289612,0.009969205595552921,0.9900307655334473,0.8471996784210205,0.6968784332275391,0.5993021726608276,0.9998816251754761,0.9997974634170532,0.9988531470298767
repeat1_fold1,MMdata_820.00s_0327_172321_2ml,180.0,36,164,0.2225609756097561,1,1,1,0.9975014328956604,0.018264269456267357,0.9817357659339905,0.8391678333282471,0.6803866028785706,0.588543176651001,0.9998865127563477,0.9997762441635132,0.9989447593688965
repeat1_fold1,MMdata_820.00s_0327_172321_2ml,185.0,37,164,0.22865853658536586,1,1,1,0.9972658157348633,0.01847868226468563,0.9815213084220886,0.8534442782402039,0.709232747554779,0.6097738742828369,0.999937891960144,0.9998792409896851,0.9993840456008911
repeat1_fold1,MMdata_820.00s_0327_172321_2ml,190.0,38,164,0.2347560975609756,1,1,1,0.997238278388977,0.02638360857963562,0.9736164212226868,0.8478586077690125,0.6981794834136963,0.6004037261009216,0.9997254014015198,0.9994527697563171,0.997689962387085
repeat1_fold1,MMdata_820.00s_0327_172321_2ml,195.0,39,164,0.24085365853658536,1,1,1,0.9934131503105164,0.010584752075374126,0.9894152879714966,0.8486774563789368,0.6996835470199585,0.6022008657455444,0.9999393224716187,0.9999050498008728,0.9993705749511719
repeat1_fold1,MMdata_820.00s_0327_172321_2ml,200.0,40,164,0.24695121951219512,1,1,1,0.9951942563056946,0.01146282535046339,0.9885371923446655,0.8419802784919739,0.6858544945716858,0.5934568047523499,0.9999607801437378,0.9999354481697083,0.9995793104171753
repeat1_fold1,MMdata_820.00s_0327_172321_2ml,205.0,41,164,0.2530487804878049,1,1,1,0.995880126953125,0.012768393382430077,0.9872316718101501,0.8361966609954834,0.6743560433387756,0.5844231843948364,0.9999716281890869,0.9999527931213379,0.9996878504753113
repeat1_fold1,MMdata_820.00s_0327_172321_2ml,210.0,42,164,0.25914634146341464,1,1,1,0.9969258904457092,0.029882630333304405,0.9701173901557922,0.8504239916801453,0.7033864855766296,0.6041939854621887,0.999559223651886,0.9991202354431152,0.9964879155158997
repeat1_fold1,MMdata_820.00s_0327_172321_2ml,215.0,43,164,0.2652439024390244,1,1,1,0.9913389682769775,0.009298721328377724,0.9907013177871704,0.8342859745025635,0.6705002784729004,0.581717848777771,0.9999202489852905,0.9998626708984375,0.9991992712020874
repeat1_fold1,MMdata_820.00s_0327_172321_2ml,220.0,44,164,0.27134146341463417,1,1,1,0.9973344802856445,0.014818103983998299,0.9851818680763245,0.8229410648345947,0.6477159261703491,0.5657163858413696,0.9999195337295532,0.9998442530632019,0.9992192387580872
repeat1_fold1,MMdata_820.00s_0327_172321_2ml,225.0,45,164,0.2774390243902439,1,1,1,0.9964564442634583,0.013669313862919807,0.9863306283950806,0.8403993248939514,0.6827930212020874,0.5906389355659485,0.999967098236084,0.9999409317970276,0.9996458292007446
repeat1_fold1,MMdata_820.00s_0327_172321_2ml,230.0,46,164,0.28353658536585363,1,1,1,0.9972326159477234,0.02451775036752224,0.9754822850227356,0.8381797075271606,0.6785486936569214,0.5865047574043274,0.9997647404670715,0.9995315670967102,0.9979859590530396
repeat1_fold1,MMdata_820.00s_0327_172321_2ml,235.0,47,164,0.2896341463414634,1,1,1,0.981063187122345,0.007932469248771667,0.9920675754547119,0.84014892578125,0.6823002099990845,0.590225875377655,0.999691367149353,0.999404788017273,0.9973753690719604
repeat1_fold1,MMdata_820.00s_0327_172321_2ml,240.0,48,164,0.29573170731707316,1,1,1,0.9973850846290588,0.018841657787561417,0.9811583757400513,0.8438075184822083,0.689918577671051,0.5946692824363708,0.9998929500579834,0.9997894763946533,0.9989981055259705
repeat1_fold1,MMdata_820.00s_0327_172321_2ml,245.0,49,164,0.3018292682926829,1,1,1,0.9966976642608643,0.015024886466562748,0.9849751591682434,0.8482974171638489,0.6986941695213318,0.6024786829948425,0.9999650716781616,0.9999356865882874,0.9996275901794434
repeat1_fold1,MMdata_820.00s_0327_172321_2ml,250.0,50,164,0.3079268292682927,1,1,1,0.9973760843276978,0.017811911180615425,0.9821880459785461,0.8422965407371521,0.6865994930267334,0.5934938788414001,0.9999352693557739,0.999873697757721,0.9993618726730347
repeat1_fold1,MMdata_820.00s_0327_172321_2ml,255.0,51,164,0.31402439024390244,1,1,1,0.9867043495178223,0.00807666964828968,0.9919232726097107,0.8256047368049622,0.6529793739318848,0.5697546601295471,0.999839186668396,0.9996957778930664,0.9985250234603882
repeat1_fold1,MMdata_820.00s_0327_172321_2ml,260.0,52,164,0.3201219512195122,1,1,1,0.9972973465919495,0.019644463434815407,0.9803555011749268,0.8453956246376038,0.6930760741233826,0.5972093939781189,0.999887228012085,0.9997777938842773,0.9989506006240845
repeat1_fold1,MMdata_820.00s_0327_172321_2ml,265.0,53,164,0.32621951219512196,1,1,1,0.9965099692344666,0.01356523111462593,0.986434817314148,0.8408677577972412,0.6837471127510071,0.5912851691246033,0.9999674558639526,0.999941885471344,0.9996493458747864
repeat1_fold1,MMdata_820.00s_0327_172321_2ml,270.0,54,164,0.3323170731707317,1,1,1,0.996465802192688,0.03327743709087372,0.9667224884033203,0.851483166217804,0.7061483860015869,0.6035867929458618,0.9994339346885681,0.998869776725769,0.9956217408180237
repeat1_fold1,MMdata_820.00s_0327_172321_2ml,275.0,55,164,0.3384146341463415,1,1,1,0.9948234558105469,0.011162867769598961,0.9888371229171753,0.8286848664283752,0.6591376066207886,0.574181079864502,0.9999457597732544,0.9999117255210876,0.9994335770606995
repeat1_fold1,MMdata_820.00s_0327_172321_2ml,280.0,56,164,0.3445121951219512,1,1,1,0.9973477125167847,0.01856227219104767,0.9814376831054688,0.8399186730384827,0.6820934414863586,0.5888808965682983,0.9999063014984131,0.9998159408569336,0.9991100430488586
repeat1_fold1,MMdata_820.00s_0327_172321_2ml,285.0,57,164,0.35060975609756095,1,1,1,0.9963505268096924,0.012996993958950043,0.9870030283927917,0.828367292881012,0.6585962772369385,0.5733349323272705,0.9999699592590332,0.9999474883079529,0.999673068523407
repeat1_fold1,MMdata_820.00s_0327_172321_2ml,290.0,58,164,0.3567073170731707,1,1,1,0.9972406625747681,0.02875683270394802,0.9712432026863098,0.848563015460968,0.7002993822097778,0.5989488363265991,0.9997730851173401,0.9995480179786682,0.9980502724647522
repeat1_fold1,MMdata_820.00s_0327_172321_2ml,295.0,59,164,0.3628048780487805,1,1,1,0.9944543242454529,0.011575082316994667,0.9884248971939087,0.8416522145271301,0.6851034164428711,0.5933380126953125,0.9999334812164307,0.9998942017555237,0.9993165731430054
repeat1_fold1,MMdata_820.00s_0327_172321_2ml,300.0,60,164,0.36890243902439024,1,1,1,0.9968127608299255,0.016244860365986824,0.9837551712989807,0.8554850220680237,0.7132204174995422,0.6134440898895264,0.9999366998672485,0.9998786449432373,0.9993692636489868
repeat1_fold1,MMdata_820.00s_0327_172321_2ml,305.0,61,164,0.375,1,1,1,0.9944213032722473,0.011945554986596107,0.9880544543266296,0.8475071787834167,0.6969308853149414,0.601951003074646,0.9999668598175049,0.9999487996101379,0.9996375441551208
repeat1_fold1,MMdata_820.00s_0327_172321_2ml,310.0,62,164,0.38109756097560976,1,1,1,0.9972054362297058,0.028189128264784813,0.9718108177185059,0.8530615568161011,0.7088969945907593,0.6075770258903503,0.9997428059577942,0.9994874000549316,0.9978207945823669
repeat1_fold1,MMdata_820.00s_0327_172321_2ml,315.0,63,164,0.3871951219512195,1,1,1,0.9859587550163269,0.007977576926350594,0.9920223951339722,0.8296252489089966,0.6608819961547852,0.5761125087738037,0.999843955039978,0.9997051358222961,0.9985635876655579
repeat1_fold1,MMdata_820.00s_0327_172321_2ml,320.0,64,164,0.3932926829268293,1,1,1,0.997235119342804,0.018074890598654747,0.9819251298904419,0.8396609425544739,0.6814161539077759,0.5891204476356506,0.9999110698699951,0.9998255968093872,0.9991506934165955
repeat1_fold1,MMdata_820.00s_0327_172321_2ml,325.0,65,164,0.39939024390243905,1,1,1,0.9919379353523254,0.009984220378100872,0.9900158047676086,0.8298771977424622,0.6615888476371765,0.5756330490112305,0.9999563694000244,0.9999247193336487,0.9995384216308594
repeat1_fold1,MMdata_820.00s_0327_172321_2ml,330.0,66,164,0.4054878048780488,1,1,1,0.9974162578582764,0.021147340536117554,0.9788526892662048,0.8276578187942505,0.657146692276001,0.5724390745162964,0.9998611211776733,0.9997241497039795,0.9987411499023438
repeat1_fold1,MMdata_820.00s_0327_172321_2ml,335.0,67,164,0.4115853658536585,1,1,1,0.9925433397293091,0.009999852627515793,0.9900001883506775,0.829788863658905,0.6612399816513062,0.5762203931808472,0.9999418258666992,0.999908447265625,0.9993946552276611
repeat1_fold1,MMdata_820.00s_0327_172321_2ml,340.0,68,164,0.4176829268292683,1,1,1,0.9964473843574524,0.01378883421421051,0.9862111806869507,0.8517749905586243,0.7057986259460449,0.6074434518814087,0.9999576807022095,0.9999232888221741,0.9995546936988831
repeat1_fold1,MMdata_820.00s_0327_172321_2ml,345.0,69,164,0.42378048780487804,1,1,1,0.9968199729919434,0.015132775530219078,0.9848672747612,0.8459185361862183,0.6939045190811157,0.5988661050796509,0.9999597072601318,0.99992436170578,0.999578058719635
repeat1_fold1,MMdata_820.00s_0327_172321_2ml,350.0,70,164,0.4298780487804878,1,1,1,0.9971693158149719,0.025193605571985245,0.9748064279556274,0.8380934596061707,0.6789821982383728,0.5840797424316406,0.9998130202293396,0.9996280670166016,0.9983584880828857
repeat1_fold1,MMdata_820.00s_0327_172321_2ml,355.0,71,164,0.43597560975609756,1,1,1,0.9950160384178162,0.011366166174411774,0.9886338710784912,0.8305408358573914,0.6628475189208984,0.5768814086914062,0.999958872795105,0.9999322891235352,0.9995598793029785
repeat1_fold1,MMdata_820.00s_0327_172321_2ml,360.0,72,164,0.4420731707317073,1,1,1,0.9975180625915527,0.020732920616865158,0.9792670011520386,0.8364751935005188,0.6749313473701477,0.5847668647766113,0.9998277425765991,0.9996580481529236,0.9984726309776306
repeat1_fold1,MMdata_820.00s_0327_172321_2ml,365.0,73,164,0.4481707317073171,1,1,1,0.99631267786026,0.014959918335080147,0.9850400686264038,0.8605359792709351,0.7232675552368164,0.6219935417175293,0.9999607801437378,0.9999277591705322,0.9995865821838379
repeat1_fold1,MMdata_820.00s_0327_172321_2ml,370.0,74,164,0.45426829268292684,1,1,1,0.9975192546844482,0.020208820700645447,0.9797912240028381,0.8414502739906311,0.6852484941482544,0.5908671617507935,0.9999128580093384,0.9998281002044678,0.9991692304611206
repeat1_fold1,MMdata_820.00s_0327_172321_2ml,375.0,75,164,0.4603658536585366,1,1,1,0.992723286151886,0.009434792213141918,0.9905651807785034,0.8241740465164185,0.649970293045044,0.5683455467224121,0.9999487400054932,0.9999163150787354,0.9994615912437439
repeat1_fold1,MMdata_820.00s_0327_172321_2ml,380.0,76,164,0.46646341463414637,1,1,1,0.9968932867050171,0.014926627278327942,0.9850733876228333,0.8477344512939453,0.6976389288902283,0.6013171076774597,0.9999457597732544,0.9998971819877625,0.9994492530822754
repeat1_fold1,MMdata_820.00s_0327_172321_2ml,385.0,77,164,0.4725609756097561,1,1,1,0.9963751435279846,0.013487359508872032,0.9865126609802246,0.8412054181098938,0.6842872500419617,0.5923411846160889,0.999962568283081,0.9999315738677979,0.9996026754379272
repeat1_fold1,MMdata_820.00s_0327_172321_2ml,390.0,78,164,0.47865853658536583,1,1,1,0.9971973896026611,0.023651210591197014,0.9763487577438354,0.839410126209259,0.6812492609024048,0.5874451398849487,0.9998294115066528,0.9996609091758728,0.9984883069992065
repeat1_fold1,MMdata_820.00s_0327_172321_2ml,395.0,79,164,0.4847560975609756,1,1,1,0.9956633448600769,0.012009957805275917,0.9879899621009827,0.8299946188926697,0.6615462303161621,0.5769648551940918,0.9999502897262573,0.9999123811721802,0.9994810223579407
repeat1_fold1,MMdata_820.00s_0327_172321_2ml,400.0,80,164,0.49085365853658536,1,1,1,0.9964966177940369,0.01307617500424385,0.98692387342453,0.8252219557762146,0.6522403359413147,0.5690991282463074,0.999963641166687,0.9999346733093262,0.9996117949485779
repeat1_fold1,MMdata_820.00s_0327_172321_2ml,405.0,81,164,0.4969512195121951,1,1,1,0.9965085387229919,0.014536604285240173,0.9854633808135986,0.859201967716217,0.7206279039382935,0.6196649074554443,0.9999614953994751,0.9999288320541382,0.9995934963226318
repeat1_fold1,MMdata_820.00s_0327_172321_2ml,410.0,82,164,0.5030487804878049,1,1,1,0.9974067807197571,0.02039101906120777,0.979608952999115,0.8387914896011353,0.6800328493118286,0.5864272117614746,0.9999022483825684,0.9998070597648621,0.9990783929824829
repeat1_fold1,MMdata_820.00s_0327_172321_2ml,415.0,83,164,0.5091463414634146,1,1,1,0.9954635500907898,0.012424803338944912,0.9875752329826355,0.8362765312194824,0.6742515563964844,0.5856211185455322,0.9999517202377319,0.9999164938926697,0.999494194984436
repeat1_fold1,MMdata_820.00s_0327_172321_2ml,420.0,84,164,0.5152439024390244,1,1,1,0.9974370002746582,0.017384149134159088,0.9826158285140991,0.837986171245575,0.677888810634613,0.5872949361801147,0.9999098777770996,0.9998227953910828,0.9991413354873657
repeat1_fold1,MMdata_820.00s_0327_172321_2ml,425.0,85,164,0.5213414634146342,1,1,1,0.9967966675758362,0.014466346241533756,0.9855336546897888,0.8393657803535461,0.6806071996688843,0.5895440578460693,0.999961256980896,0.9999275207519531,0.9995923638343811
repeat1_fold1,MMdata_820.00s_0327_172321_2ml,430.0,86,164,0.5274390243902439,1,1,1,0.997427761554718,0.022851796820759773,0.977148175239563,0.8380223512649536,0.6785364151000977,0.5851048827171326,0.9998558759689331,0.9997139573097229,0.9986987113952637
repeat1_fold1,MMdata_820.00s_0327_172321_2ml,435.0,87,164,0.5335365853658537,1,1,1,0.9966247081756592,0.013223306275904179,0.9867766499519348,0.829520046710968,0.6606675386428833,0.5759776830673218,0.9999550580978394,0.9999170899391174,0.9995315074920654
repeat1_fold1,MMdata_820.00s_0327_172321_2ml,440.0,88,164,0.5396341463414634,1,1,1,0.9973751306533813,0.022690972313284874,0.9773090481758118,0.8399201035499573,0.681857705116272,0.5898176431655884,0.9997338652610779,0.9994701147079468,0.9977511167526245
repeat1_fold1,MMdata_820.00s_0327_172321_2ml,445.0,89,164,0.5457317073170732,1,1,1,0.997340738773346,0.015082066878676414,0.984917938709259,0.8270552754402161,0.6558168530464172,0.5720933675765991,0.9999489784240723,0.9999014735221863,0.9994832873344421
repeat1_fold1,MMdata_820.00s_0327_172321_2ml,450.0,90,164,0.551829268292683,1,1,1,0.9973962306976318,0.018363621085882187,0.9816363453865051,0.8271443843841553,0.6563270688056946,0.5708566308021545,0.9999111890792847,0.9998254776000977,0.9991535544395447
repeat1_fold1,MMdata_820.00s_0327_172321_2ml,455.0,91,164,0.5579268292682927,1,1,1,0.9963397979736328,0.013297091238200665,0.9867029190063477,0.8300269246101379,0.6616135835647583,0.5769999027252197,0.9999527931213379,0.999913215637207,0.9995101690292358
repeat1_fold1,MMdata_820.00s_0327_172321_2ml,460.0,92,164,0.5640243902439024,1,1,1,0.997047483921051,0.014555810019373894,0.9854441285133362,0.824177086353302,0.6501969695091248,0.5674241781234741,0.9999537467956543,0.9999128580093384,0.9995228052139282
repeat1_fold1,MMdata_820.00s_0327_172321_2ml,465.0,93,164,0.5701219512195121,1,1,1,0.9960373044013977,0.013804730959236622,0.9861953258514404,0.8480473756790161,0.6981191635131836,0.6023762226104736,0.9999657869338989,0.99993896484375,0.9996325373649597
repeat1_fold1,MMdata_820.00s_0327_172321_2ml,470.0,94,164,0.5762195121951219,1,1,1,0.9975571632385254,0.017345597967505455,0.9826543927192688,0.8190515637397766,0.6400023102760315,0.5600156188011169,0.9999154806137085,0.9998340010643005,0.9991893768310547
repeat1_fold1,MMdata_820.00s_0327_172321_2ml,475.0,95,164,0.5823170731707317,1,1,1,0.9971103072166443,0.017490217462182045,0.9825098514556885,0.8581868410110474,0.7184098362922668,0.6186978816986084,0.999916672706604,0.999837338924408,0.9991969466209412
repeat1_fold1,MMdata_820.00s_0327_172321_2ml,480.0,96,164,0.5884146341463414,1,1,1,0.9969335794448853,0.016225729137659073,0.9837743043899536,0.8420939445495605,0.6861443519592285,0.5933815240859985,0.9999402761459351,0.9998852610588074,0.999401867389679
repeat1_fold1,MMdata_820.00s_0327_172321_2ml,485.0,97,164,0.5945121951219512,1,1,1,0.9967331886291504,0.01428762637078762,0.9857123494148254,0.8262467980384827,0.6542805433273315,0.5705997943878174,0.9999628067016602,0.999930739402771,0.9996072053909302
repeat1_fold1,MMdata_820.00s_0327_172321_2ml,490.0,98,164,0.600609756097561,1,1,1,0.9975411891937256,0.0200185626745224,0.9799814820289612,0.8330144286155701,0.6682131290435791,0.5788174867630005,0.9999003410339355,0.9998033046722412,0.9990625977516174
repeat1_fold1,MMdata_820.00s_0327_172321_2ml,495.0,99,164,0.6067073170731707,1,1,1,0.9963040351867676,0.01379345916211605,0.986206591129303,0.8361244797706604,0.6740065813064575,0.5851491689682007,0.999950647354126,0.9999096393585205,0.9994890689849854
repeat1_fold1,MMdata_820.00s_0327_172321_2ml,500.0,100,164,0.6128048780487805,1,1,1,0.9974293112754822,0.02051875740289688,0.9794812202453613,0.8281278610229492,0.658068060874939,0.5731932520866394,0.999731719493866,0.9994659423828125,0.9977346062660217
repeat1_fold1,MMdata_820.00s_0327_172321_2ml,505.0,101,164,0.6189024390243902,1,1,1,0.996788501739502,0.02066214382648468,0.9793378114700317,0.87139892578125,0.7462268471717834,0.6363323926925659,0.9999426603317261,0.9998893737792969,0.9994251728057861
repeat1_fold1,MMdata_820.00s_0327_172321_2ml,510.0,102,164,0.625,1,1,1,0.9974631071090698,0.01796720363199711,0.982032835483551,0.8225085735321045,0.6469041109085083,0.5648883581161499,0.9998834133148193,0.9997703433036804,0.9989181756973267
repeat1_fold1,MMdata_820.00s_0327_172321_2ml,515.0,103,164,0.6310975609756098,1,1,1,0.996157705783844,0.014577507972717285,0.9854224920272827,0.8490252494812012,0.7003182172775269,0.6029831171035767,0.9999485015869141,0.9999070167541504,0.9994668960571289
repeat1_fold1,MMdata_820.00s_0327_172321_2ml,520.0,104,164,0.6371951219512195,1,1,1,0.9973760843276978,0.020940368995070457,0.9790595769882202,0.8386741280555725,0.6792089343070984,0.5885578989982605,0.9997209906578064,0.9994444251060486,0.9976556897163391
repeat1_fold1,MMdata_820.00s_0327_172321_2ml,525.0,105,164,0.6432926829268293,1,1,1,0.9966052770614624,0.01855836808681488,0.9814416170120239,0.8761995434761047,0.7555088996887207,0.6459562182426453,0.9999581575393677,0.999921441078186,0.9995642900466919
repeat1_fold1,MMdata_820.00s_0327_172321_2ml,530.0,106,164,0.649390243902439,1,1,1,0.997590184211731,0.019260285422205925,0.9807397127151489,0.8257201910018921,0.6533253192901611,0.5694431066513062,0.9998621940612793,0.9997270107269287,0.9987480640411377
repeat1_fold1,MMdata_820.00s_0327_172321_2ml,535.0,107,164,0.6554878048780488,1,1,1,0.9970878958702087,0.015375198796391487,0.9846247434616089,0.8441802263259888,0.6903206706047058,0.5965840816497803,0.9999386072158813,0.9998825192451477,0.9993852376937866
repeat1_fold1,MMdata_820.00s_0327_172321_2ml,540.0,108,164,0.6615853658536586,1,1,1,0.9961856007575989,0.014205689541995525,0.9857943058013916,0.8544707894325256,0.7110425233840942,0.6123616695404053,0.9999529123306274,0.9999139904975891,0.999510645866394
repeat1_fold1,MMdata_820.00s_0327_172321_2ml,545.0,109,164,0.6676829268292683,1,1,1,0.975369393825531,0.009969234466552734,0.9900307655334473,0.8532454371452332,0.7087664604187012,0.609710156917572,0.9997497200965881,0.9995148777961731,0.9978300929069519
repeat1_fold1,MMdata_820.00s_0327_172321_2ml,550.0,110,164,0.6737804878048781,1,1,1,0.9974615573883057,0.018033156171441078,0.9819668531417847,0.804845929145813,0.6113262176513672,0.5420998930931091,0.9998571872711182,0.9997174143791199,0.9987062811851501
repeat1_fold1,MMdata_820.00s_0327_172321_2ml,555.0,111,164,0.6798780487804879,1,1,1,0.9968721270561218,0.015457376837730408,0.9845426082611084,0.829108476638794,0.6600715517997742,0.5744355320930481,0.9999324083328247,0.9998697638511658,0.9993318319320679
repeat1_fold1,MMdata_820.00s_0327_172321_2ml,560.0,112,164,0.6859756097560976,1,1,1,0.9963010549545288,0.020753195509314537,0.9792467951774597,0.8779347538948059,0.7609689235687256,0.6430007219314575,0.9999428987503052,0.9998927712440491,0.9994210600852966
repeat1_fold1,MMdata_820.00s_0327_172321_2ml,565.0,113,164,0.6920731707317073,1,1,1,0.9959937334060669,0.014062702655792236,0.9859372973442078,0.8562244176864624,0.7144798636436462,0.6154907941818237,0.999968409538269,0.9999439120292664,0.9996582269668579
repeat1_fold1,MMdata_820.00s_0327_172321_2ml,570.0,114,164,0.698170731707317,1,1,1,0.9974381923675537,0.018288662657141685,0.9817113876342773,0.802895724773407,0.607382595539093,0.5397698879241943,0.9998229146003723,0.9996486306190491,0.9984329342842102
repeat1_fold1,MMdata_820.00s_0327_172321_2ml,575.0,115,164,0.7042682926829268,1,1,1,0.9972143769264221,0.016313064843416214,0.9836869835853577,0.8432957530021667,0.6884849071502686,0.5954831838607788,0.9999274015426636,0.9998592138290405,0.9992886185646057
repeat1_fold1,MMdata_820.00s_0327_172321_2ml,580.0,116,164,0.7103658536585366,1,1,1,0.9975048899650574,0.019160332158207893,0.980839729309082,0.8447209596633911,0.6913173794746399,0.5977611541748047,0.9998660087585449,0.9997345805168152,0.9987792372703552
repeat1_fold1,MMdata_820.00s_0327_172321_2ml,585.0,117,164,0.7164634146341463,1,1,1,0.9964884519577026,0.014411051757633686,0.9855889678001404,0.8446548581123352,0.6913317441940308,0.5970761775970459,0.9999680519104004,0.9999417662620544,0.9996564984321594
repeat1_fold1,MMdata_820.00s_0327_172321_2ml,590.0,118,164,0.7225609756097561,1,1,1,0.9976056814193726,0.01733282022178173,0.9826671481132507,0.809366762638092,0.6204994320869446,0.547460675239563,0.9999079704284668,0.9998190999031067,0.9991257786750793
repeat1_fold1,MMdata_820.00s_0327_172321_2ml,595.0,119,164,0.7286585365853658,1,1,1,0.9971935153007507,0.016268132254481316,0.9837318658828735,0.8473297953605652,0.696549654006958,0.6017777919769287,0.9999310970306396,0.9998664855957031,0.9993219971656799
repeat1_fold1,MMdata_820.00s_0327_172321_2ml,600.0,120,164,0.7347560975609756,1,1,1,0.9974281191825867,0.02016475610435009,0.9798352718353271,0.856539785861969,0.7152541875839233,0.6154571771621704,0.9998557567596436,0.999714195728302,0.9986955523490906
repeat1_fold1,MMdata_820.00s_0327_172321_2ml,605.0,121,164,0.7408536585365854,1,1,1,0.9971542358398438,0.01941908523440361,0.9805809259414673,0.8734447360038757,0.749879777431488,0.6414204239845276,0.9999479055404663,0.9998995065689087,0.9994727969169617
repeat1_fold1,MMdata_820.00s_0327_172321_2ml,610.0,122,164,0.7469512195121951,1,1,1,0.997607946395874,0.017550881952047348,0.9824490547180176,0.8002280592918396,0.6020368337631226,0.5364055037498474,0.9998804330825806,0.9997636079788208,0.9988963603973389
repeat1_fold1,MMdata_820.00s_0327_172321_2ml,615.0,123,164,0.7530487804878049,1,1,1,0.9974095225334167,0.017506441101431847,0.9824935793876648,0.8381608724594116,0.6781991720199585,0.5877155065536499,0.9998989105224609,0.9998008608818054,0.9990493655204773
repeat1_fold1,MMdata_820.00s_0327_172321_2ml,620.0,124,164,0.7591463414634146,1,1,1,0.9971734285354614,0.023729007691144943,0.9762709140777588,0.8374919891357422,0.6770826578140259,0.5858246088027954,0.9996212720870972,0.9992448687553406,0.9969269037246704
repeat1_fold1,MMdata_820.00s_0327_172321_2ml,625.0,125,164,0.7652439024390244,1,1,1,0.9972278475761414,0.024765148758888245,0.9752348065376282,0.8482822179794312,0.6983336210250854,0.6037626266479492,0.9996417760848999,0.9992853403091431,0.9970772862434387
repeat1_fold1,MMdata_820.00s_0327_172321_2ml,630.0,126,164,0.7713414634146342,1,1,1,0.9974421262741089,0.014859817922115326,0.9851402640342712,0.8111882209777832,0.6241053938865662,0.550040602684021,0.9999388456344604,0.9998818635940552,0.9993909597396851
repeat1_fold1,MMdata_820.00s_0327_172321_2ml,635.0,127,164,0.7774390243902439,1,1,1,0.9973662495613098,0.022185128182172775,0.9778148531913757,0.8354211449623108,0.6727597713470459,0.5834482312202454,0.9996901750564575,0.9993826746940613,0.9974274039268494
repeat1_fold1,MMdata_820.00s_0327_172321_2ml,640.0,128,164,0.7835365853658537,1,1,1,0.9974068999290466,0.021810142323374748,0.9781898856163025,0.8541852235794067,0.710484504699707,0.6118471622467041,0.9997856020927429,0.9995734095573425,0.9981452822685242
repeat1_fold1,MMdata_820.00s_0327_172321_2ml,645.0,129,164,0.7896341463414634,1,1,1,0.9975196719169617,0.02449909783899784,0.9755008816719055,0.8556403517723083,0.7136914730072021,0.6130979061126709,0.9998027682304382,0.9996075630187988,0.9982781410217285
repeat1_fold1,MMdata_820.00s_0327_172321_2ml,650.0,130,164,0.7957317073170732,1,1,1,0.9976701140403748,0.01747867465019226,0.9825213551521301,0.8109301924705505,0.6236088871955872,0.5496130585670471,0.9999040365219116,0.9998108744621277,0.9990935921669006
repeat1_fold1,MMdata_820.00s_0327_172321_2ml,655.0,131,164,0.801829268292683,1,1,1,0.9972055554389954,0.020745333284139633,0.9792546629905701,0.8619077801704407,0.7261828780174255,0.6236544847488403,0.9998636245727539,0.9997301697731018,0.9987583756446838
repeat1_fold1,MMdata_820.00s_0327_172321_2ml,660.0,132,164,0.8079268292682927,1,1,1,0.9974651336669922,0.021024443209171295,0.9789755940437317,0.8272178769111633,0.6565588712692261,0.5706216096878052,0.9997639060020447,0.9995303750038147,0.997977614402771
repeat1_fold1,MMdata_820.00s_0327_172321_2ml,665.0,133,164,0.8140243902439024,1,1,1,0.9974455833435059,0.024080879986286163,0.9759190678596497,0.8454124927520752,0.6928571462631226,0.5982150435447693,0.9997424483299255,0.9994867444038391,0.9978176951408386
repeat1_fold1,MMdata_820.00s_0327_172321_2ml,670.0,134,164,0.8201219512195121,1,1,1,0.9973735809326172,0.013356505893170834,0.9866434931755066,0.8045973181724548,0.6107968091964722,0.5419178009033203,0.9999558925628662,0.9999164938926697,0.9995439648628235
repeat1_fold1,MMdata_820.00s_0327_172321_2ml,675.0,135,164,0.8262195121951219,1,1,1,0.9967196583747864,0.0409829281270504,0.9590170979499817,0.8903489708900452,0.7844482660293579,0.6703752875328064,0.9993665814399719,0.9987351298332214,0.9951648116111755
repeat1_fold1,MMdata_820.00s_0327_172321_2ml,680.0,136,164,0.8323170731707317,1,1,1,0.9973247051239014,0.022193679586052895,0.9778062701225281,0.8320711255073547,0.666271448135376,0.5776464343070984,0.9996989965438843,0.9994003176689148,0.9974914789199829
repeat1_fold1,MMdata_820.00s_0327_172321_2ml,685.0,137,164,0.8384146341463414,1,1,1,0.99724280834198,0.016478179022669792,0.9835218191146851,0.8324610590934753,0.6669028401374817,0.5788133144378662,0.9999572038650513,0.9999182224273682,0.9995576739311218
repeat1_fold1,MMdata_820.00s_0327_172321_2ml,690.0,138,164,0.8445121951219512,1,1,1,0.9970429539680481,0.012524382211267948,0.987475574016571,0.8072172403335571,0.6161378622055054,0.5448950529098511,0.9999628067016602,0.9999319911003113,0.999605655670166
repeat1_fold1,MMdata_820.00s_0327_172321_2ml,695.0,139,164,0.850609756097561,1,1,1,0.9970420002937317,0.03222551569342613,0.9677744507789612,0.8749538660049438,0.7526981234550476,0.6447979211807251,0.9995662569999695,0.9991345405578613,0.9965365529060364
repeat1_fold1,MMdata_820.00s_0327_172321_2ml,700.0,140,164,0.8567073170731707,1,1,1,0.9972021579742432,0.022225195541977882,0.9777748584747314,0.8430861234664917,0.6884408593177795,0.5936874151229858,0.9996500015258789,0.9993023872375488,0.9971333146095276
repeat1_fold1,MMdata_820.00s_0327_172321_2ml,705.0,141,164,0.8628048780487805,1,1,1,0.9976006150245667,0.017682474106550217,0.9823175668716431,0.8287191987037659,0.6593753099441528,0.5735354423522949,0.9999319314956665,0.999866783618927,0.9993320107460022
repeat1_fold1,MMdata_820.00s_0327_172321_2ml,710.0,142,164,0.8689024390243902,1,1,1,0.9976481795310974,0.018047155812382698,0.9819528460502625,0.826409637928009,0.6547375917434692,0.5702903270721436,0.9999071359634399,0.9998173713684082,0.9991182088851929
repeat1_fold1,MMdata_820.00s_0327_172321_2ml,715.0,143,164,0.875,1,1,1,0.9965147376060486,0.04507294297218323,0.9549270272254944,0.9055656790733337,0.8160207867622375,0.6978768706321716,0.9992687106132507,0.9985393285751343,0.9945161938667297
repeat1_fold1,MMdata_820.00s_0327_172321_2ml,720.0,144,164,0.8810975609756098,1,1,1,0.9973673224449158,0.02157955802977085,0.9784204363822937,0.8227899670600891,0.6475051641464233,0.5651264786720276,0.9996751546859741,0.9993523955345154,0.9973180890083313
repeat1_fold1,MMdata_820.00s_0327_172321_2ml,725.0,145,164,0.8871951219512195,1,1,1,0.9973350167274475,0.02519327774643898,0.9748067855834961,0.8399167656898499,0.6819183826446533,0.5895460844039917,0.9997139573097229,0.9994299411773682,0.9976043701171875
repeat1_fold1,MMdata_820.00s_0327_172321_2ml,730.0,146,164,0.8932926829268293,1,1,1,0.9976515173912048,0.0171048603951931,0.9828951358795166,0.8075000643730164,0.6166229248046875,0.5456140041351318,0.9998767375946045,0.9997564554214478,0.9988653659820557
repeat1_fold1,MMdata_820.00s_0327_172321_2ml,735.0,147,164,0.899390243902439,1,1,1,0.9966740608215332,0.0533500500023365,0.946649968624115,0.9200767874717712,0.8486242890357971,0.7218320369720459,0.9995664954185486,0.9991350173950195,0.9965381622314453
repeat1_fold1,MMdata_820.00s_0327_172321_2ml,740.0,148,164,0.9054878048780488,1,1,1,0.9972909092903137,0.022108294069767,0.9778916835784912,0.8268120884895325,0.6554401516914368,0.571287989616394,0.9996820688247681,0.9993661642074585,0.9973681569099426
repeat1_fold1,MMdata_820.00s_0327_172321_2ml,745.0,149,164,0.9115853658536586,1,1,1,0.9976044297218323,0.021080508828163147,0.978919506072998,0.8132422566413879,0.6282458901405334,0.5526586771011353,0.9998086094856262,0.9996194839477539,0.9983232021331787
repeat1_fold1,MMdata_820.00s_0327_172321_2ml,750.0,150,164,0.9176829268292683,1,1,1,0.997696578502655,0.01772456429898739,0.9822754859924316,0.816739559173584,0.6352382898330688,0.5574185848236084,0.9998843669891357,0.9997714161872864,0.9989294409751892
repeat1_fold1,MMdata_820.00s_0327_172321_2ml,755.0,151,164,0.9237804878048781,1,1,1,0.9965434670448303,0.05344189703464508,0.9465581178665161,0.9225499033927917,0.8534499406814575,0.7278578281402588,0.9994801878929138,0.9989623427391052,0.995936930179596
repeat1_fold1,MMdata_820.00s_0327_172321_2ml,760.0,152,164,0.9298780487804879,1,1,1,0.9975121021270752,0.021467942744493484,0.978532075881958,0.838046133518219,0.6781903505325317,0.5866613388061523,0.9997864365577698,0.9995748996734619,0.9981520771980286
repeat1_fold1,MMdata_820.00s_0327_172321_2ml,765.0,153,164,0.9359756097560976,1,1,1,0.9949122071266174,0.011999501846730709,0.9880004525184631,0.8270080089569092,0.6558951735496521,0.571308434009552,0.9999725818634033,0.9999587535858154,0.9996957778930664
repeat1_fold1,MMdata_820.00s_0327_172321_2ml,770.0,154,164,0.9420731707317073,1,1,1,0.9976824522018433,0.016383610665798187,0.9836163520812988,0.8153589963912964,0.6324863433837891,0.5554954409599304,0.9999005794525146,0.9998042583465576,0.9990628957748413
repeat1_fold1,MMdata_820.00s_0327_172321_2ml,775.0,155,164,0.948170731707317,1,1,1,0.9966352581977844,0.05453566461801529,0.9454643726348877,0.919318437576294,0.8472921252250671,0.7197136878967285,0.9995477795600891,0.9990975260734558,0.9964067935943604
repeat1_fold1,MMdata_820.00s_0327_172321_2ml,780.0,156,164,0.9542682926829268,1,1,1,0.9972780346870422,0.015936484560370445,0.9840635061264038,0.8330710530281067,0.6680518388748169,0.5799978971481323,0.9999287128448486,0.9998612403869629,0.999302327632904
repeat1_fold1,MMdata_820.00s_0327_172321_2ml,785.0,157,164,0.9603658536585366,1,1,1,0.9975242018699646,0.01635129004716873,0.9836486577987671,0.8204901218414307,0.6427557468414307,0.5625279545783997,0.9999285936355591,0.9998608231544495,0.9993012547492981
repeat1_fold1,MMdata_820.00s_0327_172321_2ml,790.0,158,164,0.9664634146341463,1,1,1,0.9976429343223572,0.016317104920744896,0.9836829304695129,0.8163281083106995,0.634404718875885,0.5569006204605103,0.999910831451416,0.999824583530426,0.9991507530212402
repeat1_fold1,MMdata_820.00s_0327_172321_2ml,795.0,159,164,0.9725609756097561,1,1,1,0.9963467717170715,0.060680024325847626,0.9393199682235718,0.9221037030220032,0.8559799194335938,0.7208470106124878,0.9995280504226685,0.9990581274032593,0.996268093585968
repeat1_fold1,MMdata_820.00s_0327_172321_2ml,800.0,160,164,0.9786585365853658,1,1,1,0.9973745346069336,0.022475751116871834,0.9775242805480957,0.8326059579849243,0.6670878529548645,0.5794505476951599,0.9996979236602783,0.9993977546691895,0.9974862337112427
repeat1_fold1,MMdata_820.00s_0327_172321_2ml,805.0,161,164,0.9847560975609756,1,1,1,0.9975702166557312,0.021941939368844032,0.9780580401420593,0.8172758221626282,0.6363722085952759,0.5578955411911011,0.9998168349266052,0.9996358156204224,0.9983875155448914
repeat1_fold1,MMdata_820.00s_0327_172321_2ml,810.0,162,164,0.9908536585365854,1,1,1,0.997475802898407,0.0158124677836895,0.9841874837875366,0.8019351363182068,0.6055436134338379,0.5381789207458496,0.9998880624771118,0.9997799396514893,0.9989557862281799
repeat1_fold1,MMdata_820.00s_0327_172321_2ml,815.0,163,164,0.9969512195121951,1,1,1,0.9963958859443665,0.047892242670059204,0.9521077275276184,0.9211512207984924,0.8529489040374756,0.7204115390777588,0.9996708631515503,0.9993442296981812,0.9972838163375854
repeat1_fold2,MMdata_1136.50s_0327_183428_2ml,0.0,0,227,0.0022026431718061676,1,1,1,0.9982275366783142,0.3663826286792755,0.6336174011230469,0.9373140931129456,0.8746858835220337,0.7863163948059082,0.9959079027175903,0.991824209690094,0.975746750831604
repeat1_fold2,MMdata_1136.50s_0327_183428_2ml,5.0,1,227,0.006607929515418502,1,1,1,0.9981492757797241,0.38354673981666565,0.6164532899856567,0.9467089176177979,0.8934715986251831,0.8101980090141296,0.993302583694458,0.9866136312484741,0.963347315788269
repeat1_fold2,MMdata_1136.50s_0327_183428_2ml,10.0,2,227,0.011013215859030838,1,1,1,0.9981865286827087,0.36156797409057617,0.6384320855140686,0.9389504790306091,0.8779593706130981,0.790363073348999,0.9965496063232422,0.993108332157135,0.9790018200874329
repeat1_fold2,MMdata_1136.50s_0327_183428_2ml,15.0,3,227,0.015418502202643172,1,1,1,0.9981597065925598,0.37787580490112305,0.622124195098877,0.9339275360107422,0.8679114580154419,0.7780707478523254,0.9939152598381042,0.98783940076828,0.9661603569984436
repeat1_fold2,MMdata_1136.50s_0327_183428_2ml,20.0,4,227,0.019823788546255508,1,1,1,0.9982047080993652,0.36513930559158325,0.634860634803772,0.9246441125869751,0.8493466377258301,0.7562792897224426,0.9960768818855286,0.9921619892120361,0.9765964150428772
repeat1_fold2,MMdata_1136.50s_0327_183428_2ml,25.0,5,227,0.024229074889867842,1,1,1,0.998188316822052,0.38178160786628723,0.6182184219360352,0.9393188953399658,0.8786911368370056,0.7913128733634949,0.9940703511238098,0.9881489276885986,0.9668853878974915
repeat1_fold2,MMdata_1136.50s_0327_183428_2ml,30.0,6,227,0.028634361233480177,1,1,1,0.9982044696807861,0.3607305586338043,0.6392694115638733,0.9422524571418762,0.884562611579895,0.7986729741096497,0.9968532919883728,0.9937158823013306,0.980580747127533
repeat1_fold2,MMdata_1136.50s_0327_183428_2ml,35.0,7,227,0.03303964757709251,1,1,1,0.9982225298881531,0.3864290118217468,0.6135709881782532,0.9554765224456787,0.9110063314437866,0.8339048624038696,0.99261075258255,0.9852296113967896,0.9602317214012146
repeat1_fold2,MMdata_1136.50s_0327_183428_2ml,40.0,8,227,0.037444933920704845,1,1,1,0.9981842637062073,0.3589363694190979,0.6410636305809021,0.9267714619636536,0.8536005616188049,0.7611702680587769,0.9967533946037292,0.993516206741333,0.9800578355789185
repeat1_fold2,MMdata_1136.50s_0327_183428_2ml,45.0,9,227,0.04185022026431718,1,1,1,0.9981663823127747,0.3814001977443695,0.6185998320579529,0.9380714297294617,0.8761965036392212,0.7882118225097656,0.9937496185302734,0.9875076413154602,0.9653962850570679
repeat1_fold2,MMdata_1136.50s_0327_183428_2ml,50.0,10,227,0.046255506607929514,1,1,1,0.998187243938446,0.3587561249732971,0.6412439346313477,0.9413452744483948,0.8827477693557739,0.7963764667510986,0.9969340562820435,0.9938778877258301,0.9810023307800293
repeat1_fold2,MMdata_1136.50s_0327_183428_2ml,55.0,11,227,0.05066079295154185,1,1,1,0.998185932636261,0.3905969560146332,0.6094030737876892,0.9616008996963501,0.9232596755027771,0.8513979315757751,0.9911009669303894,0.9822098612785339,0.9536292552947998
repeat1_fold2,MMdata_1136.50s_0327_183428_2ml,60.0,12,227,0.05506607929515418,1,1,1,0.9982258677482605,0.3651715815067291,0.6348283886909485,0.9379085302352905,0.8758742809295654,0.7877853512763977,0.99620121717453,0.992411196231842,0.9772222638130188
repeat1_fold2,MMdata_1136.50s_0327_183428_2ml,65.0,13,227,0.05947136563876652,1,1,1,0.9981997013092041,0.38206684589385986,0.6179331541061401,0.9410464763641357,0.8821474313735962,0.7956388592720032,0.9937775135040283,0.9875631332397461,0.9655267596244812
repeat1_fold2,MMdata_1136.50s_0327_183428_2ml,70.0,14,227,0.06387665198237885,1,1,1,0.9982026815414429,0.36008840799331665,0.6399115920066833,0.9395745396614075,0.8792060017585754,0.791928768157959,0.9968385696411133,0.9936866164207458,0.980502724647522
repeat1_fold2,MMdata_1136.50s_0327_183428_2ml,75.0,15,227,0.06828193832599119,1,1,1,0.9981223940849304,0.3869117498397827,0.6130882501602173,0.9448901414871216,0.889837920665741,0.8054383993148804,0.9910244941711426,0.9820572137832642,0.9533006548881531
repeat1_fold2,MMdata_1136.50s_0327_183428_2ml,80.0,16,227,0.07268722466960352,1,1,1,0.9981934428215027,0.3685714304447174,0.6314285397529602,0.9177524447441101,0.835563063621521,0.7408509254455566,0.9956333041191101,0.9912742376327515,0.9743852019309998
repeat1_fold2,MMdata_1136.50s_0327_183428_2ml,85.0,17,227,0.07709251101321586,1,1,1,0.99814772605896,0.3787993788719177,0.6212006211280823,0.9372584819793701,0.8745713829994202,0.7862005233764648,0.9941772222518921,0.9883632063865662,0.9673811197280884
repeat1_fold2,MMdata_1136.50s_0327_183428_2ml,90.0,18,227,0.08149779735682819,1,1,1,0.9981881976127625,0.35972151160240173,0.6402785181999207,0.9354263544082642,0.8709101676940918,0.7816954255104065,0.9968118071556091,0.9936332702636719,0.9803618788719177
repeat1_fold2,MMdata_1136.50s_0327_183428_2ml,95.0,19,227,0.08590308370044053,1,1,1,0.998238205909729,0.38242048025131226,0.6175795793533325,0.9577484130859375,0.915552020072937,0.8402920961380005,0.9935681223869324,0.9871445298194885,0.9645611643791199
repeat1_fold2,MMdata_1136.50s_0327_183428_2ml,100.0,20,227,0.09030837004405286,1,1,1,0.9982203841209412,0.3649090826511383,0.6350909471511841,0.9263636469841003,0.8527846336364746,0.7602309584617615,0.9962024092674255,0.9924131631851196,0.977230429649353
repeat1_fold2,MMdata_1136.50s_0327_183428_2ml,105.0,21,227,0.0947136563876652,1,1,1,0.998233437538147,0.3664775788784027,0.6335224509239197,0.9394146203994751,0.8788862228393555,0.7915284633636475,0.9963717460632324,0.9927524328231812,0.9780890941619873
repeat1_fold2,MMdata_1136.50s_0327_183428_2ml,110.0,22,227,0.09911894273127753,1,1,1,0.9981824159622192,0.3568227291107178,0.6431772708892822,0.9363546967506409,0.8727670907974243,0.7839602828025818,0.997090220451355,0.9941903948783875,0.9818278551101685
repeat1_fold2,MMdata_1136.50s_0327_183428_2ml,115.0,23,227,0.10352422907488987,1,1,1,0.9981111288070679,0.39343738555908203,0.606562614440918,0.9538590908050537,0.907773494720459,0.8294039964675903,0.9890751242637634,0.9781581163406372,0.9451355338096619
repeat1_fold2,MMdata_1136.50s_0327_183428_2ml,120.0,24,227,0.10792951541850221,1,1,1,0.9981756210327148,0.35810115933418274,0.6418988108634949,0.924077033996582,0.8482125997543335,0.754986047744751,0.996819257736206,0.9936478734016418,0.9804015159606934
repeat1_fold2,MMdata_1136.50s_0327_183428_2ml,125.0,25,227,0.11233480176211454,1,1,1,0.9982277750968933,0.3646768629550934,0.6353231072425842,0.9434917569160461,0.887039303779602,0.8018485307693481,0.9967425465583801,0.9934949278831482,0.9799983501434326
repeat1_fold2,MMdata_1136.50s_0327_183428_2ml,130.0,26,227,0.11674008810572688,1,1,1,0.9981706142425537,0.3573273718357086,0.6426726579666138,0.9288610219955444,0.857779860496521,0.7660281658172607,0.9970634579658508,0.9941365718841553,0.9816871285438538
repeat1_fold2,MMdata_1136.50s_0327_183428_2ml,135.0,27,227,0.1211453744493392,1,1,1,0.9979829788208008,0.40397852659225464,0.5960214734077454,0.9650965929031372,0.930260956287384,0.8617485761642456,0.9829505085945129,0.9659086465835571,0.9213654398918152
repeat1_fold2,MMdata_1136.50s_0327_183428_2ml,140.0,28,227,0.12555066079295155,1,1,1,0.998228132724762,0.37140193581581116,0.6285980343818665,0.9316062331199646,0.8632705807685852,0.7725011706352234,0.9953798055648804,0.9907675385475159,0.9731371402740479
repeat1_fold2,MMdata_1136.50s_0327_183428_2ml,145.0,29,227,0.1299559471365639,1,1,1,0.9982320666313171,0.3694234788417816,0.6305765509605408,0.938610315322876,0.8772760629653931,0.7895359992980957,0.9959940910339355,0.9919973611831665,0.9761742353439331
repeat1_fold2,MMdata_1136.50s_0327_183428_2ml,150.0,30,227,0.1343612334801762,1,1,1,0.9981374740600586,0.35377901792526245,0.6462210416793823,0.9231737852096558,0.8464053273200989,0.752941370010376,0.9972308278083801,0.9944721460342407,0.9825759530067444
repeat1_fold2,MMdata_1136.50s_0327_183428_2ml,155.0,31,227,0.13876651982378854,1,1,1,0.9980292916297913,0.39967429637908936,0.6003257036209106,0.9526666402816772,0.9053919315338135,0.8261089324951172,0.9861080050468445,0.9722240567207336,0.9333053231239319
repeat1_fold2,MMdata_1136.50s_0327_183428_2ml,160.0,32,227,0.14317180616740088,1,1,1,0.9981957077980042,0.3670136332511902,0.6329863667488098,0.9173526167869568,0.8347626328468323,0.7399786710739136,0.9958444237709045,0.9916975498199463,0.9754274487495422
repeat1_fold2,MMdata_1136.50s_0327_183428_2ml,165.0,33,227,0.14757709251101322,1,1,1,0.9982600808143616,0.37411537766456604,0.6258846521377563,0.954355776309967,0.9087672829627991,0.8307743072509766,0.9955982565879822,0.9912052154541016,0.9742056131362915
repeat1_fold2,MMdata_1136.50s_0327_183428_2ml,170.0,34,227,0.15198237885462554,1,1,1,0.9982112646102905,0.36491820216178894,0.6350818276405334,0.9314134120941162,0.8628842234611511,0.772047758102417,0.9963573813438416,0.9927234649658203,0.978017270565033
repeat1_fold2,MMdata_1136.50s_0327_183428_2ml,175.0,35,227,0.15638766519823788,1,1,1,0.9980859756469727,0.4026961624622345,0.5973038673400879,0.961193323135376,0.9224450588226318,0.8502012491226196,0.9855509996414185,0.9711096882820129,0.931157112121582
repeat1_fold2,MMdata_1136.50s_0327_183428_2ml,180.0,36,227,0.16079295154185022,1,1,1,0.9981332421302795,0.38392186164855957,0.6160781383514404,0.9216022491455078,0.8432585597038269,0.7494238615036011,0.9922913908958435,0.9845905303955078,0.9588152766227722
repeat1_fold2,MMdata_1136.50s_0327_183428_2ml,185.0,37,227,0.16519823788546256,1,1,1,0.9982396364212036,0.37241047620773315,0.6275895833969116,0.9407389760017395,0.881533682346344,0.7948560118675232,0.99552983045578,0.9910683631896973,0.9738691449165344
repeat1_fold2,MMdata_1136.50s_0327_183428_2ml,190.0,38,227,0.1696035242290749,1,1,1,0.9982168078422546,0.3673208951950073,0.6326791048049927,0.930866539478302,0.8617902994155884,0.770751416683197,0.995978593826294,0.9919657707214355,0.9761002659797668
repeat1_fold2,MMdata_1136.50s_0327_183428_2ml,195.0,39,227,0.17400881057268722,1,1,1,0.9981143474578857,0.40194663405418396,0.5980533361434937,0.965406596660614,0.9308706521987915,0.8627462983131409,0.9864815473556519,0.9729706645011902,0.9347625374794006
repeat1_fold2,MMdata_1136.50s_0327_183428_2ml,200.0,40,227,0.17841409691629956,1,1,1,0.998233437538147,0.37051403522491455,0.6294859647750854,0.9261026382446289,0.8522618412971497,0.7596352100372314,0.9958380460739136,0.9916836619377136,0.9754019975662231
repeat1_fold2,MMdata_1136.50s_0327_183428_2ml,205.0,41,227,0.1828193832599119,1,1,1,0.998256266117096,0.3748951256275177,0.6251048445701599,0.9608785510063171,0.9218122959136963,0.8493013381958008,0.9954448938369751,0.990898847579956,0.9734492897987366
repeat1_fold2,MMdata_1136.50s_0327_183428_2ml,210.0,42,227,0.18722466960352424,1,1,1,0.9982151985168457,0.3656099736690521,0.6343900561332703,0.9382798075675964,0.8766164779663086,0.7887071967124939,0.996168315410614,0.9923456311225891,0.9770538806915283
repeat1_fold2,MMdata_1136.50s_0327_183428_2ml,215.0,43,227,0.19162995594713655,1,1,1,0.9981167316436768,0.40129324793815613,0.5987067222595215,0.9571084976196289,0.9142731428146362,0.838472306728363,0.9864009022712708,0.9728092551231384,0.934448778629303
repeat1_fold2,MMdata_1136.50s_0327_183428_2ml,220.0,44,227,0.1960352422907489,1,1,1,0.9981800317764282,0.35951441526412964,0.6404856443405151,0.9216548800468445,0.8433670401573181,0.749520480632782,0.9967341423034668,0.9934776425361633,0.9799574017524719
repeat1_fold2,MMdata_1136.50s_0327_183428_2ml,225.0,45,227,0.20044052863436124,1,1,1,0.9982435703277588,0.3750320374965668,0.6249679923057556,0.9474756121635437,0.8950068950653076,0.8122003674507141,0.9951611161231995,0.9903307557106018,0.9720679521560669
repeat1_fold2,MMdata_1136.50s_0327_183428_2ml,230.0,46,227,0.20484581497797358,1,1,1,0.9982258677482605,0.3683873116970062,0.6316126585006714,0.9400678277015686,0.880192756652832,0.7931617498397827,0.9958807229995728,0.9917700290679932,0.9756097793579102
repeat1_fold2,MMdata_1136.50s_0327_183428_2ml,235.0,47,227,0.2092511013215859,1,1,1,0.9978875517845154,0.414993554353714,0.5850064158439636,0.9708809852600098,0.9418173432350159,0.8797865509986877,0.9749142527580261,0.9498378038406372,0.893226146697998
repeat1_fold2,MMdata_1136.50s_0327_183428_2ml,240.0,48,227,0.21365638766519823,1,1,1,0.9982136487960815,0.366152822971344,0.6338471174240112,0.9284704327583313,0.8569983839988708,0.765117883682251,0.9960576295852661,0.9921238422393799,0.9764971733093262
repeat1_fold2,MMdata_1136.50s_0327_183428_2ml,245.0,49,227,0.21806167400881057,1,1,1,0.9982420206069946,0.3715161383152008,0.6284838914871216,0.9414313435554504,0.8829187750816345,0.7966010570526123,0.9957482218742371,0.9915050864219666,0.9749485850334167
repeat1_fold2,MMdata_1136.50s_0327_183428_2ml,250.0,50,227,0.22246696035242292,1,1,1,0.9981836676597595,0.35914504528045654,0.6408549547195435,0.9260061383247375,0.8520699739456177,0.7594055533409119,0.996875524520874,0.9937604069709778,0.9806966781616211
repeat1_fold2,MMdata_1136.50s_0327_183428_2ml,255.0,51,227,0.22687224669603523,1,1,1,0.997860848903656,0.4114629328250885,0.5885370373725891,0.9622438549995422,0.924543023109436,0.8533037900924683,0.9764816164970398,0.9529725909233093,0.8984940648078918
repeat1_fold2,MMdata_1136.50s_0327_183428_2ml,260.0,52,227,0.23127753303964757,1,1,1,0.998163640499115,0.35798344016075134,0.642016589641571,0.9099979996681213,0.8200541138648987,0.7241722345352173,0.9968323111534119,0.9936736822128296,0.9804719090461731
repeat1_fold2,MMdata_1136.50s_0327_183428_2ml,265.0,53,227,0.2356828193832599,1,1,1,0.998237133026123,0.3671090602874756,0.6328909397125244,0.9446330666542053,0.8893228769302368,0.8047797083854675,0.9963177442550659,0.9926446080207825,0.9778124094009399
repeat1_fold2,MMdata_1136.50s_0327_183428_2ml,270.0,54,227,0.24008810572687225,1,1,1,0.9982321858406067,0.3728237450122833,0.6271762847900391,0.9394838213920593,0.8790237903594971,0.7917063236236572,0.9951773881912231,0.9903630614280701,0.9721482992172241
repeat1_fold2,MMdata_1136.50s_0327_183428_2ml,275.0,55,227,0.2444933920704846,1,1,1,0.9980700612068176,0.4042629599571228,0.5957370400428772,0.9639003872871399,0.9278568029403687,0.8582188487052917,0.9845943450927734,0.9691964387893677,0.9275075197219849
repeat1_fold2,MMdata_1136.50s_0327_183428_2ml,280.0,56,227,0.2488986784140969,1,1,1,0.9981826543807983,0.36165183782577515,0.6383481621742249,0.9212049841880798,0.8424681425094604,0.7485063672065735,0.9963659048080444,0.9927406311035156,0.978060245513916
repeat1_fold2,MMdata_1136.50s_0327_183428_2ml,285.0,57,227,0.2533039647577093,1,1,1,0.9982346296310425,0.37774932384490967,0.6222506165504456,0.9423345923423767,0.8847243785858154,0.7988978028297424,0.9946159720420837,0.9892403483390808,0.9694528579711914
repeat1_fold2,MMdata_1136.50s_0327_183428_2ml,290.0,58,227,0.2577092511013216,1,1,1,0.9982282519340515,0.3724612295627594,0.6275387406349182,0.9425308108329773,0.8851178884506226,0.7993898987770081,0.9952144622802734,0.9904374480247498,0.9723273515701294
repeat1_fold2,MMdata_1136.50s_0327_183428_2ml,295.0,59,227,0.2621145374449339,1,1,1,0.9981427192687988,0.4015982449054718,0.5984017848968506,0.969011127948761,0.9380828142166138,0.8738394975662231,0.9875516295433044,0.9751108884811401,0.938981294631958
repeat1_fold2,MMdata_1136.50s_0327_183428_2ml,300.0,60,227,0.2665198237885463,1,1,1,0.9981764554977417,0.36075112223625183,0.6392489075660706,0.921174943447113,0.8424091339111328,0.748432457447052,0.9964434504508972,0.9928959012031555,0.9784568548202515
repeat1_fold2,MMdata_1136.50s_0327_183428_2ml,305.0,61,227,0.2709251101321586,1,1,1,0.9982603192329407,0.37559881806373596,0.6244012117385864,0.9513952732086182,0.90284663438797,0.8226659297943115,0.9953990578651428,0.990806519985199,0.9732287526130676
repeat1_fold2,MMdata_1136.50s_0327_183428_2ml,310.0,62,227,0.2753303964757709,1,1,1,0.9982160925865173,0.3679225444793701,0.6320774555206299,0.9396825432777405,0.879422128200531,0.7921972274780273,0.9958117008209229,0.991632342338562,0.9752628803253174
repeat1_fold2,MMdata_1136.50s_0327_183428_2ml,315.0,63,227,0.27973568281938327,1,1,1,0.9981681108474731,0.39667633175849915,0.6033236980438232,0.9529079794883728,0.90586918592453,0.8268029093742371,0.9893133044242859,0.9786342978477478,0.9461169838905334
repeat1_fold2,MMdata_1136.50s_0327_183428_2ml,320.0,64,227,0.2841409691629956,1,1,1,0.9981843829154968,0.360762357711792,0.639237642288208,0.9275346994400024,0.8551289439201355,0.7629261016845703,0.9963845014572144,0.9927780628204346,0.9781537055969238
repeat1_fold2,MMdata_1136.50s_0327_183428_2ml,325.0,65,227,0.28854625550660795,1,1,1,0.9982694387435913,0.37724801898002625,0.6227519512176514,0.9501239061355591,0.9003039598464966,0.8192376494407654,0.9949553608894348,0.9899187088012695,0.9710774421691895
repeat1_fold2,MMdata_1136.50s_0327_183428_2ml,330.0,66,227,0.29295154185022027,1,1,1,0.9981452226638794,0.3548669219017029,0.6451331377029419,0.9276316165924072,0.8553224802017212,0.7631531953811646,0.9968084692955017,0.9936270117759705,0.9803412556648254
repeat1_fold2,MMdata_1136.50s_0327_183428_2ml,335.0,67,227,0.2973568281938326,1,1,1,0.9981094598770142,0.39977210760116577,0.600227952003479,0.9510324001312256,0.9021185040473938,0.821698784828186,0.9870781898498535,0.9741638898849487,0.9371061325073242
repeat1_fold2,MMdata_1136.50s_0327_183428_2ml,340.0,68,227,0.30176211453744495,1,1,1,0.9981698989868164,0.3713717758655548,0.6286281943321228,0.9171974658966064,0.8344498872756958,0.7396546602249146,0.9949796795845032,0.9899681210517883,0.9711900949478149
repeat1_fold2,MMdata_1136.50s_0327_183428_2ml,345.0,69,227,0.30616740088105726,1,1,1,0.9982479810714722,0.3757038414478302,0.6242961883544922,0.9438257217407227,0.8877080678939819,0.8027005195617676,0.9950457811355591,0.9900994896888733,0.9715132117271423
repeat1_fold2,MMdata_1136.50s_0327_183428_2ml,350.0,70,227,0.31057268722466963,1,1,1,0.9980611205101013,0.34367626905441284,0.6563237309455872,0.9215480089187622,0.843155562877655,0.7492660880088806,0.9977001547813416,0.9954128265380859,0.9851207733154297
repeat1_fold2,MMdata_1136.50s_0327_183428_2ml,355.0,71,227,0.31497797356828194,1,1,1,0.9981337189674377,0.39623528718948364,0.6037647128105164,0.9441506862640381,0.8883547782897949,0.8035561442375183,0.9887957572937012,0.977599024772644,0.9439961910247803
repeat1_fold2,MMdata_1136.50s_0327_183428_2ml,360.0,72,227,0.31938325991189426,1,1,1,0.998207688331604,0.3621143698692322,0.6378856301307678,0.9350857138633728,0.870229959487915,0.7808599472045898,0.9962232112884521,0.9924550652503967,0.9773342609405518
repeat1_fold2,MMdata_1136.50s_0327_183428_2ml,365.0,73,227,0.3237885462555066,1,1,1,0.9982280135154724,0.3684825599193573,0.6315174698829651,0.9371877312660217,0.874431848526001,0.7860137820243835,0.9960271120071411,0.9920629858970642,0.9763418436050415
repeat1_fold2,MMdata_1136.50s_0327_183428_2ml,370.0,74,227,0.32819383259911894,1,1,1,0.9981787204742432,0.3620879352092743,0.6379120945930481,0.9342257976531982,0.8685095906257629,0.7787808179855347,0.9962745904922485,0.9925587177276611,0.9775903224945068
repeat1_fold2,MMdata_1136.50s_0327_183428_2ml,375.0,75,227,0.33259911894273125,1,1,1,0.998111367225647,0.3991996645927429,0.6008003950119019,0.9513795971870422,0.9028130769729614,0.8226369619369507,0.9873456358909607,0.9746987223625183,0.9381638765335083
repeat1_fold2,MMdata_1136.50s_0327_183428_2ml,380.0,76,227,0.3370044052863436,1,1,1,0.9981545805931091,0.3566017150878906,0.6433982849121094,0.9227572679519653,0.845573365688324,0.7519922852516174,0.9968476891517639,0.9937052130699158,0.9805482029914856
repeat1_fold2,MMdata_1136.50s_0327_183428_2ml,385.0,77,227,0.34140969162995594,1,1,1,0.9982430934906006,0.3806186020374298,0.6193813681602478,0.9511279463768005,0.902311384677887,0.8219459652900696,0.9940337538719177,0.9880755543708801,0.9667155146598816
repeat1_fold2,MMdata_1136.50s_0327_183428_2ml,390.0,78,227,0.3458149779735683,1,1,1,0.9982155561447144,0.3678287863731384,0.6321711540222168,0.9441221952438354,0.8883017897605896,0.8034582138061523,0.9956888556480408,0.9913865923881531,0.9746533036231995
repeat1_fold2,MMdata_1136.50s_0327_183428_2ml,395.0,79,227,0.3502202643171806,1,1,1,0.9981352090835571,0.39842939376831055,0.6015705466270447,0.9552907943725586,0.9106353521347046,0.8333830833435059,0.9878296852111816,0.9756665825843811,0.9400938153266907
repeat1_fold2,MMdata_1136.50s_0327_183428_2ml,400.0,80,227,0.35462555066079293,1,1,1,0.9981415271759033,0.38674524426460266,0.613254725933075,0.9539681077003479,0.9079920649528503,0.8297012448310852,0.991075873374939,0.9821592569351196,0.9535250067710876
repeat1_fold2,MMdata_1136.50s_0327_183428_2ml,405.0,81,227,0.3590308370044053,1,1,1,0.9982014894485474,0.3850778341293335,0.6149221658706665,0.9421997666358948,0.8844533562660217,0.7985635995864868,0.9925376772880554,0.9850833415985107,0.9599076509475708
repeat1_fold2,MMdata_1136.50s_0327_183428_2ml,410.0,82,227,0.3634361233480176,1,1,1,0.9981879591941833,0.3650117814540863,0.6349881887435913,0.9359675049781799,0.871993362903595,0.7830092310905457,0.9958069324493408,0.9916229844093323,0.9752389788627625
repeat1_fold2,MMdata_1136.50s_0327_183428_2ml,415.0,83,227,0.36784140969163,1,1,1,0.9982428550720215,0.3934870660305023,0.6065129637718201,0.9562194347381592,0.9124923944473267,0.8359838128089905,0.9910194277763367,0.982046365737915,0.9532840251922607
repeat1_fold2,MMdata_1136.50s_0327_183428_2ml,420.0,84,227,0.3722466960352423,1,1,1,0.9981940388679504,0.3719927966594696,0.628007173538208,0.9235262870788574,0.8471072912216187,0.7537597417831421,0.9950231313705444,0.9900549650192261,0.9714000225067139
repeat1_fold2,MMdata_1136.50s_0327_183428_2ml,425.0,85,227,0.3766519823788546,1,1,1,0.9982395172119141,0.3690039813518524,0.6309959888458252,0.9454856514930725,0.8910276293754578,0.8069904446601868,0.9958186745643616,0.9916460514068604,0.9752987623214722
repeat1_fold2,MMdata_1136.50s_0327_183428_2ml,430.0,86,227,0.381057268722467,1,1,1,0.9981936812400818,0.36563926935195923,0.6343607306480408,0.9377857446670532,0.8756293654441833,0.7874783277511597,0.995864987373352,0.9917389750480652,0.9755281805992126
repeat1_fold2,MMdata_1136.50s_0327_183428_2ml,435.0,87,227,0.3854625550660793,1,1,1,0.99801105260849,0.4108048379421234,0.589195191860199,0.967878520488739,0.9358143210411072,0.8703261613845825,0.9807720184326172,0.9615517854690552,0.9134481549263
repeat1_fold2,MMdata_1136.50s_0327_183428_2ml,440.0,88,227,0.3898678414096916,1,1,1,0.9981635212898254,0.35919639468193054,0.6408036351203918,0.9196301698684692,0.83931964635849,0.7449889183044434,0.9964311122894287,0.9928713440895081,0.978393018245697
repeat1_fold2,MMdata_1136.50s_0327_183428_2ml,445.0,89,227,0.394273127753304,1,1,1,0.9982289671897888,0.3807676136493683,0.6192323565483093,0.9391455054283142,0.878344714641571,0.7908782362937927,0.9938597679138184,0.9877275228500366,0.9659085869789124
repeat1_fold2,MMdata_1136.50s_0327_183428_2ml,450.0,90,227,0.3986784140969163,1,1,1,0.9982282519340515,0.3720245361328125,0.6279754638671875,0.9468069076538086,0.8936710953712463,0.8104332685470581,0.9950951337814331,0.9901987910270691,0.971748948097229
repeat1_fold2,MMdata_1136.50s_0327_183428_2ml,455.0,91,227,0.40308370044052866,1,1,1,0.9981325268745422,0.39799824357032776,0.6020017862319946,0.9666315317153931,0.9333183765411377,0.8664923906326294,0.9881007671356201,0.9762088656425476,0.9411823153495789
repeat1_fold2,MMdata_1136.50s_0327_183428_2ml,460.0,92,227,0.40748898678414097,1,1,1,0.9981112480163574,0.3861860930919647,0.6138139367103577,0.9257925152778625,0.8516392111778259,0.7589373588562012,0.9914625287055969,0.9829327464103699,0.9551903605461121
repeat1_fold2,MMdata_1136.50s_0327_183428_2ml,465.0,93,227,0.4118942731277533,1,1,1,0.998229444026947,0.37300917506217957,0.626990795135498,0.9435250163078308,0.8871050477027893,0.8019381165504456,0.9950487017631531,0.9901058077812195,0.9715248346328735
repeat1_fold2,MMdata_1136.50s_0327_183428_2ml,470.0,94,227,0.41629955947136565,1,1,1,0.9982080459594727,0.3660821318626404,0.6339178681373596,0.9428895115852356,0.8858373761177063,0.8002920150756836,0.9958105087280273,0.9916300177574158,0.975256621837616
repeat1_fold2,MMdata_1136.50s_0327_183428_2ml,475.0,95,227,0.42070484581497797,1,1,1,0.9980941414833069,0.4008263051509857,0.5991737246513367,0.9654624462127686,0.9309825301170349,0.8629142045974731,0.9864274859428406,0.972862184047699,0.9345538020133972
repeat1_fold2,MMdata_1136.50s_0327_183428_2ml,480.0,96,227,0.4251101321585903,1,1,1,0.9981995820999146,0.37034228444099426,0.6296577453613281,0.9234286546707153,0.8469139337539673,0.7535257339477539,0.9951469302177429,0.9903021454811096,0.972000777721405
repeat1_fold2,MMdata_1136.50s_0327_183428_2ml,485.0,97,227,0.42951541850220265,1,1,1,0.9981594681739807,0.35864993929862976,0.6413500308990479,0.9170855283737183,0.834227442741394,0.7394006848335266,0.9966379404067993,0.993285596370697,0.9794558882713318
repeat1_fold2,MMdata_1136.50s_0327_183428_2ml,490.0,98,227,0.43392070484581496,1,1,1,0.9982061386108398,0.36538371443748474,0.6346162557601929,0.9399533271789551,0.8799648880958557,0.7928681373596191,0.9959224462509155,0.9918539524078369,0.9758152961730957
repeat1_fold2,MMdata_1136.50s_0327_183428_2ml,495.0,99,227,0.43832599118942733,1,1,1,0.9981335997581482,0.3921869397163391,0.6078130602836609,0.9508239030838013,0.9017047882080078,0.8211162686347961,0.9903145432472229,0.9806368350982666,0.9502884149551392
repeat1_fold2,MMdata_1136.50s_0327_183428_2ml,500.0,100,227,0.44273127753303965,1,1,1,0.9981278777122498,0.35662028193473816,0.6433796882629395,0.908155620098114,0.81637042760849,0.720302939414978,0.9965182542800903,0.9930458068847656,0.9788398146629333
repeat1_fold2,MMdata_1136.50s_0327_183428_2ml,505.0,101,227,0.44713656387665196,1,1,1,0.9981849789619446,0.3703101575374603,0.6296898126602173,0.9103395938873291,0.8207341432571411,0.7249135971069336,0.9953016042709351,0.9906113743782043,0.9727534651756287
repeat1_fold2,MMdata_1136.50s_0327_183428_2ml,510.0,102,227,0.45154185022026433,1,1,1,0.9982282519340515,0.37221482396125793,0.6277851462364197,0.9490626454353333,0.8981834650039673,0.8163881897926331,0.9949145317077637,0.9898374676704407,0.9708792567253113
repeat1_fold2,MMdata_1136.50s_0327_183428_2ml,515.0,103,227,0.45594713656387664,1,1,1,0.9977511763572693,0.4167708158493042,0.5832291841506958,0.9894821643829346,0.9790511131286621,0.9464139342308044,0.9748111963272095,0.9496300220489502,0.8928946256637573
repeat1_fold2,MMdata_1136.50s_0327_183428_2ml,520.0,104,227,0.460352422907489,1,1,1,0.9980888962745667,0.3509649932384491,0.6490350365638733,0.908283531665802,0.8166277408599854,0.7205603122711182,0.9968137145042419,0.9936375021934509,0.9803693890571594
repeat1_fold2,MMdata_1136.50s_0327_183428_2ml,525.0,105,227,0.4647577092511013,1,1,1,0.9982172846794128,0.3690129220485687,0.6309871077537537,0.9272982478141785,0.8546507954597473,0.762411892414093,0.9956983327865601,0.9914052486419678,0.9747012257575989
repeat1_fold2,MMdata_1136.50s_0327_183428_2ml,530.0,106,227,0.46916299559471364,1,1,1,0.9982020854949951,0.36400920152664185,0.6359907984733582,0.9486171007156372,0.8972930312156677,0.8151998519897461,0.9961209893226624,0.9922515153884888,0.9768111705780029
repeat1_fold2,MMdata_1136.50s_0327_183428_2ml,535.0,107,227,0.473568281938326,1,1,1,0.9980934262275696,0.39641496539115906,0.6035850644111633,0.9515511989593506,0.9031574726104736,0.8230948448181152,0.9878232479095459,0.9756537675857544,0.9400685429573059
repeat1_fold2,MMdata_1136.50s_0327_183428_2ml,540.0,108,227,0.4779735682819383,1,1,1,0.9981420040130615,0.3910156488418579,0.6089843511581421,0.9614675045013428,0.9229907393455505,0.8510196208953857,0.9897817373275757,0.9795711040496826,0.9480577707290649
repeat1_fold2,MMdata_1136.50s_0327_183428_2ml,545.0,109,227,0.48237885462555063,1,1,1,0.9982064962387085,0.3720848560333252,0.62791508436203,0.9158079028129578,0.8316706418991089,0.736625075340271,0.9952582716941833,0.9905245900154114,0.972542941570282
repeat1_fold2,MMdata_1136.50s_0327_183428_2ml,550.0,110,227,0.486784140969163,1,1,1,0.998195469379425,0.3672591745853424,0.6327407956123352,0.9523879289627075,0.90483558177948,0.8253414630889893,0.9955143332481384,0.9910380840301514,0.9737883806228638
repeat1_fold2,MMdata_1136.50s_0327_183428_2ml,555.0,111,227,0.4911894273127753,1,1,1,0.998056173324585,0.39829424023628235,0.6017057299613953,0.9715416431427002,0.9431463479995728,0.8818596601486206,0.9862469434738159,0.9725010395050049,0.9338515996932983
repeat1_fold2,MMdata_1136.50s_0327_183428_2ml,560.0,112,227,0.4955947136563877,1,1,1,0.998137354850769,0.355549693107605,0.6444502472877502,0.9210420846939087,0.8421434164047241,0.7481343746185303,0.9966216087341309,0.9932530522346497,0.9793702960014343
repeat1_fold2,MMdata_1136.50s_0327_183428_2ml,565.0,113,227,0.5,1,1,1,0.9982158541679382,0.3791612386703491,0.6208387613296509,0.9325230121612549,0.8651001453399658,0.774713397026062,0.9936648607254028,0.9873371720314026,0.965010941028595
repeat1_fold2,MMdata_1136.50s_0327_183428_2ml,570.0,114,227,0.5044052863436124,1,1,1,0.998170018196106,0.3766227066516876,0.6233773231506348,0.9615321159362793,0.9231280088424683,0.8511607646942139,0.99354088306427,0.987089991569519,0.9644374847412109
repeat1_fold2,MMdata_1136.50s_0327_183428_2ml,575.0,115,227,0.5088105726872246,1,1,1,0.9980462789535522,0.3978189527988434,0.6021810173988342,0.9679509997367859,0.9359636306762695,0.8705269694328308,0.9863090515136719,0.9726253747940063,0.9340924024581909
repeat1_fold2,MMdata_1136.50s_0327_183428_2ml,580.0,116,227,0.513215859030837,1,1,1,0.9981813430786133,0.3763473331928253,0.6236526966094971,0.9259822964668274,0.8520199656486511,0.7593660950660706,0.9936250448226929,0.98725825548172,0.9648237228393555
repeat1_fold2,MMdata_1136.50s_0327_183428_2ml,585.0,117,227,0.5176211453744494,1,1,1,0.9982452392578125,0.38345545530319214,0.6165445446968079,0.9449443221092224,0.88994300365448,0.8055989742279053,0.9932762384414673,0.9865601062774658,0.963232696056366
repeat1_fold2,MMdata_1136.50s_0327_183428_2ml,590.0,118,227,0.5220264317180616,1,1,1,0.998175859451294,0.37678563594818115,0.6232143044471741,0.9632528424263,0.926569402217865,0.8562427163124084,0.9934803247451782,0.9869688749313354,0.9641599655151367
repeat1_fold2,MMdata_1136.50s_0327_183428_2ml,595.0,119,227,0.526431718061674,1,1,1,0.9980437755584717,0.3975470960140228,0.6024529337882996,0.9660852551460266,0.9322338700294495,0.8647760152816772,0.9863930344581604,0.972793459892273,0.9344191551208496
repeat1_fold2,MMdata_1136.50s_0327_183428_2ml,600.0,120,227,0.5308370044052864,1,1,1,0.9980680346488953,0.3481043577194214,0.6518957018852234,0.904985249042511,0.8100295066833496,0.7137451767921448,0.9972516894340515,0.9945145845413208,0.9826836585998535
repeat1_fold2,MMdata_1136.50s_0327_183428_2ml,605.0,121,227,0.5352422907488987,1,1,1,0.9982396364212036,0.36923494935035706,0.6307650208473206,0.9403910636901855,0.8808377981185913,0.7939811944961548,0.9958733916282654,0.9917551279067993,0.975573718547821
repeat1_fold2,MMdata_1136.50s_0327_183428_2ml,610.0,122,227,0.539647577092511,1,1,1,0.9981940388679504,0.37776926159858704,0.6222307085990906,0.9639132022857666,0.9278870224952698,0.8582302927970886,0.9937870502471924,0.9875828623771667,0.9655663967132568
repeat1_fold2,MMdata_1136.50s_0327_183428_2ml,615.0,123,227,0.5440528634361234,1,1,1,0.9980469942092896,0.39972272515296936,0.600277304649353,0.9669713377952576,0.9340044260025024,0.8674988746643066,0.985870897769928,0.9717491865158081,0.9323912858963013
repeat1_fold2,MMdata_1136.50s_0327_183428_2ml,620.0,124,227,0.5484581497797357,1,1,1,0.9981129169464111,0.3528468608856201,0.6471530795097351,0.9125251173973083,0.8251100778579712,0.7295207977294922,0.9968655705451965,0.9937413930892944,0.9806393384933472
repeat1_fold2,MMdata_1136.50s_0327_183428_2ml,625.0,125,227,0.552863436123348,1,1,1,0.9982343912124634,0.37913212180137634,0.620867908000946,0.9460127353668213,0.8920820951461792,0.8083603382110596,0.9939372539520264,0.9878820776939392,0.9662696123123169
repeat1_fold2,MMdata_1136.50s_0327_183428_2ml,630.0,126,227,0.5572687224669604,1,1,1,0.9981790781021118,0.3766273856163025,0.6233726143836975,0.9601247310638428,0.9203111529350281,0.8470723032951355,0.993556559085846,0.9871214032173157,0.9645087122917175
repeat1_fold2,MMdata_1136.50s_0327_183428_2ml,635.0,127,227,0.5616740088105727,1,1,1,0.9981302618980408,0.40200743079185486,0.5979925394058228,0.978279173374176,0.9566183686256409,0.9043551087379456,0.9875561594963074,0.9751198291778564,0.9390009641647339
repeat1_fold2,MMdata_1136.50s_0327_183428_2ml,640.0,128,227,0.566079295154185,1,1,1,0.9981880784034729,0.3733688294887543,0.6266312003135681,0.934980034828186,0.8700169920921326,0.7806143164634705,0.9948464632034302,0.9897014498710632,0.9705508351325989
repeat1_fold2,MMdata_1136.50s_0327_183428_2ml,645.0,129,227,0.5704845814977973,1,1,1,0.9982277750968933,0.3823797404766083,0.6176202893257141,0.9329203367233276,0.8658944964408875,0.7756658792495728,0.993536114692688,0.987079381942749,0.9644216895103455
repeat1_fold2,MMdata_1136.50s_0327_183428_2ml,650.0,130,227,0.5748898678414097,1,1,1,0.9982000589370728,0.3788105249404907,0.6211894750595093,0.9617401361465454,0.9235405325889587,0.8517917394638062,0.9934492707252502,0.9869067072868347,0.9640182852745056
repeat1_fold2,MMdata_1136.50s_0327_183428_2ml,655.0,131,227,0.579295154185022,1,1,1,0.9980553388595581,0.4000107944011688,0.5999892354011536,0.9702078104019165,0.9404745101928711,0.8776234984397888,0.985925018787384,0.9718573689460754,0.9326009750366211
repeat1_fold2,MMdata_1136.50s_0327_183428_2ml,660.0,132,227,0.5837004405286343,1,1,1,0.9981088638305664,0.3770453631877899,0.6229546666145325,0.9355269074440002,0.8711097240447998,0.781950831413269,0.9941429495811462,0.9882959127426147,0.9672138094902039
repeat1_fold2,MMdata_1136.50s_0327_183428_2ml,665.0,133,227,0.5881057268722467,1,1,1,0.9981368780136108,0.3920019567012787,0.6079980731010437,0.9481639862060547,0.89638352394104,0.814018726348877,0.9899017810821533,0.979810893535614,0.9485606551170349
repeat1_fold2,MMdata_1136.50s_0327_183428_2ml,670.0,134,227,0.5925110132158591,1,1,1,0.9982175230979919,0.37024012207984924,0.6297598481178284,0.9526076912879944,0.9052732586860657,0.8259528875350952,0.9953183531761169,0.990645706653595,0.9728301167488098
repeat1_fold2,MMdata_1136.50s_0327_183428_2ml,675.0,135,227,0.5969162995594713,1,1,1,0.998100221157074,0.3918413519859314,0.6081586480140686,0.9490112066268921,0.8980779647827148,0.8162674307823181,0.9895276427268982,0.9790627956390381,0.9470033049583435
repeat1_fold2,MMdata_1136.50s_0327_183428_2ml,680.0,136,227,0.6013215859030837,1,1,1,0.9980594515800476,0.39310067892074585,0.6068993210792542,0.9528576135635376,0.9057695865631104,0.8266582489013672,0.9894746541976929,0.978959321975708,0.9467682838439941
repeat1_fold2,MMdata_1136.50s_0327_183428_2ml,685.0,137,227,0.6057268722466961,1,1,1,0.9982461929321289,0.3742803931236267,0.6257196068763733,0.9465829730033875,0.8932223916053772,0.8098514676094055,0.9949547648429871,0.9899176955223083,0.9710740447044373
repeat1_fold2,MMdata_1136.50s_0327_183428_2ml,690.0,138,227,0.6101321585903083,1,1,1,0.9982339143753052,0.37327879667282104,0.626721203327179,0.9556736350059509,0.9114049673080444,0.8344283699989319,0.994850218296051,0.9897093772888184,0.9705673456192017
repeat1_fold2,MMdata_1136.50s_0327_183428_2ml,695.0,139,227,0.6145374449339207,1,1,1,0.9980947375297546,0.4035225212574005,0.5964774489402771,0.9815791845321655,0.9632242321968079,0.9160169363021851,0.9869638085365295,0.9739353060722351,0.9366538524627686
repeat1_fold2,MMdata_1136.50s_0327_183428_2ml,700.0,140,227,0.6189427312775331,1,1,1,0.9981484413146973,0.372844934463501,0.627155065536499,0.9310871362686157,0.8622295260429382,0.7712873220443726,0.9949518442153931,0.9899135828018188,0.9710491299629211
repeat1_fold2,MMdata_1136.50s_0327_183428_2ml,705.0,141,227,0.6233480176211453,1,1,1,0.9981572031974792,0.38121289014816284,0.6187871098518372,0.9318539500236511,0.8637637495994568,0.7731049656867981,0.9931607246398926,0.9863292574882507,0.9627068638801575
repeat1_fold2,MMdata_1136.50s_0327_183428_2ml,710.0,142,227,0.6277533039647577,1,1,1,0.9982591271400452,0.38203686475753784,0.6179631352424622,0.9705499410629272,0.9411587715148926,0.8787108659744263,0.9936293959617615,0.987267017364502,0.9648435711860657
repeat1_fold2,MMdata_1136.50s_0327_183428_2ml,715.0,143,227,0.6321585903083701,1,1,1,0.9980708956718445,0.3989824950695038,0.6010174751281738,0.9738796949386597,0.9478248357772827,0.8894578814506531,0.9872426986694336,0.9744929075241089,0.9377554655075073
repeat1_fold2,MMdata_1136.50s_0327_183428_2ml,720.0,144,227,0.6365638766519823,1,1,1,0.9981016516685486,0.3738175928592682,0.6261824369430542,0.934111475944519,0.8682782649993896,0.7785215377807617,0.9950433969497681,0.9900975227355957,0.9714857935905457
repeat1_fold2,MMdata_1136.50s_0327_183428_2ml,725.0,145,227,0.6409691629955947,1,1,1,0.998119056224823,0.3841917812824249,0.6158082485198975,0.9340188503265381,0.8680952787399292,0.7782837152481079,0.9912139773368835,0.9824351072311401,0.954120397567749
repeat1_fold2,MMdata_1136.50s_0327_183428_2ml,730.0,146,227,0.6453744493392071,1,1,1,0.9982559084892273,0.3783912658691406,0.6216087937355042,0.9646799564361572,0.9294180274009705,0.8605469465255737,0.9941304326057434,0.9882692694664001,0.9671642780303955
repeat1_fold2,MMdata_1136.50s_0327_183428_2ml,735.0,147,227,0.6497797356828194,1,1,1,0.9980979561805725,0.3968992531299591,0.6031007766723633,0.9707164168357849,0.9414947032928467,0.8792244791984558,0.9880209565162659,0.9760493040084839,0.9408602118492126
repeat1_fold2,MMdata_1136.50s_0327_183428_2ml,740.0,148,227,0.6541850220264317,1,1,1,0.998171329498291,0.3848196864128113,0.6151803731918335,0.9315208792686462,0.863096296787262,0.7723212242126465,0.9923219084739685,0.9846517443656921,0.9589487314224243
repeat1_fold2,MMdata_1136.50s_0327_183428_2ml,745.0,149,227,0.6585903083700441,1,1,1,0.9982128143310547,0.3686627149581909,0.6313372850418091,0.9210059642791748,0.8420674800872803,0.7480783462524414,0.995719850063324,0.9914482235908508,0.974808931350708
repeat1_fold2,MMdata_1136.50s_0327_183428_2ml,750.0,150,227,0.6629955947136564,1,1,1,0.9982670545578003,0.3729373812675476,0.6270626187324524,0.9610176682472229,0.9220935106277466,0.8496891260147095,0.9954002499580383,0.99080890417099,0.9732335209846497
repeat1_fold2,MMdata_1136.50s_0327_183428_2ml,755.0,151,227,0.6674008810572687,1,1,1,0.998129665851593,0.39213165640830994,0.6078683137893677,0.9611107110977173,0.922278106212616,0.8499701023101807,0.9901899695396423,0.9803876280784607,0.94976407289505
repeat1_fold2,MMdata_1136.50s_0327_183428_2ml,760.0,152,227,0.6718061674008811,1,1,1,0.9981827735900879,0.39396923780441284,0.6060308218002319,0.9520971179008484,0.9042471051216125,0.8245915770530701,0.9901584982872009,0.9803251028060913,0.9496299624443054
repeat1_fold2,MMdata_1136.50s_0327_183428_2ml,765.0,153,227,0.6762114537444934,1,1,1,0.9982172846794128,0.3821791410446167,0.6178207993507385,0.9467289447784424,0.8935129642486572,0.8102422952651978,0.9927902221679688,0.985588014125824,0.961037814617157
repeat1_fold2,MMdata_1136.50s_0327_183428_2ml,770.0,154,227,0.6806167400881057,1,1,1,0.9982648491859436,0.3767516613006592,0.6232483386993408,0.9611917734146118,0.9224429130554199,0.8501908183097839,0.9946380257606506,0.9892841577529907,0.9695586562156677
repeat1_fold2,MMdata_1136.50s_0327_183428_2ml,775.0,155,227,0.6850220264317181,1,1,1,0.9981145858764648,0.39195868372917175,0.6080413460731506,0.9604678153991699,0.9209946990013123,0.8480829000473022,0.9898736476898193,0.9797549247741699,0.9484402537345886
repeat1_fold2,MMdata_1136.50s_0327_183428_2ml,780.0,156,227,0.6894273127753304,1,1,1,0.9982094764709473,0.3763866424560547,0.6236133575439453,0.9342263340950012,0.86850905418396,0.7787920832633972,0.9942776560783386,0.9885632395744324,0.9678571224212646
repeat1_fold2,MMdata_1136.50s_0327_183428_2ml,785.0,157,227,0.6938325991189427,1,1,1,0.9982314705848694,0.3794972598552704,0.620502769947052,0.9278481006622314,0.8557494878768921,0.763694703578949,0.9938953518867493,0.9877983331680298,0.9660754799842834
repeat1_fold2,MMdata_1136.50s_0327_183428_2ml,790.0,158,227,0.698237885462555,1,1,1,0.998257577419281,0.37411922216415405,0.625880777835846,0.9620383381843567,0.924135148525238,0.8526796698570251,0.9950855374336243,0.990179717540741,0.9717017412185669
repeat1_fold2,MMdata_1136.50s_0327_183428_2ml,795.0,159,227,0.7026431718061674,1,1,1,0.9981776475906372,0.3928966224193573,0.6071034073829651,0.9623994827270508,0.9248548746109009,0.8537591099739075,0.9907378554344177,0.9814832210540771,0.9520810842514038
repeat1_fold2,MMdata_1136.50s_0327_183428_2ml,800.0,160,227,0.7070484581497798,1,1,1,0.9982556700706482,0.382013201713562,0.6179867386817932,0.9473723769187927,0.8948008418083191,0.8119255900382996,0.9935948252677917,0.9871974587440491,0.9646874666213989
repeat1_fold2,MMdata_1136.50s_0327_183428_2ml,805.0,161,227,0.711453744493392,1,1,1,0.9982032775878906,0.3848167061805725,0.6151832938194275,0.9430316686630249,0.8861174583435059,0.8006817102432251,0.9921827912330627,0.9843730330467224,0.9583383798599243
repeat1_fold2,MMdata_1136.50s_0327_183428_2ml,810.0,162,227,0.7158590308370044,1,1,1,0.9982540011405945,0.3719711899757385,0.6280288100242615,0.9642705321311951,0.9286015033721924,0.8593020439147949,0.9951997995376587,0.9904083013534546,0.9722558259963989
repeat1_fold2,MMdata_1136.50s_0327_183428_2ml,815.0,163,227,0.7202643171806168,1,1,1,0.9980048537254333,0.40934908390045166,0.5906509757041931,0.974497377872467,0.9490556716918945,0.8915250897407532,0.9819740056991577,0.9639557600021362,0.9177854657173157
repeat1_fold2,MMdata_1136.50s_0327_183428_2ml,820.0,164,227,0.724669603524229,1,1,1,0.9981703758239746,0.38158971071243286,0.6184102892875671,0.9375180006027222,0.8750913143157959,0.7868335843086243,0.9934715032577515,0.9869516491889954,0.9641171097755432
repeat1_fold2,MMdata_1136.50s_0327_183428_2ml,825.0,165,227,0.7290748898678414,1,1,1,0.9980880618095398,0.3899800479412079,0.6100199818611145,0.9302991628646851,0.8606544137001038,0.7694182991981506,0.9898911714553833,0.9797895550727844,0.9485163688659668
repeat1_fold2,MMdata_1136.50s_0327_183428_2ml,830.0,166,227,0.7334801762114538,1,1,1,0.9982513785362244,0.36973920464515686,0.6302607655525208,0.964482843875885,0.9290252327919006,0.8599450588226318,0.9956939220428467,0.9913970828056335,0.974676251411438
repeat1_fold2,MMdata_1136.50s_0327_183428_2ml,835.0,167,227,0.737885462555066,1,1,1,0.9981593489646912,0.39440596103668213,0.6055940985679626,0.9601371884346008,0.9203302264213562,0.8471423387527466,0.9896321296691895,0.979271650314331,0.9474372863769531
repeat1_fold2,MMdata_1136.50s_0327_183428_2ml,840.0,168,227,0.7422907488986784,1,1,1,0.998230516910553,0.38455334305763245,0.6154466271400452,0.9416235685348511,0.8833022713661194,0.7970929741859436,0.9927787184715271,0.9855651259422302,0.9609854221343994
repeat1_fold2,MMdata_1136.50s_0327_183428_2ml,845.0,169,227,0.7466960352422908,1,1,1,0.9980337023735046,0.3910859227180481,0.6089140772819519,0.9333857297897339,0.8668290376663208,0.7767592668533325,0.9886772632598877,0.9773617386817932,0.9435148239135742
repeat1_fold2,MMdata_1136.50s_0327_183428_2ml,850.0,170,227,0.751101321585903,1,1,1,0.9982447624206543,0.3729065954685211,0.6270933747291565,0.9628141522407532,0.9256880879402161,0.854962944984436,0.9950887560844421,0.990186333656311,0.9717159271240234
repeat1_fold2,MMdata_1136.50s_0327_183428_2ml,855.0,171,227,0.7555066079295154,1,1,1,0.9981926083564758,0.3956378400325775,0.6043621301651001,0.9609014391899109,0.9218568205833435,0.8493759036064148,0.9899689555168152,0.979945182800293,0.9488404989242554
repeat1_fold2,MMdata_1136.50s_0327_183428_2ml,860.0,172,227,0.7599118942731278,1,1,1,0.9981920123100281,0.3672305941581726,0.6327694654464722,0.9338346719741821,0.8677259683609009,0.7778456807136536,0.9958288073539734,0.9916670322418213,0.9753457903862
repeat1_fold2,MMdata_1136.50s_0327_183428_2ml,865.0,173,227,0.76431718061674,1,1,1,0.9981812238693237,0.388899028301239,0.611100971698761,0.9534589648246765,0.9069727659225464,0.8283047676086426,0.9915578365325928,0.9831231236457825,0.955604612827301
repeat1_fold2,MMdata_1136.50s_0327_183428_2ml,870.0,174,227,0.7687224669603524,1,1,1,0.9982470273971558,0.37421897053718567,0.6257810592651367,0.9659825563430786,0.9320247173309326,0.8644848465919495,0.9949074387550354,0.9898237586021423,0.9708420634269714
repeat1_fold2,MMdata_1136.50s_0327_183428_2ml,875.0,175,227,0.7731277533039648,1,1,1,0.998263418674469,0.3845566511154175,0.6154432892799377,0.9548783302307129,0.9098125100135803,0.8322221040725708,0.9931491017341614,0.9863057136535645,0.962656557559967
repeat1_fold2,MMdata_1136.50s_0327_183428_2ml,880.0,176,227,0.7775330396475771,1,1,1,0.9981995820999146,0.3656923770904541,0.6343076229095459,0.9294127225875854,0.858883798122406,0.7673178315162659,0.9959787130355835,0.9919662475585938,0.9760995507240295
repeat1_fold2,MMdata_1136.50s_0327_183428_2ml,885.0,177,227,0.7819383259911894,1,1,1,0.9980995059013367,0.38680291175842285,0.6131970882415771,0.92789626121521,0.8558485507965088,0.763789176940918,0.9908720850944519,0.9817515015602112,0.9526539444923401
repeat1_fold2,MMdata_1136.50s_0327_183428_2ml,890.0,178,227,0.7863436123348018,1,1,1,0.9981921315193176,0.3605697453022003,0.6394302248954773,0.9527086019515991,0.9054768681526184,0.82621830701828,0.9964534044265747,0.9929167032241821,0.9785020351409912
repeat1_fold2,MMdata_1136.50s_0327_183428_2ml,895.0,179,227,0.7907488986784141,1,1,1,0.9982598423957825,0.39420753717422485,0.6057924628257751,0.9708477258682251,0.9417538642883301,0.8796630501747131,0.9912204146385193,0.9824482202529907,0.9541463255882263
repeat1_fold2,MMdata_1136.50s_0327_183428_2ml,900.0,180,227,0.7951541850220264,1,1,1,0.9981378316879272,0.35707950592041016,0.6429204940795898,0.9243338704109192,0.8487250804901123,0.7555791139602661,0.9968224763870239,0.9936557412147522,0.980410635471344
repeat1_fold2,MMdata_1136.50s_0327_183428_2ml,905.0,181,227,0.7995594713656388,1,1,1,0.9981170892715454,0.38483738899230957,0.6151626110076904,0.9252433776855469,0.8505430817604065,0.7576632499694824,0.9918152689933777,0.9836379289627075,0.9567251801490784
repeat1_fold2,MMdata_1136.50s_0327_183428_2ml,910.0,182,227,0.8039647577092511,1,1,1,0.9982271790504456,0.3791305124759674,0.6208694577217102,0.9658703207969666,0.9318001866340637,0.864142656326294,0.9939422011375427,0.9878929853439331,0.966286838054657
repeat1_fold2,MMdata_1136.50s_0327_183428_2ml,915.0,183,227,0.8083700440528634,1,1,1,0.9982661604881287,0.3927057385444641,0.6072942614555359,0.9633486866950989,0.9267525672912598,0.856577455997467,0.9915992021560669,0.9832057356834412,0.9557852149009705
repeat1_fold2,MMdata_1136.50s_0327_183428_2ml,920.0,184,227,0.8127753303964758,1,1,1,0.998245358467102,0.3726722002029419,0.6273277997970581,0.942221462726593,0.8845004439353943,0.7985951900482178,0.995376467704773,0.990760862827301,0.9731205701828003
repeat1_fold2,MMdata_1136.50s_0327_183428_2ml,925.0,185,227,0.8171806167400881,1,1,1,0.9981656670570374,0.38308048248291016,0.6169195175170898,0.9402743577957153,0.8806034326553345,0.7936950922012329,0.9924001693725586,0.984808087348938,0.9592981338500977
repeat1_fold2,MMdata_1136.50s_0327_183428_2ml,930.0,186,227,0.8215859030837004,1,1,1,0.9982288479804993,0.36646080017089844,0.6335391998291016,0.9578282237052917,0.9157154560089111,0.8404970169067383,0.9958972930908203,0.9918041825294495,0.9756861329078674
repeat1_fold2,MMdata_1136.50s_0327_183428_2ml,935.0,187,227,0.8259911894273128,1,1,1,0.9982971549034119,0.38209235668182373,0.6179076433181763,0.9598255157470703,0.9197081327438354,0.8462334871292114,0.9944486618041992,0.9889048337936401,0.9686651229858398
repeat1_fold2,MMdata_1136.50s_0327_183428_2ml,940.0,188,227,0.8303964757709251,1,1,1,0.9982202649116516,0.36436256766319275,0.6356374621391296,0.9374155402183533,0.8748879432678223,0.7865707874298096,0.9965404868125916,0.9930898547172546,0.9789561629295349
repeat1_fold2,MMdata_1136.50s_0327_183428_2ml,945.0,189,227,0.8348017621145375,1,1,1,0.998176097869873,0.3822278380393982,0.6177721619606018,0.9334478974342346,0.866950273513794,0.7769285440444946,0.9927746057510376,0.9855569005012512,0.9609679579734802
repeat1_fold2,MMdata_1136.50s_0327_183428_2ml,950.0,190,227,0.8392070484581498,1,1,1,0.9982185959815979,0.3684035837650299,0.6315964460372925,0.9521562457084656,0.9043722152709961,0.8247102499008179,0.9954134821891785,0.9908357262611389,0.973296046257019
repeat1_fold2,MMdata_1136.50s_0327_183428_2ml,955.0,191,227,0.8436123348017621,1,1,1,0.9981909394264221,0.3988130986690521,0.6011869311332703,0.9528212547302246,0.9056953191757202,0.8265680074691772,0.9886069893836975,0.9772211909294128,0.9432290196418762
repeat1_fold2,MMdata_1136.50s_0327_183428_2ml,960.0,192,227,0.8480176211453745,1,1,1,0.9982195496559143,0.3688749670982361,0.6311250329017639,0.932780921459198,0.8656190633773804,0.7753098011016846,0.9959059953689575,0.9918200373649597,0.9757390022277832
repeat1_fold2,MMdata_1136.50s_0327_183428_2ml,965.0,193,227,0.8524229074889867,1,1,1,0.9981520771980286,0.3861056864261627,0.6138943433761597,0.941222608089447,0.8825004696846008,0.7960789203643799,0.9916412830352783,0.9832900762557983,0.9559668302536011
repeat1_fold2,MMdata_1136.50s_0327_183428_2ml,970.0,194,227,0.8568281938325991,1,1,1,0.9981993436813354,0.38104623556137085,0.6189538240432739,0.9560347199440002,0.9121266603469849,0.835442066192627,0.993133544921875,0.9862755537033081,0.962580144405365
repeat1_fold2,MMdata_1136.50s_0327_183428_2ml,975.0,195,227,0.8612334801762115,1,1,1,0.9982574582099915,0.3829483389854431,0.6170516610145569,0.9516080617904663,0.903272271156311,0.8232424855232239,0.9937521815299988,0.9875118136405945,0.9654141068458557
repeat1_fold2,MMdata_1136.50s_0327_183428_2ml,980.0,196,227,0.8656387665198237,1,1,1,0.9981820583343506,0.3598557412624359,0.6401442885398865,0.9315370917320251,0.8631330132484436,0.7723324298858643,0.9966957569122314,0.9934011101722717,0.9797555804252625
repeat1_fold2,MMdata_1136.50s_0327_183428_2ml,985.0,197,227,0.8700440528634361,1,1,1,0.9982184767723083,0.37870103120803833,0.6212989687919617,0.9365213513374329,0.8730981945991516,0.7843822240829468,0.9937169551849365,0.9874416589736938,0.9652503132820129
repeat1_fold2,MMdata_1136.50s_0327_183428_2ml,990.0,198,227,0.8744493392070485,1,1,1,0.9982147216796875,0.3691125214099884,0.630887508392334,0.9486185312271118,0.8972969651222229,0.8151962757110596,0.9953475594520569,0.9907041788101196,0.9729730486869812
repeat1_fold2,MMdata_1136.50s_0327_183428_2ml,995.0,199,227,0.8788546255506607,1,1,1,0.9983160495758057,0.39352574944496155,0.6064742207527161,0.9732987880706787,0.9466534852981567,0.8876018524169922,0.9926185011863708,0.9852442145347595,0.9602723121643066
repeat1_fold2,MMdata_1136.50s_0327_183428_2ml,1000.0,200,227,0.8832599118942731,1,1,1,0.9982094764709473,0.3645689785480499,0.6354309916496277,0.9309384226799011,0.8619347214698792,0.7709179520606995,0.9962215423583984,0.9924516677856445,0.9773259162902832
repeat1_fold2,MMdata_1136.50s_0327_183428_2ml,1005.0,201,227,0.8876651982378855,1,1,1,0.9982427358627319,0.37916672229766846,0.6208333373069763,0.9530171751976013,0.906091570854187,0.827077329158783,0.993883490562439,0.987774670124054,0.9660188555717468
repeat1_fold2,MMdata_1136.50s_0327_183428_2ml,1010.0,202,227,0.8920704845814978,1,1,1,0.9981766939163208,0.3825426995754242,0.6174572706222534,0.9507220983505249,0.9015007615089417,0.8208440542221069,0.992932915687561,0.985874354839325,0.9616729021072388
repeat1_fold2,MMdata_1136.50s_0327_183428_2ml,1015.0,203,227,0.8964757709251101,1,1,1,0.998298704624176,0.37942951917648315,0.6205705404281616,0.9650816321372986,0.9302200078964233,0.8617665767669678,0.9949110150337219,0.9898297786712646,0.9708657264709473
repeat1_fold2,MMdata_1136.50s_0327_183428_2ml,1020.0,204,227,0.9008810572687225,1,1,1,0.9981631636619568,0.3590767979621887,0.6409232020378113,0.9140130281448364,0.8280833959579468,0.7327268123626709,0.9967760443687439,0.9935615062713623,0.9801756739616394
repeat1_fold2,MMdata_1136.50s_0327_183428_2ml,1025.0,205,227,0.9052863436123348,1,1,1,0.9981710910797119,0.37495535612106323,0.6250446438789368,0.9243213534355164,0.848700225353241,0.7555493116378784,0.9938236474990845,0.987654983997345,0.9657426476478577
repeat1_fold2,MMdata_1136.50s_0327_183428_2ml,1030.0,206,227,0.9096916299559471,1,1,1,0.9982511401176453,0.38384100794792175,0.6161590218544006,0.9632198214530945,0.9264976382255554,0.8561772108078003,0.9933639764785767,0.9867361783981323,0.963627815246582
repeat1_fold2,MMdata_1136.50s_0327_183428_2ml,1035.0,207,227,0.9140969162995595,1,1,1,0.9982806444168091,0.3801696002483368,0.6198303699493408,0.9613780379295349,0.9228125810623169,0.8507529497146606,0.9943397641181946,0.9886869788169861,0.9681516289710999
repeat1_fold2,MMdata_1136.50s_0327_183428_2ml,1040.0,208,227,0.9185022026431718,1,1,1,0.9981648325920105,0.3904401361942291,0.6095598340034485,0.9476808905601501,0.8954138159751892,0.8127643465995789,0.9915452003479004,0.983098566532135,0.9555442929267883
repeat1_fold2,MMdata_1136.50s_0327_183428_2ml,1045.0,209,227,0.9229074889867841,1,1,1,0.9982049465179443,0.3656041622161865,0.6343957781791687,0.931334376335144,0.862726628780365,0.7718567848205566,0.9958732724189758,0.9917550683021545,0.975572943687439
repeat1_fold2,MMdata_1136.50s_0327_183428_2ml,1050.0,210,227,0.9273127753303965,1,1,1,0.998206615447998,0.3805822432041168,0.6194177269935608,0.9561370015144348,0.9123331308364868,0.8357180953025818,0.9934260845184326,0.9868605136871338,0.9639114141464233
repeat1_fold2,MMdata_1136.50s_0327_183428_2ml,1055.0,211,227,0.9317180616740088,1,1,1,0.9982472658157349,0.38035595417022705,0.619644045829773,0.9462040662765503,0.8924644589424133,0.808861255645752,0.994002640247345,0.9880125522613525,0.9665750861167908
repeat1_fold2,MMdata_1136.50s_0327_183428_2ml,1060.0,212,227,0.9361233480176211,1,1,1,0.9982061386108398,0.36288246512413025,0.6371175050735474,0.9300149083137512,0.8600870370864868,0.768740177154541,0.9966147541999817,0.9932385087013245,0.979339063167572
repeat1_fold2,MMdata_1136.50s_0327_183428_2ml,1065.0,213,227,0.9405286343612335,1,1,1,0.9981964230537415,0.3851877748966217,0.6148122549057007,0.9520432353019714,0.9041439890861511,0.8244159817695618,0.9919508695602417,0.9839092493057251,0.9573177695274353
repeat1_fold2,MMdata_1136.50s_0327_183428_2ml,1070.0,214,227,0.9449339207048458,1,1,1,0.9982004165649414,0.38695427775382996,0.6130457520484924,0.9644743204116821,0.929007887840271,0.859921395778656,0.9921256899833679,0.9842594265937805,0.9580821394920349
repeat1_fold2,MMdata_1136.50s_0327_183428_2ml,1075.0,215,227,0.9493392070484582,1,1,1,0.9982492923736572,0.3671093285083771,0.6328907012939453,0.9501239061355591,0.9003047943115234,0.8192331194877625,0.9960106611251831,0.9920299053192139,0.9762603640556335
repeat1_fold2,MMdata_1136.50s_0327_183428_2ml,1080.0,216,227,0.9537444933920705,1,1,1,0.9981942772865295,0.37784478068351746,0.6221551895141602,0.9367783069610596,0.8736100196838379,0.7850261926651001,0.9944203495979309,0.9888492822647095,0.9685250520706177
repeat1_fold2,MMdata_1136.50s_0327_183428_2ml,1085.0,217,227,0.9581497797356828,1,1,1,0.998195469379425,0.3863633871078491,0.6136366128921509,0.9555205702781677,0.9110960960388184,0.8340181708335876,0.9919236302375793,0.9838552474975586,0.9571952223777771
repeat1_fold2,MMdata_1136.50s_0327_183428_2ml,1090.0,218,227,0.9625550660792952,1,1,1,0.9982762336730957,0.37926042079925537,0.6207395792007446,0.9651569128036499,0.9303716421127319,0.8619875907897949,0.9945270419120789,0.9890626072883606,0.9690300226211548
repeat1_fold2,MMdata_1136.50s_0327_183428_2ml,1095.0,219,227,0.9669603524229075,1,1,1,0.9982125759124756,0.36749425530433655,0.6325057148933411,0.9439107775688171,0.8878783583641052,0.8029177784919739,0.9955663084983826,0.991141676902771,0.9740467667579651
repeat1_fold2,MMdata_1136.50s_0327_183428_2ml,1100.0,220,227,0.9713656387665198,1,1,1,0.9982707500457764,0.3742254078388214,0.6257745623588562,0.9507384896278381,0.9015325307846069,0.8208941221237183,0.9955433011054993,0.9910950660705566,0.9739360213279724
repeat1_fold2,MMdata_1136.50s_0327_183428_2ml,1105.0,221,227,0.9757709251101322,1,1,1,0.9982354640960693,0.38084834814071655,0.6191516518592834,0.9378748536109924,0.8758057355880737,0.7877104878425598,0.9936623573303223,0.9873321056365967,0.964999794960022
repeat1_fold2,MMdata_1136.50s_0327_183428_2ml,1110.0,222,227,0.9801762114537445,1,1,1,0.9982354640960693,0.3817298710346222,0.6182700991630554,0.9567528367042542,0.9135640859603882,0.837455153465271,0.9935795068740845,0.9871672987937927,0.9646140336990356
repeat1_fold2,MMdata_1136.50s_0327_183428_2ml,1115.0,223,227,0.9845814977973568,1,1,1,0.9982461929321289,0.371311753988266,0.6286882162094116,0.9471083879470825,0.8942746520042419,0.8112200498580933,0.9952142238616943,0.9904364943504333,0.9723286628723145
repeat1_fold2,MMdata_1136.50s_0327_183428_2ml,1120.0,224,227,0.9889867841409692,1,1,1,0.9981902241706848,0.36795905232429504,0.6320409774780273,0.9299403429031372,0.8599351048469543,0.7685832381248474,0.9958978295326233,0.9918052554130554,0.9756895303726196
repeat1_fold2,MMdata_1136.50s_0327_183428_2ml,1125.0,225,227,0.9933920704845814,1,1,1,0.9982526898384094,0.38307949900627136,0.6169204711914062,0.9508801698684692,0.9018163084983826,0.8212736248970032,0.9934282898902893,0.9868641495704651,0.9639263153076172
repeat1_fold2,MMdata_1136.50s_0327_183428_2ml,1130.0,226,227,0.9977973568281938,1,1,1,0.9982269406318665,0.37871453166007996,0.6212854385375977,0.9604772925376892,0.9210132360458374,0.8481130003929138,0.9942777752876282,0.9885644912719727,0.967851459980011
repeat1_fold2,MMdata_272.75s_0327_174501_2ml,0.0,0,54,0.009259259259259259,1,1,1,0.9968034029006958,0.41145291924476624,0.5885470509529114,0.972855806350708,0.9457773566246033,0.8860996961593628,0.9502513408660889,0.9005186557769775,0.819846510887146
repeat1_fold2,MMdata_272.75s_0327_174501_2ml,5.0,1,54,0.027777777777777776,1,1,1,0.9981104135513306,0.381513774394989,0.618486225605011,0.9375701546669006,0.8751971125602722,0.7869527339935303,0.9911260008811951,0.9822595715522766,0.9537402391433716
repeat1_fold2,MMdata_272.75s_0327_174501_2ml,10.0,2,54,0.046296296296296294,1,1,1,0.9981396198272705,0.36667120456695557,0.6333287954330444,0.9499393105506897,0.8999387621879578,0.8187183141708374,0.9947718977928162,0.9895536303520203,0.9701871871948242
repeat1_fold2,MMdata_272.75s_0327_174501_2ml,15.0,3,54,0.06481481481481481,1,1,1,0.998126208782196,0.36767277121543884,0.6323272585868835,0.9118647575378418,0.8237886428833008,0.7281180620193481,0.9943960905075073,0.9888003468513489,0.9684128761291504
repeat1_fold2,MMdata_272.75s_0327_174501_2ml,20.0,4,54,0.08333333333333333,1,1,1,0.9979931116104126,0.3884398937225342,0.6115601658821106,0.9175549745559692,0.8351667523384094,0.7404261827468872,0.9880794882774353,0.9761673808097839,0.9410886764526367
repeat1_fold2,MMdata_272.75s_0327_174501_2ml,25.0,5,54,0.10185185185185185,1,1,1,0.9980365633964539,0.38204142451286316,0.6179586052894592,0.9132747054100037,0.8266069889068604,0.7311387062072754,0.9905485510826111,0.9811041951179504,0.951280415058136
repeat1_fold2,MMdata_272.75s_0327_174501_2ml,30.0,6,54,0.12037037037037036,1,1,1,0.9981326460838318,0.3949493169784546,0.6050506830215454,0.9739510416984558,0.9479637145996094,0.88971346616745,0.9886422753334045,0.9772924780845642,0.9433681964874268
repeat1_fold2,MMdata_272.75s_0327_174501_2ml,35.0,7,54,0.1388888888888889,1,1,1,0.9981423616409302,0.3631475567817688,0.6368524432182312,0.9096891283988953,0.8194354176521301,0.7235283255577087,0.9958024621009827,0.9916142225265503,0.9752150774002075
repeat1_fold2,MMdata_272.75s_0327_174501_2ml,40.0,8,54,0.1574074074074074,1,1,1,0.9981532692909241,0.38163381814956665,0.6183661222457886,0.9327555894851685,0.865565299987793,0.7752694487571716,0.9930046200752258,0.9860172271728516,0.9619991779327393
repeat1_fold2,MMdata_272.75s_0327_174501_2ml,45.0,9,54,0.17592592592592593,1,1,1,0.9980485439300537,0.3805979788303375,0.6194019913673401,0.9288097023963928,0.8576792478561401,0.7658946514129639,0.9911715388298035,0.9823506474494934,0.9539358019828796
repeat1_fold2,MMdata_272.75s_0327_174501_2ml,50.0,10,54,0.19444444444444445,1,1,1,0.9981018900871277,0.3980448544025421,0.6019551157951355,0.974753201007843,0.9495685696601868,0.8923685550689697,0.987291693687439,0.9745911955833435,0.9379487633705139
repeat1_fold2,MMdata_272.75s_0327_174501_2ml,55.0,11,54,0.21296296296296297,1,1,1,0.9981786012649536,0.3607105016708374,0.6392894983291626,0.9243114590644836,0.8486826419830322,0.7555121183395386,0.9961605072021484,0.992330014705658,0.9770148992538452
repeat1_fold2,MMdata_272.75s_0327_174501_2ml,60.0,12,54,0.23148148148148148,1,1,1,0.9982441663742065,0.37794002890586853,0.6220599412918091,0.9403954744338989,0.8808467984199524,0.7939915657043457,0.994317352771759,0.9886425137519836,0.9680442810058594
repeat1_fold2,MMdata_272.75s_0327_174501_2ml,65.0,13,54,0.25,1,1,1,0.9982187151908875,0.37621229887008667,0.6237876415252686,0.9289363026618958,0.857927680015564,0.7662225961685181,0.994208574295044,0.9884246587753296,0.967535674571991
repeat1_fold2,MMdata_272.75s_0327_174501_2ml,70.0,14,54,0.26851851851851855,1,1,1,0.9982707500457764,0.37512972950935364,0.6248703002929688,0.9715679287910461,0.9431951642036438,0.8819658756256104,0.9955266118049622,0.9910626411437988,0.9738490581512451
repeat1_fold2,MMdata_272.75s_0327_174501_2ml,75.0,15,54,0.28703703703703703,1,1,1,0.9980471134185791,0.3354858458042145,0.6645141839981079,0.9235789179801941,0.8472175002098083,0.7538472414016724,0.9984105825424194,0.9968344569206238,0.9891616106033325
repeat1_fold2,MMdata_272.75s_0327_174501_2ml,80.0,16,54,0.3055555555555556,1,1,1,0.9982292056083679,0.3709208071231842,0.6290792226791382,0.9304315447807312,0.8609206676483154,0.7697211503982544,0.9954140186309814,0.9908360242843628,0.9733039140701294
repeat1_fold2,MMdata_272.75s_0327_174501_2ml,85.0,17,54,0.32407407407407407,1,1,1,0.9980648159980774,0.3772471845149994,0.622752845287323,0.9095256924629211,0.8191084861755371,0.7231850028038025,0.9922447800636292,0.9844971895217896,0.9586105346679688
repeat1_fold2,MMdata_272.75s_0327_174501_2ml,90.0,18,54,0.3425925925925926,1,1,1,0.9982033967971802,0.3827323615550995,0.6172676682472229,0.9665575623512268,0.9331750869750977,0.866239607334137,0.9923350214958191,0.9846783876419067,0.9590047597885132
repeat1_fold2,MMdata_272.75s_0327_174501_2ml,95.0,19,54,0.3611111111111111,1,1,1,0.9981460571289062,0.363000750541687,0.636999249458313,0.9063930511474609,0.8128442168235779,0.7166500687599182,0.9957340359687805,0.9914770126342773,0.9748762845993042
repeat1_fold2,MMdata_272.75s_0327_174501_2ml,100.0,20,54,0.37962962962962965,1,1,1,0.99824059009552,0.3806435763835907,0.6193564534187317,0.9378735423088074,0.8758029341697693,0.7877078056335449,0.9938866496086121,0.9877808094024658,0.9660347700119019
repeat1_fold2,MMdata_272.75s_0327_174501_2ml,105.0,21,54,0.39814814814814814,1,1,1,0.9981800317764282,0.3720986247062683,0.6279013752937317,0.9316571354866028,0.8633713722229004,0.7726287245750427,0.9942635893821716,0.9885351657867432,0.9677912592887878
repeat1_fold2,MMdata_272.75s_0327_174501_2ml,110.0,22,54,0.4166666666666667,1,1,1,0.9982255101203918,0.38285133242607117,0.6171486377716064,0.964269757270813,0.9285974502563477,0.8593143820762634,0.9930906295776367,0.9861901998519897,0.9623825550079346
repeat1_fold2,MMdata_272.75s_0327_174501_2ml,115.0,23,54,0.4351851851851852,1,1,1,0.9981505274772644,0.3555600047111511,0.6444399356842041,0.9278663992881775,0.855793297290802,0.7636904716491699,0.9966327548027039,0.9932749271392822,0.9794301390647888
repeat1_fold2,MMdata_272.75s_0327_174501_2ml,120.0,24,54,0.4537037037037037,1,1,1,0.9982543587684631,0.38349851965904236,0.61650151014328,0.9450777173042297,0.8902106881141663,0.805939257144928,0.9934439659118652,0.9868954420089722,0.963998019695282
repeat1_fold2,MMdata_272.75s_0327_174501_2ml,125.0,25,54,0.4722222222222222,1,1,1,0.9981010556221008,0.3781134784221649,0.6218864917755127,0.9252076745033264,0.8504730463027954,0.7575728297233582,0.9923702478408813,0.984748125076294,0.9591656923294067
repeat1_fold2,MMdata_272.75s_0327_174501_2ml,130.0,26,54,0.49074074074074076,1,1,1,0.9981377124786377,0.3915862739086151,0.6084137558937073,0.9656035900115967,0.9312652349472046,0.8633404970169067,0.9893838763237,0.9787761569023132,0.9464036226272583
repeat1_fold2,MMdata_272.75s_0327_174501_2ml,135.0,27,54,0.5092592592592593,1,1,1,0.9981796741485596,0.3652045428752899,0.6347954273223877,0.9180147647857666,0.8360869884490967,0.741431713104248,0.9957200884819031,0.9914490580558777,0.9748083353042603
repeat1_fold2,MMdata_272.75s_0327_174501_2ml,140.0,28,54,0.5277777777777778,1,1,1,0.9981719255447388,0.3870173692703247,0.6129825711250305,0.9452465176582336,0.8905485272407532,0.8063752055168152,0.9910518527030945,0.9821111559867859,0.9534226655960083
repeat1_fold2,MMdata_272.75s_0327_174501_2ml,145.0,29,54,0.5462962962962963,1,1,1,0.9981780052185059,0.3668875992298126,0.6331124305725098,0.9166739583015442,0.8334054350852966,0.7384936809539795,0.9953486323356628,0.9907054901123047,0.9729830026626587
repeat1_fold2,MMdata_272.75s_0327_174501_2ml,150.0,30,54,0.5648148148148148,1,1,1,0.9981988072395325,0.39170506596565247,0.6082949638366699,0.9766618013381958,0.95338374376297,0.8988000750541687,0.990643322467804,0.9812948703765869,0.9516748189926147
repeat1_fold2,MMdata_272.75s_0327_174501_2ml,155.0,31,54,0.5833333333333334,1,1,1,0.9981291890144348,0.35350120067596436,0.6464987993240356,0.9130995273590088,0.8262607455253601,0.7307364344596863,0.9967413544654846,0.993492066860199,0.9799946546554565
repeat1_fold2,MMdata_272.75s_0327_174501_2ml,160.0,32,54,0.6018518518518519,1,1,1,0.9980897307395935,0.38699227571487427,0.613007664680481,0.9312754273414612,0.8626081347465515,0.7717204689979553,0.9896239638328552,0.9792553782463074,0.9474036693572998
repeat1_fold2,MMdata_272.75s_0327_174501_2ml,165.0,33,54,0.6203703703703703,1,1,1,0.998124897480011,0.36369088292121887,0.6363090872764587,0.9155165553092957,0.8310931921005249,0.7359572649002075,0.9953402280807495,0.9906895160675049,0.9729374647140503
repeat1_fold2,MMdata_272.75s_0327_174501_2ml,170.0,34,54,0.6388888888888888,1,1,1,0.998145341873169,0.38065239787101746,0.6193476319313049,0.9714335203170776,0.9429334402084351,0.8814941644668579,0.9922122955322266,0.984432578086853,0.9584646224975586
repeat1_fold2,MMdata_272.75s_0327_174501_2ml,175.0,35,54,0.6574074074074074,1,1,1,0.9981716871261597,0.36419522762298584,0.6358047127723694,0.921489953994751,0.8430411219596863,0.7491251230239868,0.9954527616500854,0.9909136295318604,0.9734935760498047
repeat1_fold2,MMdata_272.75s_0327_174501_2ml,180.0,36,54,0.6759259259259259,1,1,1,0.9981216788291931,0.38986071944236755,0.6101393103599548,0.943375289440155,0.8868060111999512,0.8015522360801697,0.9896406531333923,0.979289174079895,0.9474700689315796
repeat1_fold2,MMdata_272.75s_0327_174501_2ml,185.0,37,54,0.6944444444444444,1,1,1,0.9981756210327148,0.3629193902015686,0.6370806694030762,0.9226462841033936,0.8453513383865356,0.7517423629760742,0.9958294034004211,0.9916673302650452,0.9753538370132446
repeat1_fold2,MMdata_272.75s_0327_174501_2ml,190.0,38,54,0.7129629629629629,1,1,1,0.9982195496559143,0.37737607955932617,0.6226239204406738,0.9649112224578857,0.9298822283744812,0.8612341284751892,0.9936628341674805,0.987334132194519,0.9649956822395325
repeat1_fold2,MMdata_272.75s_0327_174501_2ml,195.0,39,54,0.7314814814814815,1,1,1,0.9980498552322388,0.3837133049964905,0.6162866950035095,0.9222082495689392,0.8444732427597046,0.7507680058479309,0.9906398057937622,0.9812871813774109,0.951664924621582
repeat1_fold2,MMdata_272.75s_0327_174501_2ml,200.0,40,54,0.75,1,1,1,0.9977982044219971,0.39786168932914734,0.602138340473175,0.9649412631988525,0.929955780506134,0.8612487316131592,0.980355978012085,0.960719108581543,0.9119665622711182
repeat1_fold2,MMdata_272.75s_0327_174501_2ml,205.0,41,54,0.7685185185185185,1,1,1,0.9980701804161072,0.37821105122566223,0.6217889189720154,0.9221932291984558,0.844444751739502,0.7507237195968628,0.9917883276939392,0.9835841059684753,0.9566071629524231
repeat1_fold2,MMdata_272.75s_0327_174501_2ml,210.0,42,54,0.7870370370370371,1,1,1,0.9982014894485474,0.38499733805656433,0.6150026321411133,0.9551532864570618,0.9103628396987915,0.8329846858978271,0.9915629625320435,0.98313307762146,0.9556285738945007
repeat1_fold2,MMdata_272.75s_0327_174501_2ml,215.0,43,54,0.8055555555555556,1,1,1,0.9982082843780518,0.36681702733039856,0.633182942867279,0.9299399852752686,0.8599388003349304,0.7685539126396179,0.995468258857727,0.9909443259239197,0.9735705256462097
repeat1_fold2,MMdata_272.75s_0327_174501_2ml,220.0,44,54,0.8240740740740741,1,1,1,0.9979731440544128,0.39561107754707336,0.604388952255249,0.9423497319221497,0.8847561478614807,0.798926591873169,0.9847723245620728,0.9695526957511902,0.9281803369522095
repeat1_fold2,MMdata_272.75s_0327_174501_2ml,225.0,45,54,0.8425925925925926,1,1,1,0.9981634020805359,0.3610393702983856,0.638960599899292,0.9207613468170166,0.8415828347206116,0.7475014925003052,0.9959476590156555,0.9919039011001587,0.9759439826011658
repeat1_fold2,MMdata_272.75s_0327_174501_2ml,230.0,46,54,0.8611111111111112,1,1,1,0.9981672763824463,0.3869839608669281,0.6130160093307495,0.9747602343559265,0.9495846629142761,0.8923805356025696,0.9910410046577454,0.9820896983146667,0.9533742666244507
repeat1_fold2,MMdata_272.75s_0327_174501_2ml,235.0,47,54,0.8796296296296297,1,1,1,0.9979327917098999,0.38433441519737244,0.61566561460495,0.9099910855293274,0.820044219493866,0.7241318821907043,0.988280177116394,0.9765674471855164,0.9419063329696655
repeat1_fold2,MMdata_272.75s_0327_174501_2ml,240.0,48,54,0.8981481481481481,1,1,1,0.9979384541511536,0.3955630958080292,0.6044368743896484,0.949181079864502,0.8984219431877136,0.8166940808296204,0.9839684963226318,0.9679442644119263,0.9251534342765808
repeat1_fold2,MMdata_272.75s_0327_174501_2ml,245.0,49,54,0.9166666666666666,1,1,1,0.9981751441955566,0.3633299767971039,0.6366700530052185,0.923748791217804,0.8475565314292908,0.7542372345924377,0.9957103729248047,0.9914291501045227,0.9747623801231384
repeat1_fold2,MMdata_272.75s_0327_174501_2ml,250.0,50,54,0.9351851851851852,1,1,1,0.9981135129928589,0.39062315225601196,0.6093769073486328,0.9656198620796204,0.9313008785247803,0.8633717894554138,0.989544689655304,0.9790971279144287,0.9470725655555725
repeat1_fold2,MMdata_272.75s_0327_174501_2ml,255.0,51,54,0.9537037037037037,1,1,1,0.9982234835624695,0.37100648880004883,0.6289935111999512,0.9371513724327087,0.8743607997894287,0.7859137058258057,0.9948270916938782,0.9896618127822876,0.9704642295837402
repeat1_fold2,MMdata_272.75s_0327_174501_2ml,260.0,52,54,0.9722222222222222,1,1,1,0.9980015158653259,0.3956219255924225,0.6043780446052551,0.9458876252174377,0.8918313384056091,0.8080378174781799,0.9859319925308228,0.9718725085258484,0.9326202273368835
repeat1_fold2,MMdata_272.75s_0327_174501_2ml,265.0,53,54,0.9907407407407407,1,1,1,0.9980974793434143,0.3517223298549652,0.6482776403427124,0.9007192254066467,0.801499605178833,0.7050706744194031,0.996816098690033,0.9936419129371643,0.9803828001022339
repeat1_fold2,MMdata_318.75s_0327_175326_no,0.0,0,63,0.007936507936507936,0,0,1,0.9942448735237122,0.0402013324201107,0.9597986936569214,0.8932137489318848,0.7864837050437927,0.6903150677680969,0.9996923208236694,0.9994694590568542,0.9972895979881287
repeat1_fold2,MMdata_318.75s_0327_175326_no,5.0,1,63,0.023809523809523808,0,1,0,0.9695643782615662,0.20982226729393005,0.7901777029037476,0.888592004776001,0.7772396802902222,0.681482195854187,0.9896899461746216,0.9806790947914124,0.9441784024238586
repeat1_fold2,MMdata_318.75s_0327_175326_no,10.0,2,63,0.03968253968253968,0,0,1,0.9981603026390076,0.035494785755872726,0.9645052552223206,0.6886729598045349,0.3773999810218811,0.43503230810165405,0.9999004602432251,0.9998267889022827,0.9990227818489075
repeat1_fold2,MMdata_318.75s_0327_175326_no,15.0,3,63,0.05555555555555555,0,1,0,0.995853066444397,0.27837935090065,0.7216206789016724,0.889172375202179,0.778401792049408,0.6825712323188782,0.999116837978363,0.9983730316162109,0.9931933283805847
repeat1_fold2,MMdata_318.75s_0327_175326_no,20.0,4,63,0.07142857142857142,0,1,0,0.758106529712677,0.1645766794681549,0.8354233503341675,0.9290000796318054,0.8580549359321594,0.7663737535476685,0.742832601070404,0.49003803730010986,0.46093374490737915
repeat1_fold2,MMdata_318.75s_0327_175326_no,25.0,5,63,0.0873015873015873,0,1,0,0.9980992674827576,0.34482166171073914,0.6551783084869385,0.914833128452301,0.8297241926193237,0.7344908714294434,0.9978505373001099,0.9957129955291748,0.9859603047370911
repeat1_fold2,MMdata_318.75s_0327_175326_no,30.0,6,63,0.10317460317460317,0,1,0,0.9969503283500671,0.27451035380363464,0.725489616394043,0.899071455001831,0.7982007265090942,0.7017983198165894,0.9992565512657166,0.9985761642456055,0.9942523241043091
repeat1_fold2,MMdata_318.75s_0327_175326_no,35.0,7,63,0.11904761904761904,0,0,1,0.6810130476951599,0.08949989825487137,0.9105001091957092,0.7331221103668213,0.4662971794605255,0.47148454189300537,0.6413301825523376,0.28336629271507263,0.4012879729270935
repeat1_fold2,MMdata_318.75s_0327_175326_no,40.0,8,63,0.1349206349206349,0,1,0,0.9320592880249023,0.20290826261043549,0.7970917820930481,0.9443286061286926,0.8887113332748413,0.8040109276771545,0.9600757360458374,0.9231454730033875,0.837670087814331
repeat1_fold2,MMdata_318.75s_0327_175326_no,45.0,9,63,0.15079365079365079,0,1,0,0.980499804019928,0.2906031012535095,0.7093968987464905,0.9255672097206116,0.8511890769004822,0.758417010307312,0.9873513579368591,0.980545163154602,0.9302972555160522
repeat1_fold2,MMdata_318.75s_0327_175326_no,50.0,10,63,0.16666666666666666,0,1,0,0.9975329637527466,0.2975716292858124,0.7024283409118652,0.8967127799987793,0.7934842705726624,0.6971231698989868,0.999103844165802,0.9982401132583618,0.9933342933654785
repeat1_fold2,MMdata_318.75s_0327_175326_no,55.0,11,63,0.18253968253968253,0,1,0,0.9975353479385376,0.3128632605075836,0.6871367692947388,0.9063597917556763,0.8127769231796265,0.7165861129760742,0.9988982677459717,0.99782794713974,0.9920379519462585
repeat1_fold2,MMdata_318.75s_0327_175326_no,60.0,12,63,0.1984126984126984,0,1,0,0.9977645874023438,0.3291631042957306,0.6708369255065918,0.9375954270362854,0.8752458691596985,0.7870261669158936,0.9980474710464478,0.9961239099502563,0.9870002269744873
repeat1_fold2,MMdata_318.75s_0327_175326_no,65.0,13,63,0.21428571428571427,0,1,0,0.9980558156967163,0.341081440448761,0.658918559551239,0.9046769738197327,0.8094123601913452,0.713115930557251,0.997961163520813,0.9959349036216736,0.986579179763794
repeat1_fold2,MMdata_318.75s_0327_175326_no,70.0,14,63,0.23015873015873015,0,1,0,0.9962463974952698,0.25881776213645935,0.7411822080612183,0.8932902216911316,0.786638617515564,0.6904494166374207,0.9993675351142883,0.9988406300544739,0.9949244260787964
repeat1_fold2,MMdata_318.75s_0327_175326_no,75.0,15,63,0.24603174603174602,0,1,0,0.9978070855140686,0.32541048526763916,0.6745895147323608,0.906783401966095,0.8136253356933594,0.7174553871154785,0.9986097812652588,0.9972395300865173,0.9903166890144348
repeat1_fold2,MMdata_318.75s_0327_175326_no,80.0,16,63,0.2619047619047619,0,1,0,0.9980085492134094,0.3440166711807251,0.6559832692146301,0.9291359186172485,0.8583272099494934,0.7666873931884766,0.9974330067634583,0.9948819279670715,0.9836410880088806
repeat1_fold2,MMdata_318.75s_0327_175326_no,85.0,17,63,0.2777777777777778,0,1,0,0.998005211353302,0.3358605206012726,0.6641395092010498,0.9004530310630798,0.8009645938873291,0.7045540809631348,0.9982253909111023,0.9964648485183716,0.9880795478820801
repeat1_fold2,MMdata_318.75s_0327_175326_no,90.0,18,63,0.29365079365079366,0,1,0,0.992712676525116,0.22814200818538666,0.7718579769134521,0.9097970128059387,0.8196507096290588,0.7237588167190552,0.9990401864051819,0.9985339045524597,0.9924517869949341
repeat1_fold2,MMdata_318.75s_0327_175326_no,95.0,19,63,0.30952380952380953,0,1,0,0.9980546236038208,0.3441242277622223,0.6558758020401001,0.9191880822181702,0.8384347558021545,0.7440130710601807,0.997808039188385,0.9956284165382385,0.9857206344604492
repeat1_fold2,MMdata_318.75s_0327_175326_no,100.0,20,63,0.3253968253968254,0,1,0,0.9980138540267944,0.3556485176086426,0.6443514823913574,0.9098631739616394,0.8197826147079468,0.7239013910293579,0.9965577721595764,0.9931281208992004,0.9790261387825012
repeat1_fold2,MMdata_318.75s_0327_175326_no,105.0,21,63,0.3412698412698413,0,1,0,0.9975772500038147,0.3268219828605652,0.6731780171394348,0.9097985029220581,0.8196531534194946,0.7237658500671387,0.9985174536705017,0.9970653653144836,0.9897258281707764
repeat1_fold2,MMdata_318.75s_0327_175326_no,110.0,22,63,0.35714285714285715,0,1,0,0.9968512654304504,0.2746390104293823,0.7253609299659729,0.9091678261756897,0.8183934688568115,0.7224301099777222,0.9992533326148987,0.9985787868499756,0.9942119717597961
repeat1_fold2,MMdata_318.75s_0327_175326_no,115.0,23,63,0.373015873015873,0,1,0,0.9975253939628601,0.3223685920238495,0.6776314377784729,0.9157735109329224,0.8316033482551575,0.7365399599075317,0.9986622333526611,0.9973567724227905,0.9905877709388733
repeat1_fold2,MMdata_318.75s_0327_175326_no,120.0,24,63,0.3888888888888889,0,1,0,0.9971099495887756,0.3342762291431427,0.6657237410545349,0.9167213439941406,0.833497166633606,0.7386170029640198,0.9969135522842407,0.9938821196556091,0.9807038307189941
repeat1_fold2,MMdata_318.75s_0327_175326_no,125.0,25,63,0.40476190476190477,0,1,0,0.9980870485305786,0.34548911452293396,0.6545108556747437,0.9110736846923828,0.8222055435180664,0.7264443635940552,0.997794508934021,0.9956008791923523,0.9856473207473755
repeat1_fold2,MMdata_318.75s_0327_175326_no,130.0,26,63,0.42063492063492064,0,1,0,0.9975335597991943,0.3008757531642914,0.699124276638031,0.9094851613044739,0.8190277218818665,0.7230982780456543,0.9990538954734802,0.9981419444084167,0.993009090423584
repeat1_fold2,MMdata_318.75s_0327_175326_no,135.0,27,63,0.4365079365079365,0,1,0,0.9980502128601074,0.344804048538208,0.6551960110664368,0.9274669885635376,0.8549918532371521,0.7627803087234497,0.9977959394454956,0.9956052899360657,0.9856487512588501
repeat1_fold2,MMdata_318.75s_0327_175326_no,140.0,28,63,0.4523809523809524,0,1,0,0.9980679154396057,0.3473459780216217,0.6526540517807007,0.9163044691085815,0.8326643109321594,0.7377010583877563,0.9974746108055115,0.9949631690979004,0.9838767051696777
repeat1_fold2,MMdata_318.75s_0327_175326_no,145.0,29,63,0.46825396825396826,0,1,0,0.9979426264762878,0.3327334225177765,0.6672666072845459,0.9040178656578064,0.8080939650535583,0.7117699980735779,0.9982913136482239,0.9965988993644714,0.9884516000747681
repeat1_fold2,MMdata_318.75s_0327_175326_no,150.0,30,63,0.48412698412698413,0,1,0,0.9952247142791748,0.2455786019563675,0.7544214129447937,0.9109078049659729,0.8218726515769958,0.7261006236076355,0.9993166923522949,0.9988331198692322,0.9944687485694885
repeat1_fold2,MMdata_318.75s_0327_175326_no,155.0,31,63,0.5,0,1,0,0.9981088638305664,0.3529564440250397,0.6470435857772827,0.9031956195831299,0.8064495921134949,0.7100926637649536,0.9971166849136353,0.994243323802948,0.981968343257904
repeat1_fold2,MMdata_318.75s_0327_175326_no,160.0,32,63,0.5158730158730159,0,1,0,0.997999370098114,0.3677058517932892,0.6322941184043884,0.920311689376831,0.8406786322593689,0.7465306520462036,0.9950695037841797,0.9901511669158936,0.9716048836708069
repeat1_fold2,MMdata_318.75s_0327_175326_no,165.0,33,63,0.5317460317460317,0,1,0,0.9979968667030334,0.33654046058654785,0.6634595394134521,0.9018822312355042,0.8038234710693359,0.7074273228645325,0.9980975985527039,0.9962092041969299,0.9873465299606323
repeat1_fold2,MMdata_318.75s_0327_175326_no,170.0,34,63,0.5476190476190477,0,1,0,0.9975981116294861,0.30238765478134155,0.6976122856140137,0.9064117670059204,0.8128820061683655,0.7166867256164551,0.9990405440330505,0.9981102347373962,0.9929397702217102
repeat1_fold2,MMdata_318.75s_0327_175326_no,175.0,35,63,0.5634920634920635,0,1,0,0.9980466365814209,0.3496479392051697,0.6503520607948303,0.9143396019935608,0.8287363648414612,0.7334308624267578,0.9975370168685913,0.9950867891311646,0.9842227697372437
repeat1_fold2,MMdata_318.75s_0327_175326_no,180.0,36,63,0.5793650793650794,0,1,0,0.9980721473693848,0.36496248841285706,0.6350374817848206,0.9258332252502441,0.8517217636108398,0.7590236663818359,0.9957104921340942,0.9914324879646301,0.9747456312179565
repeat1_fold2,MMdata_318.75s_0327_175326_no,185.0,37,63,0.5952380952380952,0,1,0,0.9962025284767151,0.31400758028030396,0.6859924793243408,0.9170486330986023,0.8341516256332397,0.73933345079422,0.9982514977455139,0.9966262578964233,0.9878990650177002
repeat1_fold2,MMdata_318.75s_0327_175326_no,190.0,38,63,0.6111111111111112,0,1,0,0.9976927042007446,0.3079795241355896,0.6920204758644104,0.9032679796218872,0.8065942525863647,0.7102407217025757,0.998938262462616,0.997901439666748,0.9923083782196045
repeat1_fold2,MMdata_318.75s_0327_175326_no,195.0,39,63,0.626984126984127,0,1,0,0.9980402588844299,0.34536150097846985,0.6546384692192078,0.8918360471725464,0.7837308049201965,0.6876426935195923,0.9977109432220459,0.9954335689544678,0.9851842522621155
repeat1_fold2,MMdata_318.75s_0327_175326_no,200.0,40,63,0.6428571428571429,0,1,0,0.9980700612068176,0.37384286522865295,0.6261571049690247,0.9187377095222473,0.8375304937362671,0.7430405020713806,0.9944776296615601,0.9889653325080872,0.9687867760658264
repeat1_fold2,MMdata_318.75s_0327_175326_no,205.0,41,63,0.6587301587301587,0,1,0,0.9971442818641663,0.3245666027069092,0.6754333972930908,0.919220507144928,0.8384958505630493,0.7441104650497437,0.9983102083206177,0.9966772198677063,0.9884193539619446
repeat1_fold2,MMdata_318.75s_0327_175326_no,210.0,42,63,0.6746031746031746,0,1,0,0.9969872832298279,0.2828926146030426,0.717107355594635,0.9105299115180969,0.8211166858673096,0.7253023386001587,0.9992679953575134,0.9986000657081604,0.9943259358406067
repeat1_fold2,MMdata_318.75s_0327_175326_no,215.0,43,63,0.6904761904761905,0,1,0,0.997740626335144,0.3335364758968353,0.6664634943008423,0.9125424027442932,0.825141429901123,0.7295784950256348,0.9983333945274353,0.9966903924942017,0.9886665344238281
repeat1_fold2,MMdata_318.75s_0327_175326_no,220.0,44,63,0.7063492063492064,0,1,0,0.998038113117218,0.36668822169303894,0.6333117485046387,0.9259954690933228,0.8520458936691284,0.7593989372253418,0.9954091906547546,0.990830659866333,0.9732561707496643
repeat1_fold2,MMdata_318.75s_0327_175326_no,225.0,45,63,0.7222222222222222,0,1,0,0.9784497618675232,0.3238345682621002,0.6761654019355774,0.9151800274848938,0.8304163813591003,0.7352522611618042,0.9626278877258301,0.9331211447715759,0.8373118042945862
repeat1_fold2,MMdata_318.75s_0327_175326_no,230.0,46,63,0.7380952380952381,0,1,0,0.9976589679718018,0.31016165018081665,0.6898383498191833,0.9158048033714294,0.8316672444343567,0.7365992069244385,0.998890221118927,0.9978094100952148,0.9919954538345337
repeat1_fold2,MMdata_318.75s_0327_175326_no,235.0,47,63,0.753968253968254,0,1,0,0.997401237487793,0.3291560411453247,0.6708438992500305,0.9206548929214478,0.8413642048835754,0.747301459312439,0.99847012758255,0.9969804286956787,0.989412248134613
repeat1_fold2,MMdata_318.75s_0327_175326_no,240.0,48,63,0.7698412698412699,0,1,0,0.9971412420272827,0.36921167373657227,0.6307883262634277,0.9288234710693359,0.8577010631561279,0.7659640908241272,0.9921236634254456,0.9842896461486816,0.9578912854194641
repeat1_fold2,MMdata_318.75s_0327_175326_no,245.0,49,63,0.7857142857142857,0,1,0,0.9980388283729553,0.3389689326286316,0.6610310673713684,0.8955973386764526,0.7912526726722717,0.6949397325515747,0.9980975985527039,0.9962074756622314,0.9873538017272949
repeat1_fold2,MMdata_318.75s_0327_175326_no,250.0,50,63,0.8015873015873016,0,1,0,0.9977772831916809,0.31428036093711853,0.6857196092605591,0.9076286554336548,0.8153165578842163,0.719204306602478,0.9988168478012085,0.9976563453674316,0.9915632605552673
repeat1_fold2,MMdata_318.75s_0327_175326_no,255.0,51,63,0.8174603174603174,0,1,0,0.9980400204658508,0.3506423532962799,0.6493576765060425,0.9040231704711914,0.8081030249595642,0.7117903232574463,0.9976015686988831,0.995215654373169,0.9845768809318542
repeat1_fold2,MMdata_318.75s_0327_175326_no,260.0,52,63,0.8333333333333334,0,1,0,0.9980902075767517,0.36381083726882935,0.6361891627311707,0.9375079274177551,0.875071108341217,0.7868092656135559,0.9959724545478821,0.9919570684432983,0.9760494232177734
repeat1_fold2,MMdata_318.75s_0327_175326_no,265.0,53,63,0.8492063492063492,0,1,0,0.9979914426803589,0.33669185638427734,0.6633080840110779,0.8998124599456787,0.7996821403503418,0.7032811045646667,0.9981434345245361,0.9963012337684631,0.9876064658164978
repeat1_fold2,MMdata_318.75s_0327_175326_no,270.0,54,63,0.8650793650793651,0,1,0,0.9977025389671326,0.30956733226776123,0.6904326677322388,0.8993560075759888,0.7987712025642395,0.7023561000823975,0.9989120960235596,0.9978487491607666,0.9921460747718811
repeat1_fold2,MMdata_318.75s_0327_175326_no,275.0,55,63,0.8809523809523809,0,1,0,0.9978679418563843,0.3394726514816284,0.6605273485183716,0.9280151128768921,0.8560857772827148,0.764068603515625,0.9982477426528931,0.9965161681175232,0.9881812930107117
repeat1_fold2,MMdata_318.75s_0327_175326_no,280.0,56,63,0.8968253968253969,0,1,0,0.9973914623260498,0.3681943118572235,0.6318057179450989,0.9411699175834656,0.8823963403701782,0.7959378957748413,0.9932072758674622,0.986444890499115,0.9627959728240967
repeat1_fold2,MMdata_318.75s_0327_175326_no,285.0,57,63,0.9126984126984127,0,1,0,0.9974827170372009,0.3073592483997345,0.6926407217979431,0.8845202922821045,0.7690985202789307,0.6738437414169312,0.9989206790924072,0.9978747963905334,0.9921707510948181
repeat1_fold2,MMdata_318.75s_0327_175326_no,290.0,58,63,0.9285714285714286,0,1,0,0.990715503692627,0.27715274691581726,0.7228472828865051,0.9308964610099792,0.8618471622467041,0.7708424925804138,0.9973506927490234,0.9956700801849365,0.9816998839378357
repeat1_fold2,MMdata_318.75s_0327_175326_no,295.0,59,63,0.9444444444444444,0,1,0,0.9981479644775391,0.35275140404701233,0.6472486257553101,0.9343422651290894,0.8687426447868347,0.7790614366531372,0.9974690675735474,0.9949489235877991,0.98386150598526
repeat1_fold2,MMdata_318.75s_0327_175326_no,300.0,60,63,0.9603174603174603,0,1,0,0.9980625510215759,0.35647180676460266,0.643528163433075,0.9260560870170593,0.8521676659584045,0.759535551071167,0.9967579245567322,0.9935286045074463,0.9800633192062378
repeat1_fold2,MMdata_318.75s_0327_175326_no,305.0,61,63,0.9761904761904762,0,1,0,0.9954597353935242,0.2590360939502716,0.7409639358520508,0.8681514263153076,0.736361026763916,0.644648551940918,0.9992493987083435,0.9986627697944641,0.9940431714057922
repeat1_fold2,MMdata_318.75s_0327_175326_no,310.0,62,63,0.9920634920634921,0,1,0,0.9978947043418884,0.3228279650211334,0.6771720051765442,0.9145288467407227,0.8291153907775879,0.7338351011276245,0.9986781477928162,0.9973751902580261,0.9907321929931641
repeat1_fold2,MMdata_660.75s_0327_164500_no_secretion,0.0,0,132,0.003787878787878788,0,0,1,0.9988597631454468,0.043094854801893234,0.9569051861763,0.5103933215141296,0.02083587646484375,0.36880922317504883,0.9999468326568604,0.9999080300331116,0.9994471669197083
repeat1_fold2,MMdata_660.75s_0327_164500_no_secretion,5.0,1,132,0.011363636363636364,0,0,1,0.9986476302146912,0.04017407447099686,0.9598259329795837,0.5948752760887146,0.18980136513710022,0.3850950598716736,0.9999370574951172,0.9998920559883118,0.9993544816970825
repeat1_fold2,MMdata_660.75s_0327_164500_no_secretion,10.0,2,132,0.01893939393939394,0,0,1,0.9988414645195007,0.041537728160619736,0.9584623575210571,0.5364238023757935,0.07289761304855347,0.37102609872817993,0.9999465942382812,0.999909520149231,0.9994433522224426
repeat1_fold2,MMdata_660.75s_0327_164500_no_secretion,15.0,3,132,0.026515151515151516,0,0,1,0.9988190531730652,0.04075884446501732,0.9592411518096924,0.5863375067710876,0.1727258861064911,0.3822457194328308,0.9999456405639648,0.9999099969863892,0.9994324445724487
repeat1_fold2,MMdata_660.75s_0327_164500_no_secretion,20.0,4,132,0.03409090909090909,0,0,1,0.9988580942153931,0.043203167617321014,0.9567968249320984,0.5124955773353577,0.025040268898010254,0.3688983917236328,0.9999465942382812,0.9999075531959534,0.9994455575942993
repeat1_fold2,MMdata_660.75s_0327_164500_no_secretion,25.0,5,132,0.041666666666666664,0,0,1,0.9987242817878723,0.040805455297231674,0.959194540977478,0.5739349722862244,0.14792007207870483,0.3785998225212097,0.9999412298202515,0.9998986721038818,0.9993940591812134
repeat1_fold2,MMdata_660.75s_0327_164500_no_secretion,30.0,6,132,0.04924242424242424,0,0,1,0.9988068342208862,0.04132506623864174,0.958674967288971,0.544012188911438,0.08807441592216492,0.37214040756225586,0.9999445676803589,0.9999051094055176,0.9994248747825623
repeat1_fold2,MMdata_660.75s_0327_164500_no_secretion,35.0,7,132,0.056818181818181816,0,0,1,0.9988051652908325,0.040917765349149704,0.9590822458267212,0.5758336186408997,0.15171802043914795,0.379116415977478,0.999944806098938,0.9999067783355713,0.9994261860847473
repeat1_fold2,MMdata_660.75s_0327_164500_no_secretion,40.0,8,132,0.06439393939393939,0,0,1,0.9988582134246826,0.04302997142076492,0.9569700360298157,0.506968080997467,0.013985604047775269,0.36869895458221436,0.9999467134475708,0.9999077916145325,0.9994462728500366
repeat1_fold2,MMdata_660.75s_0327_164500_no_secretion,45.0,9,132,0.07196969696969698,0,0,1,0.9986586570739746,0.039943017065525055,0.9600569605827332,0.5987333059310913,0.1975175440311432,0.38647204637527466,0.9999384880065918,0.9998950958251953,0.9993665218353271
repeat1_fold2,MMdata_660.75s_0327_164500_no_secretion,50.0,10,132,0.07954545454545454,0,0,1,0.998826801776886,0.04093059524893761,0.9590694308280945,0.560091495513916,0.12023335695266724,0.3751983046531677,0.9999462366104126,0.9999098777770996,0.9994389414787292
repeat1_fold2,MMdata_660.75s_0327_164500_no_secretion,55.0,11,132,0.08712121212121213,0,0,1,0.9988270401954651,0.0415412001311779,0.9584588408470154,0.555578887462616,0.11120817065238953,0.37424230575561523,0.9999456405639648,0.9999074339866638,0.9994354248046875
repeat1_fold2,MMdata_660.75s_0327_164500_no_secretion,60.0,12,132,0.0946969696969697,0,0,1,0.9988667964935303,0.04287843778729439,0.9571216106414795,0.5025855302810669,0.005220472812652588,0.36862295866012573,0.9999476671218872,0.9999107122421265,0.9994540214538574
repeat1_fold2,MMdata_660.75s_0327_164500_no_secretion,65.0,13,132,0.10227272727272728,0,0,1,0.9986338019371033,0.03996305540204048,0.9600369334220886,0.5812978148460388,0.16264641284942627,0.38069331645965576,0.9999366998672485,0.9998910427093506,0.9993517994880676
repeat1_fold2,MMdata_660.75s_0327_164500_no_secretion,70.0,14,132,0.10984848484848485,0,0,1,0.9987924098968506,0.04104912281036377,0.9589508771896362,0.5502893328666687,0.10062903165817261,0.37321943044662476,0.999943733215332,0.999903678894043,0.9994161128997803
repeat1_fold2,MMdata_660.75s_0327_164500_no_secretion,75.0,15,132,0.11742424242424243,0,0,1,0.9988258481025696,0.0411747582256794,0.9588252902030945,0.5757620930671692,0.15157505869865417,0.3790953755378723,0.999946117401123,0.9999091625213623,0.9994385242462158
repeat1_fold2,MMdata_660.75s_0327_164500_no_secretion,80.0,16,132,0.125,0,0,1,0.9988692402839661,0.04332898184657097,0.9566709995269775,0.5107132196426392,0.021476060152053833,0.36881935596466064,0.9999470710754395,0.9999087452888489,0.9994491338729858
repeat1_fold2,MMdata_660.75s_0327_164500_no_secretion,85.0,17,132,0.13257575757575757,0,0,1,0.9986640214920044,0.040304601192474365,0.9596953988075256,0.5871075391769409,0.17426544427871704,0.3824949860572815,0.9999380111694336,0.9998936653137207,0.9993628859519958
repeat1_fold2,MMdata_660.75s_0327_164500_no_secretion,90.0,18,132,0.14015151515151514,0,0,1,0.9988006353378296,0.0410596989095211,0.9589402675628662,0.5423089861869812,0.08466821908950806,0.37187063694000244,0.9999445676803589,0.9999052286148071,0.999424934387207
repeat1_fold2,MMdata_660.75s_0327_164500_no_secretion,95.0,19,132,0.14772727272727273,0,0,1,0.9988515377044678,0.04155553877353668,0.9584444761276245,0.5655186772346497,0.13108786940574646,0.37644487619400024,0.9999474287033081,0.9999117851257324,0.9994503855705261
repeat1_fold2,MMdata_660.75s_0327_164500_no_secretion,100.0,20,132,0.1553030303030303,0,0,1,0.9988730549812317,0.04233673959970474,0.9576632380485535,0.535660445690155,0.07137194275856018,0.37091708183288574,0.999948263168335,0.9999155402183533,0.9994572401046753
repeat1_fold2,MMdata_660.75s_0327_164500_no_secretion,105.0,21,132,0.16287878787878787,0,0,1,0.998663067817688,0.04022041708230972,0.9597796201705933,0.5839495658874512,0.16794928908348083,0.3815031051635742,0.9999383687973022,0.9998944997787476,0.9993661642074585
repeat1_fold2,MMdata_660.75s_0327_164500_no_secretion,110.0,22,132,0.17045454545454544,0,0,1,0.9988054037094116,0.04085114970803261,0.9591488242149353,0.5614063143730164,0.12286323308944702,0.37548792362213135,0.9999450445175171,0.9999058246612549,0.9994298219680786
repeat1_fold2,MMdata_660.75s_0327_164500_no_secretion,115.0,23,132,0.17803030303030304,0,0,1,0.9988319277763367,0.04197213053703308,0.9580278992652893,0.5486518740653992,0.09735378623008728,0.37292546033859253,0.9999457597732544,0.9999069571495056,0.9994372129440308
repeat1_fold2,MMdata_660.75s_0327_164500_no_secretion,120.0,24,132,0.1856060606060606,0,0,1,0.998862624168396,0.04340483620762825,0.9565951824188232,0.5133346319198608,0.026718586683273315,0.36893635988235474,0.9999467134475708,0.9999078512191772,0.999446451663971
repeat1_fold2,MMdata_660.75s_0327_164500_no_secretion,125.0,25,132,0.19318181818181818,0,0,1,0.9986901879310608,0.04012199491262436,0.9598779678344727,0.5820205807685852,0.1640911102294922,0.3809168338775635,0.9999405145645142,0.9998981356620789,0.9993865489959717
repeat1_fold2,MMdata_660.75s_0327_164500_no_secretion,130.0,26,132,0.20075757575757575,0,0,1,0.9987931251525879,0.040108390152454376,0.9598916172981262,0.5811237096786499,0.16229870915412903,0.3806367516517639,0.9999456405639648,0.9999080300331116,0.9994330406188965
repeat1_fold2,MMdata_660.75s_0327_164500_no_secretion,135.0,27,132,0.20833333333333334,0,0,1,0.9988321661949158,0.04160045459866524,0.9583995938301086,0.561113178730011,0.12227657437324524,0.3754259943962097,0.999946117401123,0.9999080300331116,0.99944007396698
repeat1_fold2,MMdata_660.75s_0327_164500_no_secretion,140.0,28,132,0.2159090909090909,0,0,1,0.9988634586334229,0.043200958520174026,0.9567990303039551,0.5028020739555359,0.005654096603393555,0.3686205744743347,0.9999469518661499,0.9999088048934937,0.9994478821754456
repeat1_fold2,MMdata_660.75s_0327_164500_no_secretion,145.0,29,132,0.22348484848484848,0,0,1,0.998615026473999,0.039458345621824265,0.9605416655540466,0.5989621877670288,0.19797518849372864,0.38655656576156616,0.9999356269836426,0.9998900890350342,0.999340295791626
repeat1_fold2,MMdata_660.75s_0327_164500_no_secretion,150.0,30,132,0.23106060606060605,0,0,1,0.9987809062004089,0.04040510579943657,0.9595949053764343,0.5719699263572693,0.14399099349975586,0.37806594371795654,0.9999440908432007,0.9999041557312012,0.999419629573822
repeat1_fold2,MMdata_660.75s_0327_164500_no_secretion,155.0,31,132,0.23863636363636365,0,0,1,0.9988454580307007,0.041292209178209305,0.9587078094482422,0.5798230171203613,0.15969634056091309,0.3802599310874939,0.9999473094940186,0.9999127984046936,0.9994487166404724
repeat1_fold2,MMdata_660.75s_0327_164500_no_secretion,160.0,32,132,0.24621212121212122,0,0,1,0.9988711476325989,0.04337775707244873,0.9566222429275513,0.5117618441581726,0.023572981357574463,0.3688649535179138,0.9999473094940186,0.9999098181724548,0.99945068359375
repeat1_fold2,MMdata_660.75s_0327_164500_no_secretion,165.0,33,132,0.2537878787878788,0,0,1,0.9986454844474792,0.03947753086686134,0.960522472858429,0.5963220000267029,0.19269439578056335,0.3856081962585449,0.9999381303787231,0.9998947978019714,0.9993641376495361
repeat1_fold2,MMdata_660.75s_0327_164500_no_secretion,170.0,34,132,0.26136363636363635,0,0,1,0.9987922310829163,0.04049414023756981,0.9595059156417847,0.5622929334640503,0.12463703751564026,0.3756849765777588,0.9999449253082275,0.9999054074287415,0.999428391456604
repeat1_fold2,MMdata_660.75s_0327_164500_no_secretion,175.0,35,132,0.2689393939393939,0,0,1,0.9988300204277039,0.041553787887096405,0.958446204662323,0.5723245739936829,0.14469954371452332,0.3781653642654419,0.9999459981918335,0.9999082088470459,0.9994376301765442
repeat1_fold2,MMdata_660.75s_0327_164500_no_secretion,180.0,36,132,0.2765151515151515,0,0,1,0.9988641738891602,0.04348111152648926,0.956518828868866,0.5069785714149475,0.014006108045578003,0.3687032461166382,0.9999467134475708,0.9999083876609802,0.9994460344314575
repeat1_fold2,MMdata_660.75s_0327_164500_no_secretion,185.0,37,132,0.2840909090909091,0,0,1,0.9986885190010071,0.03976840898394585,0.960231602191925,0.5888940095901489,0.1778380572795868,0.383076548576355,0.9999402761459351,0.9998980760574341,0.9993839859962463
repeat1_fold2,MMdata_660.75s_0327_164500_no_secretion,190.0,38,132,0.2916666666666667,0,0,1,0.9988400340080261,0.04181969165802002,0.95818030834198,0.5349295139312744,0.06990888714790344,0.3708326816558838,0.9999465942382812,0.9999081492424011,0.9994444251060486
repeat1_fold2,MMdata_660.75s_0327_164500_no_secretion,195.0,39,132,0.29924242424242425,0,0,1,0.9988395571708679,0.04193094000220299,0.9580690264701843,0.546356201171875,0.09276255965232849,0.37252628803253174,0.9999464750289917,0.9999086260795593,0.9994423389434814
repeat1_fold2,MMdata_660.75s_0327_164500_no_secretion,200.0,40,132,0.3068181818181818,0,0,1,0.9988792538642883,0.04294440895318985,0.9570556282997131,0.5091062784194946,0.018262088298797607,0.36876100301742554,0.9999483823776245,0.9999143481254578,0.9994590282440186
repeat1_fold2,MMdata_660.75s_0327_164500_no_secretion,205.0,41,132,0.3143939393939394,0,0,1,0.9986873269081116,0.03926541656255722,0.9607346057891846,0.5956313610076904,0.19131329655647278,0.3853622078895569,0.999941349029541,0.9999005198478699,0.9993942975997925
repeat1_fold2,MMdata_660.75s_0327_164500_no_secretion,210.0,42,132,0.32196969696969696,0,0,1,0.9987726807594299,0.04042429476976395,0.9595757126808167,0.5646529793739319,0.12935695052146912,0.37623435258865356,0.9999434947967529,0.9999023079872131,0.9994155764579773
repeat1_fold2,MMdata_660.75s_0327_164500_no_secretion,215.0,43,132,0.32954545454545453,0,0,1,0.9988541603088379,0.04146622493863106,0.958533763885498,0.5601489543914795,0.12034827470779419,0.37521064281463623,0.9999475479125977,0.9999138712882996,0.9994498491287231
repeat1_fold2,MMdata_660.75s_0327_164500_no_secretion,220.0,44,132,0.3371212121212121,0,0,1,0.998869001865387,0.04284206032752991,0.9571579694747925,0.5163617134094238,0.03277280926704407,0.369099497795105,0.9999476671218872,0.9999126195907593,0.9994528293609619
repeat1_fold2,MMdata_660.75s_0327_164500_no_secretion,225.0,45,132,0.3446969696969697,0,0,1,0.9986491799354553,0.039291683584451675,0.9607083201408386,0.603401243686676,0.20685318112373352,0.3882157802581787,0.9999390840530396,0.9998958706855774,0.9993724822998047
repeat1_fold2,MMdata_660.75s_0327_164500_no_secretion,230.0,46,132,0.3522727272727273,0,0,1,0.9987788796424866,0.040601637214422226,0.9593983888626099,0.5704285502433777,0.14090782403945923,0.3776664137840271,0.9999434947967529,0.9999025464057922,0.999415934085846
repeat1_fold2,MMdata_660.75s_0327_164500_no_secretion,235.0,47,132,0.35984848484848486,0,0,1,0.9988759160041809,0.04235484078526497,0.9576451778411865,0.5628640055656433,0.12577834725379944,0.37582260370254517,0.9999483823776245,0.9999132752418518,0.9994595646858215
repeat1_fold2,MMdata_660.75s_0327_164500_no_secretion,240.0,48,132,0.36742424242424243,0,0,1,0.9988794922828674,0.043706443160772324,0.956293523311615,0.500328779220581,0.0007063746452331543,0.3686155676841736,0.9999475479125977,0.9999104142189026,0.9994524717330933
repeat1_fold2,MMdata_660.75s_0327_164500_no_secretion,245.0,49,132,0.375,0,0,1,0.9986659288406372,0.03890754282474518,0.9610924124717712,0.613947331905365,0.2279454469680786,0.39245718717575073,0.9999406337738037,0.9998996257781982,0.999386191368103
repeat1_fold2,MMdata_660.75s_0327_164500_no_secretion,250.0,50,132,0.38257575757575757,0,0,1,0.998777449131012,0.04010304436087608,0.959896981716156,0.5998288989067078,0.1997089684009552,0.3868711590766907,0.9999442100524902,0.9999050498008728,0.9994217753410339
repeat1_fold2,MMdata_660.75s_0327_164500_no_secretion,255.0,51,132,0.39015151515151514,0,0,1,0.9988511800765991,0.04220525175333023,0.9577947854995728,0.5530255436897278,0.10610097646713257,0.37373971939086914,0.9999469518661499,0.9999104738235474,0.9994463920593262
repeat1_fold2,MMdata_660.75s_0327_164500_no_secretion,260.0,52,132,0.3977272727272727,0,0,1,0.9988605976104736,0.04374346882104874,0.9562565088272095,0.5140106678009033,0.028070032596588135,0.3689747452735901,0.9999459981918335,0.9999064207077026,0.9994398355484009
repeat1_fold2,MMdata_660.75s_0327_164500_no_secretion,265.0,53,132,0.4053030303030303,0,0,1,0.9986454844474792,0.03928395360708237,0.9607160091400146,0.5860728025436401,0.1721961498260498,0.3821646571159363,0.99993896484375,0.9998953342437744,0.9993717670440674
repeat1_fold2,MMdata_660.75s_0327_164500_no_secretion,270.0,54,132,0.4128787878787879,0,0,1,0.9988077878952026,0.04111134633421898,0.9588886499404907,0.5503018498420715,0.1006542444229126,0.37322062253952026,0.9999451637268066,0.9999054074287415,0.9994304776191711
repeat1_fold2,MMdata_660.75s_0327_164500_no_secretion,275.0,55,132,0.42045454545454547,0,0,1,0.9988540410995483,0.04193596541881561,0.958064079284668,0.5555628538131714,0.11117550730705261,0.3742440342903137,0.9999475479125977,0.9999119639396667,0.9994511008262634
repeat1_fold2,MMdata_660.75s_0327_164500_no_secretion,280.0,56,132,0.42803030303030304,0,0,1,0.9988715052604675,0.043137047439813614,0.9568629860877991,0.5103703737258911,0.020789891481399536,0.3688092827796936,0.9999476671218872,0.9999115467071533,0.9994526505470276
repeat1_fold2,MMdata_660.75s_0327_164500_no_secretion,285.0,57,132,0.4356060606060606,0,0,1,0.998634397983551,0.03877177834510803,0.9612282514572144,0.6102885603904724,0.2206280529499054,0.390936017036438,0.9999395608901978,0.999897837638855,0.9993770122528076
repeat1_fold2,MMdata_660.75s_0327_164500_no_secretion,290.0,58,132,0.4431818181818182,0,0,1,0.9988085031509399,0.041084446012973785,0.9589155912399292,0.561721920967102,0.12349456548690796,0.3755583167076111,0.9999451637268066,0.999905526638031,0.9994317293167114
repeat1_fold2,MMdata_660.75s_0327_164500_no_secretion,295.0,59,132,0.45075757575757575,0,0,1,0.9988629817962646,0.042227864265441895,0.9577721357345581,0.5593894720077515,0.1188289225101471,0.3750479817390442,0.9999474287033081,0.9999125599861145,0.9994508028030396
repeat1_fold2,MMdata_660.75s_0327_164500_no_secretion,300.0,60,132,0.4583333333333333,0,0,1,0.9988686442375183,0.04253479465842247,0.9574651718139648,0.5302422046661377,0.06053441762924194,0.3702741265296936,0.9999475479125977,0.9999156594276428,0.9994497895240784
repeat1_fold2,MMdata_660.75s_0327_164500_no_secretion,305.0,61,132,0.4659090909090909,0,0,1,0.9986238479614258,0.038815855979919434,0.9611841440200806,0.6087046265602112,0.2174600064754486,0.3902949094772339,0.9999386072158813,0.9998958706855774,0.9993681907653809
repeat1_fold2,MMdata_660.75s_0327_164500_no_secretion,310.0,62,132,0.4734848484848485,0,0,1,0.9987898468971252,0.04078049585223198,0.9592195153236389,0.5672616362571716,0.13457414507865906,0.3768656253814697,0.9999440908432007,0.999903678894043,0.9994209408760071
repeat1_fold2,MMdata_660.75s_0327_164500_no_secretion,315.0,63,132,0.4810606060606061,0,0,1,0.9988647699356079,0.041630275547504425,0.9583696722984314,0.5769017934799194,0.1538538634777069,0.37941986322402954,0.9999479055404663,0.999915599822998,0.9994532465934753
repeat1_fold2,MMdata_660.75s_0327_164500_no_secretion,320.0,64,132,0.48863636363636365,0,0,1,0.9988850951194763,0.04301995038986206,0.9569801092147827,0.5194053053855896,0.03886029124259949,0.36929553747177124,0.9999481439590454,0.9999157786369324,0.9994564056396484
repeat1_fold2,MMdata_660.75s_0327_164500_no_secretion,325.0,65,132,0.4962121212121212,0,0,1,0.9986395239830017,0.038721002638339996,0.961279034614563,0.6091616749763489,0.21837440133094788,0.39047735929489136,0.9999396800994873,0.9998977780342102,0.9993780255317688
repeat1_fold2,MMdata_660.75s_0327_164500_no_secretion,330.0,66,132,0.5037878787878788,0,0,1,0.9987972974777222,0.04100000113248825,0.9589999914169312,0.5578218698501587,0.11569458246231079,0.3747040629386902,0.9999440908432007,0.9999035596847534,0.9994213581085205
repeat1_fold2,MMdata_660.75s_0327_164500_no_secretion,335.0,67,132,0.5113636363636364,0,0,1,0.998852014541626,0.04186272621154785,0.9581372737884521,0.5567345023155212,0.1135191023349762,0.3744828701019287,0.9999468326568604,0.9999110698699951,0.999444842338562
repeat1_fold2,MMdata_660.75s_0327_164500_no_secretion,340.0,68,132,0.5189393939393939,0,0,1,0.998874843120575,0.043377988040447235,0.9566220045089722,0.5076926946640015,0.015434443950653076,0.3687214255332947,0.9999476671218872,0.9999118447303772,0.9994535446166992
repeat1_fold2,MMdata_660.75s_0327_164500_no_secretion,345.0,69,132,0.5265151515151515,0,0,1,0.9986421465873718,0.03921544924378395,0.9607845544815063,0.5823971033096313,0.16484469175338745,0.38102632761001587,0.9999392032623291,0.9998958110809326,0.9993744492530823
repeat1_fold2,MMdata_660.75s_0327_164500_no_secretion,350.0,70,132,0.5340909090909091,0,0,1,0.9988208413124084,0.04114426299929619,0.9588557481765747,0.5566914677619934,0.11343356966972351,0.3744693994522095,0.9999457597732544,0.9999071359634399,0.9994357228279114
repeat1_fold2,MMdata_660.75s_0327_164500_no_secretion,355.0,71,132,0.5416666666666666,0,0,1,0.9988584518432617,0.041926827281713486,0.9580731987953186,0.5555701851844788,0.11119058728218079,0.37424230575561523,0.9999474287033081,0.9999120235443115,0.9994503855705261
repeat1_fold2,MMdata_660.75s_0327_164500_no_secretion,360.0,72,132,0.5492424242424242,0,0,1,0.9988620281219482,0.04309428855776787,0.956905722618103,0.5115716457366943,0.02319234609603882,0.3688586354255676,0.9999474287033081,0.9999107718467712,0.9994514584541321
repeat1_fold2,MMdata_660.75s_0327_164500_no_secretion,365.0,73,132,0.5568181818181818,0,0,1,0.9986355900764465,0.03934423625469208,0.9606558084487915,0.5931599140167236,0.18637052178382874,0.3845013976097107,0.9999383687973022,0.9998942613601685,0.9993666410446167
repeat1_fold2,MMdata_660.75s_0327_164500_no_secretion,370.0,74,132,0.5643939393939394,0,0,1,0.998832643032074,0.0415729358792305,0.9584270715713501,0.5455482006072998,0.09114652872085571,0.3723909258842468,0.999946117401123,0.9999077916145325,0.9994401931762695
repeat1_fold2,MMdata_660.75s_0327_164500_no_secretion,375.0,75,132,0.571969696969697,0,0,1,0.9988574981689453,0.04221125319600105,0.9577887654304504,0.5463720560073853,0.09279459714889526,0.37252646684646606,0.999947190284729,0.9999106526374817,0.9994481801986694
repeat1_fold2,MMdata_660.75s_0327_164500_no_secretion,380.0,76,132,0.5795454545454546,0,0,1,0.9988754391670227,0.04292798042297363,0.9570720195770264,0.5166575312614441,0.033364444971084595,0.3691178560256958,0.9999481439590454,0.9999132752418518,0.9994573593139648
repeat1_fold2,MMdata_660.75s_0327_164500_no_secretion,385.0,77,132,0.5871212121212122,0,0,1,0.9986677169799805,0.03951278328895569,0.9604871869087219,0.5798560976982117,0.15976247191429138,0.38027042150497437,0.9999405145645142,0.9998980164527893,0.9993857741355896
repeat1_fold2,MMdata_660.75s_0327_164500_no_secretion,390.0,78,132,0.5946969696969697,0,0,1,0.998789370059967,0.041131630539894104,0.9588683247566223,0.546915590763092,0.09388148784637451,0.3726203441619873,0.999943733215332,0.9999024868011475,0.9994182586669922
repeat1_fold2,MMdata_660.75s_0327_164500_no_secretion,395.0,79,132,0.6022727272727273,0,0,1,0.9988752007484436,0.04209309071302414,0.9579069018363953,0.5550580024719238,0.1101662814617157,0.3741382956504822,0.9999485015869141,0.9999142289161682,0.9994601011276245
repeat1_fold2,MMdata_660.75s_0327_164500_no_secretion,400.0,80,132,0.6098484848484849,0,0,1,0.998871386051178,0.04260284826159477,0.9573972225189209,0.5262198448181152,0.052489280700683594,0.36986351013183594,0.9999485015869141,0.9999131560325623,0.9994609355926514
repeat1_fold2,MMdata_660.75s_0327_164500_no_secretion,405.0,81,132,0.6174242424242424,0,0,1,0.9986397624015808,0.03959541767835617,0.960404634475708,0.5757231712341309,0.1514967381954193,0.37908852100372314,0.9999377727508545,0.9998931288719177,0.9993619918823242
repeat1_fold2,MMdata_660.75s_0327_164500_no_secretion,410.0,82,132,0.625,0,0,1,0.9987982511520386,0.04094924032688141,0.9590507745742798,0.5695713758468628,0.13919296860694885,0.3774505853652954,0.9999444484710693,0.9999051690101624,0.999424397945404
repeat1_fold2,MMdata_660.75s_0327_164500_no_secretion,415.0,83,132,0.6325757575757576,0,0,1,0.9988686442375183,0.041711434721946716,0.9582885503768921,0.5588471293449402,0.11774444580078125,0.37492841482162476,0.999948263168335,0.9999150037765503,0.9994577169418335
repeat1_fold2,MMdata_660.75s_0327_164500_no_secretion,420.0,84,132,0.6401515151515151,0,0,1,0.9988859295845032,0.042082980275154114,0.9579170346260071,0.538198709487915,0.07644805312156677,0.37126272916793823,0.9999492168426514,0.9999187588691711,0.9994649291038513
repeat1_fold2,MMdata_660.75s_0327_164500_no_secretion,425.0,85,132,0.6477272727272727,0,0,1,0.9986190795898438,0.03935445472598076,0.9606456160545349,0.5741469860076904,0.14834433794021606,0.37865573167800903,0.9999376535415649,0.9998931288719177,0.9993599653244019
repeat1_fold2,MMdata_660.75s_0327_164500_no_secretion,430.0,86,132,0.6553030303030303,0,0,1,0.9986187219619751,0.03636522963643074,0.963634729385376,0.7163799405097961,0.4328146278858185,0.4567123055458069,0.9999319314956665,0.9998917579650879,0.9993010759353638
repeat1_fold2,MMdata_660.75s_0327_164500_no_secretion,435.0,87,132,0.6628787878787878,0,0,1,0.9988817572593689,0.04037129506468773,0.9596287608146667,0.6017265319824219,0.20350387692451477,0.3875800371170044,0.9999477863311768,0.9999204874038696,0.9994505047798157
repeat1_fold2,MMdata_660.75s_0327_164500_no_secretion,440.0,88,132,0.6704545454545454,0,0,1,0.9988942742347717,0.04202665016055107,0.9579734206199646,0.5069516897201538,0.013952881097793579,0.3686984181404114,0.9999502897262573,0.9999163746833801,0.9994779229164124
repeat1_fold2,MMdata_660.75s_0327_164500_no_secretion,445.0,89,132,0.678030303030303,0,0,1,0.9986385703086853,0.03697784245014191,0.9630221724510193,0.66143798828125,0.32292819023132324,0.4169121980667114,0.9999393224716187,0.9999085068702698,0.9993705749511719
repeat1_fold2,MMdata_660.75s_0327_164500_no_secretion,450.0,90,132,0.6856060606060606,0,0,1,0.9987866282463074,0.03717263787984848,0.9628273248672485,0.6432520151138306,0.28655627369880676,0.4064897894859314,0.9999457597732544,0.9999175071716309,0.9994317293167114
repeat1_fold2,MMdata_660.75s_0327_164500_no_secretion,455.0,91,132,0.6931818181818182,0,0,1,0.9988691210746765,0.04046724736690521,0.9595327973365784,0.5807031989097595,0.1614571511745453,0.38051629066467285,0.9999481439590454,0.9999175667762756,0.9994553923606873
repeat1_fold2,MMdata_660.75s_0327_164500_no_secretion,460.0,92,132,0.7007575757575758,0,0,1,0.998881995677948,0.04199421405792236,0.9580057859420776,0.5053080916404724,0.010665923357009888,0.3686596751213074,0.99994957447052,0.9999143481254578,0.9994727373123169
repeat1_fold2,MMdata_660.75s_0327_164500_no_secretion,465.0,93,132,0.7083333333333334,0,0,1,0.9986746311187744,0.03812744468450546,0.9618725776672363,0.6231366991996765,0.2463245391845703,0.39649873971939087,0.9999426603317261,0.9999097585678101,0.9994021654129028
repeat1_fold2,MMdata_660.75s_0327_164500_no_secretion,470.0,94,132,0.7159090909090909,0,0,1,0.9987516403198242,0.0369253009557724,0.9630746841430664,0.6216170787811279,0.2432859241962433,0.39580249786376953,0.9999450445175171,0.9999163746833801,0.9994239807128906
repeat1_fold2,MMdata_660.75s_0327_164500_no_secretion,475.0,95,132,0.7234848484848485,0,0,1,0.9988711476325989,0.03981654345989227,0.9601834416389465,0.5945024490356445,0.18905586004257202,0.3849639892578125,0.9999476671218872,0.999920129776001,0.9994496703147888
repeat1_fold2,MMdata_660.75s_0327_164500_no_secretion,480.0,96,132,0.7310606060606061,0,0,1,0.9988846182823181,0.04182581603527069,0.9581741690635681,0.507806658744812,0.01566290855407715,0.3687208294868469,0.9999501705169678,0.9999157786369324,0.9994763135910034
repeat1_fold2,MMdata_660.75s_0327_164500_no_secretion,485.0,97,132,0.7386363636363636,0,0,1,0.9986838698387146,0.03795095905661583,0.9620490670204163,0.6198235154151917,0.23969829082489014,0.3950014114379883,0.9999430179595947,0.9999098181724548,0.9994065165519714
repeat1_fold2,MMdata_660.75s_0327_164500_no_secretion,490.0,98,132,0.7462121212121212,0,0,1,0.9988284707069397,0.03817332908511162,0.9618266820907593,0.582632303237915,0.16531559824943542,0.38109290599823,0.9999487400054932,0.9999194145202637,0.9994606375694275
repeat1_fold2,MMdata_660.75s_0327_164500_no_secretion,495.0,99,132,0.7537878787878788,0,0,1,0.9988877177238464,0.040007542818784714,0.9599924683570862,0.5876640677452087,0.1753787100315094,0.38267195224761963,0.9999490976333618,0.9999213814735413,0.9994634389877319
repeat1_fold2,MMdata_660.75s_0327_164500_no_secretion,500.0,100,132,0.7613636363636364,0,0,1,0.9988922476768494,0.041550297290086746,0.9584497213363647,0.5151218175888062,0.030293285846710205,0.3690260052680969,0.9999510049819946,0.9999175071716309,0.9994851350784302
repeat1_fold2,MMdata_660.75s_0327_164500_no_secretion,505.0,101,132,0.7689393939393939,0,0,1,0.9986345171928406,0.03807408735156059,0.9619259238243103,0.6169825196266174,0.23401609063148499,0.39375489950180054,0.9999408721923828,0.9999101161956787,0.9993844628334045
repeat1_fold2,MMdata_660.75s_0327_164500_no_secretion,510.0,102,132,0.7765151515151515,0,0,1,0.9987611770629883,0.03724689036607742,0.9627530574798584,0.6161569952964783,0.23236539959907532,0.39339470863342285,0.9999434947967529,0.9999123215675354,0.9994106888771057
repeat1_fold2,MMdata_660.75s_0327_164500_no_secretion,515.0,103,132,0.7840909090909091,0,0,1,0.9989122152328491,0.040657732635736465,0.9593423008918762,0.5826533436775208,0.16535738110542297,0.38110196590423584,0.9999498128890991,0.9999224543571472,0.999470591545105
repeat1_fold2,MMdata_660.75s_0327_164500_no_secretion,520.0,104,132,0.7916666666666666,0,0,1,0.998883068561554,0.04156575724482536,0.9584342837333679,0.5219460129737854,0.043941766023635864,0.36948728561401367,0.9999499320983887,0.9999156594276428,0.9994753003120422
repeat1_fold2,MMdata_660.75s_0327_164500_no_secretion,525.0,105,132,0.7992424242424242,0,0,1,0.998583197593689,0.03663928434252739,0.9633607268333435,0.6529302000999451,0.30591273307800293,0.41187024116516113,0.9999361038208008,0.9999029636383057,0.9993398785591125
repeat1_fold2,MMdata_660.75s_0327_164500_no_secretion,530.0,106,132,0.8068181818181818,0,0,1,0.9987581968307495,0.03680352494120598,0.9631964564323425,0.6349043846130371,0.26986047625541687,0.40215080976486206,0.999943733215332,0.9999150037765503,0.999411940574646
repeat1_fold2,MMdata_660.75s_0327_164500_no_secretion,535.0,107,132,0.8143939393939394,0,0,1,0.9989084005355835,0.03994473069906235,0.9600552916526794,0.5896186828613281,0.17928874492645264,0.38330376148223877,0.9999489784240723,0.9999228715896606,0.9994619488716125
repeat1_fold2,MMdata_660.75s_0327_164500_no_secretion,540.0,108,132,0.821969696969697,0,0,1,0.9988821148872375,0.041595395654439926,0.9584046006202698,0.5121346712112427,0.02431875467300415,0.36887991428375244,0.9999505281448364,0.9999157190322876,0.999481737613678
repeat1_fold2,MMdata_660.75s_0327_164500_no_secretion,545.0,109,132,0.8295454545454546,0,0,1,0.9984651803970337,0.036616019904613495,0.9633839726448059,0.6465920805931091,0.2932363748550415,0.40830546617507935,0.9999290704727173,0.9998895525932312,0.9992747902870178
repeat1_fold2,MMdata_660.75s_0327_164500_no_secretion,550.0,110,132,0.8371212121212122,0,0,1,0.998741090297699,0.036692600697278976,0.9633073806762695,0.6025195121765137,0.20509028434753418,0.38787537813186646,0.9999434947967529,0.9999139904975891,0.9994097352027893
repeat1_fold2,MMdata_660.75s_0327_164500_no_secretion,555.0,111,132,0.8446969696969697,0,0,1,0.998839795589447,0.03909106180071831,0.9609088897705078,0.5854382514953613,0.17092782258987427,0.381957471370697,0.9999440908432007,0.9999141097068787,0.9994158744812012
repeat1_fold2,MMdata_660.75s_0327_164500_no_secretion,560.0,112,132,0.8522727272727273,0,0,1,0.9988822340965271,0.04140925779938698,0.9585906863212585,0.529215931892395,0.05848148465156555,0.3701663017272949,0.9999505281448364,0.9999167323112488,0.9994798898696899
repeat1_fold2,MMdata_660.75s_0327_164500_no_secretion,565.0,113,132,0.8598484848484849,0,0,1,0.9982777833938599,0.036204103380441666,0.9637959599494934,0.7340161204338074,0.4680868685245514,0.47229599952697754,0.9999181032180786,0.9998698830604553,0.9991729855537415
repeat1_fold2,MMdata_660.75s_0327_164500_no_secretion,570.0,114,132,0.8674242424242424,0,0,1,0.9987462759017944,0.03698879852890968,0.9630112648010254,0.6004870533943176,0.20102494955062866,0.3871169686317444,0.9999423027038574,0.9999098777770996,0.9993984699249268
repeat1_fold2,MMdata_660.75s_0327_164500_no_secretion,575.0,115,132,0.875,0,0,1,0.9988700747489929,0.039001405239105225,0.9609986543655396,0.6091814041137695,0.21841421723365784,0.3904823064804077,0.9999474287033081,0.9999207258224487,0.9994479417800903
repeat1_fold2,MMdata_660.75s_0327_164500_no_secretion,580.0,116,132,0.8825757575757576,0,0,1,0.9988846182823181,0.0411502830684185,0.9588497281074524,0.5202618837356567,0.04057338833808899,0.3693581223487854,0.9999518394470215,0.9999184012413025,0.9994928240776062
repeat1_fold2,MMdata_660.75s_0327_164500_no_secretion,585.0,117,132,0.8901515151515151,0,0,1,0.9984013438224792,0.03521597757935524,0.9647840261459351,0.6886543035507202,0.37736162543296814,0.4350265860557556,0.9999223947525024,0.9998751878738403,0.9992138743400574
repeat1_fold2,MMdata_660.75s_0327_164500_no_secretion,590.0,118,132,0.8977272727272727,0,0,1,0.9986634254455566,0.035909343510866165,0.9640907049179077,0.6334980130195618,0.26704809069633484,0.40144360065460205,0.99993896484375,0.9999069571495056,0.999366283416748
repeat1_fold2,MMdata_660.75s_0327_164500_no_secretion,595.0,119,132,0.9053030303030303,0,0,1,0.9988889098167419,0.03987174481153488,0.9601282477378845,0.5848062634468079,0.1696629822254181,0.38176655769348145,0.9999496936798096,0.9999215602874756,0.9994698166847229
repeat1_fold2,MMdata_660.75s_0327_164500_no_secretion,600.0,120,132,0.9128787878787878,0,0,1,0.9988889098167419,0.040600743144750595,0.9593992233276367,0.5374814867973328,0.0750129222869873,0.3711698055267334,0.9999525547027588,0.9999210834503174,0.9994993209838867
repeat1_fold2,MMdata_660.75s_0327_164500_no_secretion,605.0,121,132,0.9204545454545454,0,0,1,0.9962916374206543,0.03671913594007492,0.9632808566093445,0.8108300566673279,0.6217158436775208,0.5580552220344543,0.9997144341468811,0.9994801878929138,0.9974967241287231
repeat1_fold2,MMdata_660.75s_0327_164500_no_secretion,610.0,122,132,0.928030303030303,0,0,1,0.9988449811935425,0.03825453668832779,0.9617454409599304,0.5652589797973633,0.1305685043334961,0.3763824701309204,0.9999499320983887,0.9999217987060547,0.9994717240333557
repeat1_fold2,MMdata_660.75s_0327_164500_no_secretion,615.0,123,132,0.9356060606060606,0,0,1,0.9988755583763123,0.03887370601296425,0.9611262679100037,0.5920054316520691,0.1840614676475525,0.38410794734954834,0.9999481439590454,0.9999212622642517,0.9994548559188843
repeat1_fold2,MMdata_660.75s_0327_164500_no_secretion,620.0,124,132,0.9431818181818182,0,0,1,0.9988934397697449,0.04106049984693527,0.9589394927024841,0.5249163508415222,0.049882352352142334,0.36974090337753296,0.9999521970748901,0.9999200701713562,0.9994952082633972
repeat1_fold2,MMdata_660.75s_0327_164500_no_secretion,625.0,125,132,0.9507575757575758,0,0,1,0.9979493021965027,0.034431301057338715,0.9655687212944031,0.7440460920333862,0.48814713954925537,0.481799840927124,0.9998881816864014,0.9998105764389038,0.9989091157913208
repeat1_fold2,MMdata_660.75s_0327_164500_no_secretion,630.0,126,132,0.9583333333333334,0,0,1,0.9988246560096741,0.03786955773830414,0.9621304869651794,0.5713511109352112,0.14275282621383667,0.37790775299072266,0.999948263168335,0.9999195337295532,0.9994564056396484
repeat1_fold2,MMdata_660.75s_0327_164500_no_secretion,635.0,127,132,0.9659090909090909,0,0,1,0.998920202255249,0.04036952182650566,0.9596304893493652,0.5838903784751892,0.1678307056427002,0.3814864158630371,0.9999510049819946,0.9999246597290039,0.9994825720787048
repeat1_fold2,MMdata_660.75s_0327_164500_no_secretion,640.0,128,132,0.9734848484848485,0,0,1,0.9988974332809448,0.04160522669553757,0.9583947658538818,0.5292192101478577,0.05848813056945801,0.3701661229133606,0.9999517202377319,0.9999187588691711,0.9994915723800659
repeat1_fold2,MMdata_660.75s_0327_164500_no_secretion,645.0,129,132,0.9810606060606061,0,0,1,0.9961842894554138,0.03622281551361084,0.9637772440910339,0.8111993670463562,0.6224541664123535,0.5585476160049438,0.9997294545173645,0.9995096921920776,0.9976120591163635
repeat1_fold2,MMdata_660.75s_0327_164500_no_secretion,650.0,130,132,0.9886363636363636,0,0,1,0.9987490177154541,0.03684625029563904,0.9631537795066833,0.6024255156517029,0.20490220189094543,0.3878405690193176,0.9999431371688843,0.9999126195907593,0.9994068741798401
repeat1_fold2,MMdata_660.75s_0327_164500_no_secretion,655.0,131,132,0.9962121212121212,0,0,1,0.9989296793937683,0.04033659026026726,0.959663450717926,0.5894379019737244,0.17892619967460632,0.3832523226737976,0.9999524354934692,0.9999254941940308,0.9994961023330688
repeat1_fold2,MMdata_943.75s_0327_195859_4ml,0.0,0,188,0.0026595744680851063,2,2,1,0.3814030587673187,0.18188947439193726,0.8181105852127075,0.9460253119468689,0.8921291828155518,0.8082597255706787,0.6406347751617432,0.3056984543800354,0.3243202567100525
repeat1_fold2,MMdata_943.75s_0327_195859_4ml,5.0,1,188,0.007978723404255319,2,0,0,0.9979244470596313,0.035708505660295486,0.964291512966156,0.8460110425949097,0.6920853853225708,0.6084845066070557,0.9998958110809326,0.9998051524162292,0.9989994764328003
repeat1_fold2,MMdata_943.75s_0327_195859_4ml,10.0,2,188,0.013297872340425532,2,1,0,0.9317461252212524,0.6060212254524231,0.3939788043498993,0.9150795936584473,0.8304598331451416,0.7336440086364746,0.9792935252189636,0.9585999250411987,0.9081714153289795
repeat1_fold2,MMdata_943.75s_0327_195859_4ml,15.0,3,188,0.018617021276595744,2,0,0,0.993617057800293,0.04321390762925148,0.9567860960960388,0.6069768071174622,0.2140159010887146,0.3895130157470703,0.9985779523849487,0.9972443580627441,0.989919126033783
repeat1_fold2,MMdata_943.75s_0327_195859_4ml,20.0,4,188,0.023936170212765957,2,1,0,0.9897994995117188,0.36958104372024536,0.6304189562797546,0.9935019612312317,0.9871317744255066,0.9637437462806702,0.919623613357544,0.8396565914154053,0.7430787086486816
repeat1_fold2,MMdata_943.75s_0327_195859_4ml,25.0,5,188,0.02925531914893617,2,2,1,0.4969981908798218,0.32430189847946167,0.6756981015205383,0.9690479040145874,0.9381845593452454,0.8738006949424744,0.9718844890594482,0.9441744089126587,0.8814411759376526
repeat1_fold2,MMdata_943.75s_0327_195859_4ml,30.0,6,188,0.034574468085106384,2,0,0,0.995941698551178,0.05324289947748184,0.9467571377754211,0.6957387328147888,0.39153018593788147,0.4402560591697693,0.9997555613517761,0.9995611310005188,0.9978142380714417
repeat1_fold2,MMdata_943.75s_0327_195859_4ml,35.0,7,188,0.0398936170212766,2,2,1,0.9915964007377625,0.8193788528442383,0.1806211918592453,0.9873598217964172,0.9747408032417297,0.9381353855133057,0.8130117654800415,0.6261317133903503,0.5605906248092651
repeat1_fold2,MMdata_943.75s_0327_195859_4ml,40.0,8,188,0.04521276595744681,2,2,1,0.9966632723808289,0.8778923153877258,0.12210768461227417,0.9990447163581848,0.9981038570404053,0.9930158853530884,0.8081660866737366,0.6163442134857178,0.5548927783966064
repeat1_fold2,MMdata_943.75s_0327_195859_4ml,45.0,9,188,0.05053191489361702,2,2,1,0.9822125434875488,0.8208198547363281,0.17918016016483307,0.9954041242599487,0.9908568263053894,0.9730647206306458,0.8677626848220825,0.7355390191078186,0.6443182229995728
repeat1_fold2,MMdata_943.75s_0327_195859_4ml,50.0,10,188,0.05585106382978723,2,2,1,0.9995825886726379,0.8829757571220398,0.11702421307563782,0.9997437596321106,0.999517023563385,0.9977541565895081,0.9980249404907227,0.9968679547309875,0.9857892394065857
repeat1_fold2,MMdata_943.75s_0327_195859_4ml,55.0,11,188,0.061170212765957445,2,2,1,0.9992603659629822,0.8831644654273987,0.11683554202318192,0.9996629953384399,0.9993448853492737,0.9971742630004883,0.9761399626731873,0.9523352384567261,0.8970575928688049
repeat1_fold2,MMdata_943.75s_0327_195859_4ml,60.0,12,188,0.06648936170212766,2,2,1,0.9989759922027588,0.8858533501625061,0.1141466423869133,0.999574601650238,0.9991658926010132,0.9965431094169617,0.9414302706718445,0.8829030990600586,0.7966859936714172
repeat1_fold2,MMdata_943.75s_0327_195859_4ml,65.0,13,188,0.07180851063829788,2,2,1,0.999188244342804,0.8795992732048035,0.12040078639984131,0.9995942711830139,0.9992063641548157,0.996680736541748,0.9835097193717957,0.967086136341095,0.923102855682373
repeat1_fold2,MMdata_943.75s_0327_195859_4ml,70.0,14,188,0.07712765957446809,2,2,1,0.9995623230934143,0.9258564710617065,0.07414348423480988,0.999796450138092,0.999631941318512,0.9981489181518555,0.9453182816505432,0.8909898400306702,0.80501788854599
repeat1_fold2,MMdata_943.75s_0327_195859_4ml,75.0,15,188,0.08244680851063829,2,2,1,0.999618649482727,0.8840978741645813,0.11590209603309631,0.9997501969337463,0.9995335936546326,0.9977974891662598,0.9979144930839539,0.9967415928840637,0.9850850701332092
repeat1_fold2,MMdata_943.75s_0327_195859_4ml,80.0,16,188,0.08776595744680851,2,2,1,0.999576985836029,0.8863085508346558,0.11369149386882782,0.9997416138648987,0.9995107054710388,0.997742235660553,0.9978297352790833,0.9967073798179626,0.9845432639122009
repeat1_fold2,MMdata_943.75s_0327_195859_4ml,85.0,17,188,0.09308510638297872,2,2,1,0.9995560050010681,0.8774593472480774,0.12254060059785843,0.9997077584266663,0.9994416236877441,0.9974899291992188,0.998071014881134,0.9970437288284302,0.986056923866272
repeat1_fold2,MMdata_943.75s_0327_195859_4ml,90.0,18,188,0.09840425531914894,2,2,1,0.9995311498641968,0.9303758144378662,0.06962420791387558,0.9997958540916443,0.9996317028999329,0.9981427788734436,0.8754066824913025,0.751151978969574,0.6556413769721985
repeat1_fold2,MMdata_943.75s_0327_195859_4ml,95.0,19,188,0.10372340425531915,2,2,1,0.9996143579483032,0.8831135034561157,0.11688649654388428,0.9997478127479553,0.9995280504226685,0.9977801442146301,0.9977197051048279,0.9963719248771667,0.9838963747024536
repeat1_fold2,MMdata_943.75s_0327_195859_4ml,100.0,20,188,0.10904255319148937,2,2,1,0.9995854496955872,0.8860469460487366,0.11395304650068283,0.9997459053993225,0.999521017074585,0.9977719187736511,0.9976454377174377,0.9962192177772522,0.9834524393081665
repeat1_fold2,MMdata_943.75s_0327_195859_4ml,105.0,21,188,0.11436170212765957,2,2,1,0.9993352293968201,0.8673155903816223,0.1326843947172165,0.9995887875556946,0.9991966485977173,0.9966375827789307,0.9920097589492798,0.9842504262924194,0.9566783905029297
repeat1_fold2,MMdata_943.75s_0327_195859_4ml,110.0,22,188,0.1196808510638298,2,2,1,0.999531626701355,0.8930960893630981,0.10690385103225708,0.9997372031211853,0.9995054602622986,0.9977023601531982,0.9867215156555176,0.974094033241272,0.9333955645561218
repeat1_fold2,MMdata_943.75s_0327_195859_4ml,115.0,23,188,0.125,2,2,1,0.9995515942573547,0.8738777041435242,0.12612231075763702,0.999697208404541,0.9994203448295593,0.9974105954170227,0.9968855977058411,0.994097888469696,0.9798557162284851
repeat1_fold2,MMdata_943.75s_0327_195859_4ml,120.0,24,188,0.13031914893617022,2,2,1,0.9995564818382263,0.8810471892356873,0.11895277351140976,0.9997273087501526,0.9994803071022034,0.9976369142532349,0.9977464079856873,0.9961071610450745,0.9842461347579956
repeat1_fold2,MMdata_943.75s_0327_195859_4ml,125.0,25,188,0.1356382978723404,2,2,1,0.9990311861038208,0.8780372142791748,0.12196275591850281,0.9995195865631104,0.9990550875663757,0.996157169342041,0.9603140354156494,0.9206935167312622,0.8475984334945679
repeat1_fold2,MMdata_943.75s_0327_195859_4ml,130.0,26,188,0.14095744680851063,2,2,1,0.9995286464691162,0.9106364250183105,0.08936352282762527,0.9997665286064148,0.9995666742324829,0.9979223012924194,0.9592286348342896,0.9189596176147461,0.8424413204193115
repeat1_fold2,MMdata_943.75s_0327_195859_4ml,135.0,27,188,0.14627659574468085,2,2,1,0.9994685053825378,0.8732950091362,0.12670503556728363,0.9996461868286133,0.9993135333061218,0.9970457553863525,0.9942195415496826,0.9886115193367004,0.9669328331947327
repeat1_fold2,MMdata_943.75s_0327_195859_4ml,140.0,28,188,0.15159574468085107,2,2,1,0.999395489692688,0.8754771947860718,0.12452279031276703,0.9996274709701538,0.9992743134498596,0.9969154000282288,0.9919965863227844,0.9841187000274658,0.9569855332374573
repeat1_fold2,MMdata_943.75s_0327_195859_4ml,145.0,29,188,0.15691489361702127,2,2,1,0.9994632601737976,0.8671697974205017,0.1328301727771759,0.999648928642273,0.9993196129798889,0.9970642924308777,0.9967970252037048,0.9940444827079773,0.979159414768219
repeat1_fold2,MMdata_943.75s_0327_195859_4ml,150.0,30,188,0.1622340425531915,2,2,1,0.9994986057281494,0.9202107191085815,0.07978922128677368,0.9997650980949402,0.9995625615119934,0.9979140162467957,0.8807879686355591,0.7619831562042236,0.6649675369262695
repeat1_fold2,MMdata_943.75s_0327_195859_4ml,155.0,31,188,0.1675531914893617,2,2,1,0.9996034502983093,0.8792279362678528,0.12077206373214722,0.9997356534004211,0.9995014071464539,0.9976924061775208,0.997908353805542,0.996579110622406,0.9851027727127075
repeat1_fold2,MMdata_943.75s_0327_195859_4ml,160.0,32,188,0.17287234042553193,2,2,1,0.9994822144508362,0.8771151900291443,0.12288480997085571,0.9996839761734009,0.9993892908096313,0.9973223209381104,0.9957791566848755,0.9917665123939514,0.9744043946266174
repeat1_fold2,MMdata_943.75s_0327_195859_4ml,165.0,33,188,0.17819148936170212,2,2,1,0.9987228512763977,0.8789522051811218,0.12104777991771698,0.9994240999221802,0.9988635778427124,0.9955008029937744,0.9382015466690063,0.8764466047286987,0.7886002063751221
repeat1_fold2,MMdata_943.75s_0327_195859_4ml,170.0,34,188,0.18351063829787234,2,2,1,0.9995161294937134,0.9224973917007446,0.07750266045331955,0.9997736811637878,0.9995834827423096,0.9979743957519531,0.8704298138618469,0.7412287592887878,0.6467358469963074
repeat1_fold2,MMdata_943.75s_0327_195859_4ml,175.0,35,188,0.18882978723404256,2,2,1,0.9988284707069397,0.8834825158119202,0.11651752889156342,0.9995322227478027,0.9990803599357605,0.9962471127510071,0.8983154296875,0.7966678738594055,0.7004410624504089
repeat1_fold2,MMdata_943.75s_0327_195859_4ml,180.0,36,188,0.19414893617021275,2,2,1,0.9988927245140076,0.8788947463035583,0.12110524624586105,0.9994526505470276,0.9989200830459595,0.9956979155540466,0.9405121207237244,0.8810786604881287,0.7942938208580017
repeat1_fold2,MMdata_943.75s_0327_195859_4ml,185.0,37,188,0.19946808510638298,2,2,1,0.9992848038673401,0.8750619292259216,0.1249380111694336,0.999591052532196,0.999199390411377,0.9966581463813782,0.9891140460968018,0.978333055973053,0.9448165893554688
repeat1_fold2,MMdata_943.75s_0327_195859_4ml,190.0,38,188,0.2047872340425532,2,2,1,0.9995349645614624,0.9255908727645874,0.07440906763076782,0.999788224697113,0.9996125102043152,0.9980878233909607,0.9009203314781189,0.8022119998931885,0.7037162780761719
repeat1_fold2,MMdata_943.75s_0327_195859_4ml,195.0,39,188,0.21010638297872342,2,2,1,0.9979958534240723,0.8817026615142822,0.11829733103513718,0.9993966817855835,0.998808741569519,0.9953145384788513,0.5010111331939697,0.0020429790019989014,0.3688631057739258
repeat1_fold2,MMdata_943.75s_0327_195859_4ml,200.0,40,188,0.2154255319148936,2,2,1,0.9992401599884033,0.8791727423667908,0.12082728743553162,0.9995974898338318,0.9992124438285828,0.9967034459114075,0.9834762811660767,0.9670234322547913,0.9229569435119629
repeat1_fold2,MMdata_943.75s_0327_195859_4ml,205.0,41,188,0.22074468085106383,2,2,1,0.9993849992752075,0.8744482398033142,0.12555177509784698,0.9996402263641357,0.9992998242378235,0.9970071315765381,0.9929133057594299,0.9859566688537598,0.9610544443130493
repeat1_fold2,MMdata_943.75s_0327_195859_4ml,210.0,42,188,0.22606382978723405,2,2,1,0.9994930028915405,0.9310360550880432,0.06896395236253738,0.999788224697113,0.9996122717857361,0.9980891942977905,0.7080446481704712,0.4164527356624603,0.44776904582977295
repeat1_fold2,MMdata_943.75s_0327_195859_4ml,215.0,43,188,0.23138297872340424,2,2,1,0.9988464117050171,0.8850299715995789,0.11496999114751816,0.9995378255844116,0.9990911483764648,0.9962867498397827,0.8919111490249634,0.7838592529296875,0.6879406571388245
repeat1_fold2,MMdata_943.75s_0327_195859_4ml,220.0,44,188,0.23670212765957446,2,2,1,0.999356210231781,0.8745759725570679,0.1254240870475769,0.9996122717857361,0.9992427825927734,0.9968077540397644,0.9908367395401001,0.98180091381073,0.9519472718238831
repeat1_fold2,MMdata_943.75s_0327_195859_4ml,225.0,45,188,0.24202127659574468,2,2,1,0.9994357228279114,0.869911253452301,0.13008874654769897,0.9996386766433716,0.9992977976799011,0.9969927668571472,0.9953025579452515,0.9908455014228821,0.9719492197036743
repeat1_fold2,MMdata_943.75s_0327_195859_4ml,230.0,46,188,0.2473404255319149,2,2,1,0.9995348453521729,0.9293531179428101,0.07064692676067352,0.9997962117195129,0.9996300339698792,0.998149037361145,0.8748865127563477,0.7501282095909119,0.6546294093132019
repeat1_fold2,MMdata_943.75s_0327_195859_4ml,235.0,47,188,0.2526595744680851,2,2,1,0.9983291029930115,0.8836400508880615,0.11635995656251907,0.9994502663612366,0.9989160299301147,0.9956798553466797,0.6656732559204102,0.33137139678001404,0.41975754499435425
repeat1_fold2,MMdata_943.75s_0327_195859_4ml,240.0,48,188,0.2579787234042553,2,2,1,0.9991832375526428,0.8759986758232117,0.12400133907794952,0.9995444416999817,0.9991055727005005,0.9963294267654419,0.9759241938591003,0.9519232511520386,0.8962233066558838
repeat1_fold2,MMdata_943.75s_0327_195859_4ml,245.0,49,188,0.2632978723404255,2,2,1,0.9995195865631104,0.8732322454452515,0.12676772475242615,0.9996935129165649,0.99941086769104,0.9973880052566528,0.9971717000007629,0.9947943091392517,0.9811924695968628
repeat1_fold2,MMdata_943.75s_0327_195859_4ml,250.0,50,188,0.26861702127659576,2,2,1,0.9995182752609253,0.9396610856056213,0.06033899635076523,0.9998078942298889,0.9996558427810669,0.9982394576072693,0.698832631111145,0.3979574143886566,0.44095903635025024
repeat1_fold2,MMdata_943.75s_0327_195859_4ml,255.0,51,188,0.27393617021276595,2,2,1,0.9985156655311584,0.8819087743759155,0.11809118837118149,0.9994332194328308,0.9988813996315002,0.9955653548240662,0.8000280261039734,0.6000896692276001,0.5442524552345276
repeat1_fold2,MMdata_943.75s_0327_195859_4ml,260.0,52,188,0.27925531914893614,2,2,1,0.9992663264274597,0.8723838925361633,0.12761615216732025,0.9995498061180115,0.9991167783737183,0.9963664412498474,0.9869703054428101,0.9740543961524963,0.9361443519592285
repeat1_fold2,MMdata_943.75s_0327_195859_4ml,265.0,53,188,0.2845744680851064,2,2,1,0.9995653033256531,0.8799169063568115,0.12008305639028549,0.9997233748435974,0.9994732737541199,0.9976053833961487,0.9978925585746765,0.9967622756958008,0.9849384427070618
repeat1_fold2,MMdata_943.75s_0327_195859_4ml,270.0,54,188,0.2898936170212766,2,2,1,0.9995425939559937,0.922592043876648,0.07740797102451324,0.9997919201850891,0.9996199607849121,0.9981174468994141,0.9376946687698364,0.8758217096328735,0.7853255867958069
repeat1_fold2,MMdata_943.75s_0327_195859_4ml,275.0,55,188,0.29521276595744683,2,2,1,0.9987020492553711,0.885908305644989,0.11409173905849457,0.9995207786560059,0.9990568161010742,0.9961681365966797,0.8277576565742493,0.6555472016334534,0.5815359354019165
repeat1_fold2,MMdata_943.75s_0327_195859_4ml,280.0,56,188,0.300531914893617,2,2,1,0.9995410442352295,0.8786766529083252,0.12132333219051361,0.9997184872627258,0.9994619488716125,0.9975724816322327,0.9976527094841003,0.9958190321922302,0.9838070273399353
repeat1_fold2,MMdata_943.75s_0327_195859_4ml,285.0,57,188,0.3058510638297872,2,2,1,0.9995131492614746,0.8725634813308716,0.12743648886680603,0.9996898174285889,0.9994034767150879,0.9973606467247009,0.9970682263374329,0.9944543242454529,0.9808558821678162
repeat1_fold2,MMdata_943.75s_0327_195859_4ml,290.0,58,188,0.31117021276595747,2,2,1,0.9995192289352417,0.940527081489563,0.0594729483127594,0.9998095631599426,0.9996607899665833,0.9982506036758423,0.6844977736473083,0.3692857325077057,0.43041664361953735
repeat1_fold2,MMdata_943.75s_0327_195859_4ml,295.0,59,188,0.31648936170212766,2,2,1,0.9978526830673218,0.8814710974693298,0.11852893978357315,0.9993372559547424,0.9986890554428101,0.9949187636375427,0.5596027970314026,0.119225412607193,0.3753538727760315
repeat1_fold2,MMdata_943.75s_0327_195859_4ml,300.0,60,188,0.32180851063829785,2,2,1,0.9995056390762329,0.8728428483009338,0.12715710699558258,0.9996609687805176,0.9993442893028259,0.9971503019332886,0.9971581697463989,0.9948385953903198,0.9810153245925903
repeat1_fold2,MMdata_943.75s_0327_195859_4ml,305.0,61,188,0.3271276595744681,2,2,1,0.9994995594024658,0.8723371028900146,0.12766286730766296,0.9996864795684814,0.9993956685066223,0.9973376989364624,0.9966639876365662,0.9936822652816772,0.9786229729652405
repeat1_fold2,MMdata_943.75s_0327_195859_4ml,310.0,62,188,0.3324468085106383,2,2,1,0.9995161294937134,0.9404469132423401,0.05955307558178902,0.9998080134391785,0.9996564388275146,0.9982394576072693,0.6518117785453796,0.3039126396179199,0.40956658124923706
repeat1_fold2,MMdata_943.75s_0327_195859_4ml,315.0,63,188,0.3377659574468085,2,2,1,0.9980006814002991,0.8824790716171265,0.11752092093229294,0.9993902444839478,0.9987956285476685,0.9952723979949951,0.5027739405632019,0.005568206310272217,0.36887866258621216
repeat1_fold2,MMdata_943.75s_0327_195859_4ml,320.0,64,188,0.34308510638297873,2,2,1,0.9995551705360413,0.8784299492835999,0.12157004326581955,0.9997110962867737,0.9994481205940247,0.9975147843360901,0.997624933719635,0.9964306354522705,0.9832782745361328
repeat1_fold2,MMdata_943.75s_0327_195859_4ml,325.0,65,188,0.3484042553191489,2,2,1,0.9995902180671692,0.8853609561920166,0.11463911086320877,0.9997411370277405,0.9995127320289612,0.9977330565452576,0.9975038170814514,0.9957473278045654,0.9827325344085693
repeat1_fold2,MMdata_943.75s_0327_195859_4ml,330.0,66,188,0.3537234042553192,2,2,1,0.9994856119155884,0.9386433959007263,0.061356574296951294,0.9998002648353577,0.9996383786201477,0.9981809854507446,0.5786139965057373,0.15751779079437256,0.37818294763565063
repeat1_fold2,MMdata_943.75s_0327_195859_4ml,335.0,67,188,0.35904255319148937,2,2,1,0.9979382157325745,0.88264000415802,0.11736000329256058,0.9993547797203064,0.9987240433692932,0.9950354695320129,0.5224364995956421,0.044893622398376465,0.3697795867919922
repeat1_fold2,MMdata_943.75s_0327_195859_4ml,340.0,68,188,0.36436170212765956,2,2,1,0.9995342493057251,0.8758640289306641,0.12413595616817474,0.9997015595436096,0.9994274973869324,0.9974476099014282,0.9974070191383362,0.9957707524299622,0.9820337295532227
repeat1_fold2,MMdata_943.75s_0327_195859_4ml,345.0,69,188,0.3696808510638298,2,2,1,0.9987409710884094,0.8809795379638672,0.11902039498090744,0.9994322657585144,0.9988794922828674,0.9955573678016663,0.9241770505905151,0.8483971953392029,0.7553166151046753
repeat1_fold2,MMdata_943.75s_0327_195859_4ml,350.0,70,188,0.375,2,2,1,0.9995404481887817,0.9303945899009705,0.06960537284612656,0.9998002648353577,0.9996393918991089,0.9981796145439148,0.8888048529624939,0.7779858112335205,0.680030882358551
repeat1_fold2,MMdata_943.75s_0327_195859_4ml,355.0,71,188,0.3803191489361702,2,2,1,0.9981189370155334,0.8835482001304626,0.11645184457302094,0.999421238899231,0.998857855796814,0.9954821467399597,0.5477489829063416,0.09551933407783508,0.37301427125930786
repeat1_fold2,MMdata_943.75s_0327_195859_4ml,360.0,72,188,0.38563829787234044,2,2,1,0.9987574815750122,0.8771606087684631,0.12283943593502045,0.9993939399719238,0.998802661895752,0.9952979683876038,0.9192228317260742,0.8384962677955627,0.744144082069397
repeat1_fold2,MMdata_943.75s_0327_195859_4ml,365.0,73,188,0.39095744680851063,2,2,1,0.9985257983207703,0.8832517862319946,0.11674819141626358,0.9994118213653564,0.9988387823104858,0.995418131351471,0.8604469299316406,0.7209268808364868,0.6318448781967163
repeat1_fold2,MMdata_943.75s_0327_195859_4ml,370.0,74,188,0.3962765957446808,2,2,1,0.9994631409645081,0.9362285733222961,0.06377141922712326,0.9997921586036682,0.9996197819709778,0.9981200098991394,0.5278710722923279,0.05605435371398926,0.36812061071395874
repeat1_fold2,MMdata_943.75s_0327_195859_4ml,375.0,75,188,0.4015957446808511,2,2,1,0.997236967086792,0.8781924843788147,0.1218075081706047,0.9991807341575623,0.9983759522438049,0.9938891530036926,0.7037035822868347,0.40742337703704834,0.44669395685195923
repeat1_fold2,MMdata_943.75s_0327_195859_4ml,380.0,76,188,0.40691489361702127,2,2,1,0.9991993308067322,0.8746139407157898,0.12538598477840424,0.9995390176773071,0.9990946054458618,0.9962924122810364,0.9740293025970459,0.9481562376022339,0.8897818326950073
repeat1_fold2,MMdata_943.75s_0327_195859_4ml,385.0,77,188,0.4122340425531915,2,2,1,0.9988173842430115,0.8833717703819275,0.11662817746400833,0.9994882345199585,0.9989919066429138,0.9959418177604675,0.9326955676078796,0.8654318451881409,0.7752141952514648
repeat1_fold2,MMdata_943.75s_0327_195859_4ml,390.0,78,188,0.4175531914893617,2,2,1,0.9995606541633606,0.9198662638664246,0.08013379573822021,0.9997898936271667,0.9996140599250793,0.9981034398078918,0.9543753266334534,0.9091803431510925,0.8290050625801086
repeat1_fold2,MMdata_943.75s_0327_195859_4ml,395.0,79,188,0.4228723404255319,2,2,1,0.9968647360801697,0.8759897947311401,0.12401019781827927,0.9990302324295044,0.9980743527412415,0.9929264187812805,0.7278810143470764,0.4557785093784332,0.4670260548591614
repeat1_fold2,MMdata_943.75s_0327_195859_4ml,400.0,80,188,0.42819148936170215,2,2,1,0.9994151592254639,0.873662531375885,0.126337468624115,0.9996273517608643,0.9992743134498596,0.9969139695167542,0.992846667766571,0.985879123210907,0.9605607390403748
repeat1_fold2,MMdata_943.75s_0327_195859_4ml,405.0,81,188,0.43351063829787234,2,2,1,0.9991770386695862,0.8792399764060974,0.12076003849506378,0.999572217464447,0.9991611242294312,0.9965265393257141,0.9819122552871704,0.9638911485671997,0.9172225594520569
repeat1_fold2,MMdata_943.75s_0327_195859_4ml,410.0,82,188,0.43882978723404253,2,2,1,0.9995530247688293,0.9168980717658997,0.08310187608003616,0.999782145023346,0.9996004104614258,0.9980411529541016,0.950373649597168,0.9011748433113098,0.8180686235427856
repeat1_fold2,MMdata_943.75s_0327_195859_4ml,415.0,83,188,0.4441489361702128,2,2,1,0.9976918697357178,0.8801078200340271,0.11989212781190872,0.9993046522140503,0.9986245036125183,0.9946990013122559,0.5589702725410461,0.11796009540557861,0.37522023916244507
repeat1_fold2,MMdata_943.75s_0327_195859_4ml,420.0,84,188,0.449468085106383,2,2,1,0.9995771050453186,0.8819791078567505,0.11802087724208832,0.9997286200523376,0.999484658241272,0.9976434111595154,0.9976434111595154,0.9962782263755798,0.983418881893158
repeat1_fold2,MMdata_943.75s_0327_195859_4ml,425.0,85,188,0.45478723404255317,2,2,1,0.9988190531730652,0.8824778199195862,0.11752220243215561,0.9994722008705139,0.9989596009254456,0.9958307147026062,0.9390969276428223,0.8782354593276978,0.790835976600647
repeat1_fold2,MMdata_943.75s_0327_195859_4ml,430.0,86,188,0.4601063829787234,2,2,1,0.9995323419570923,0.9357231259346008,0.06427693367004395,0.999803364276886,0.9996472597122192,0.9982026219367981,0.7899115681648254,0.5801429152488708,0.529890775680542
repeat1_fold2,MMdata_943.75s_0327_195859_4ml,435.0,87,188,0.4654255319148936,2,2,1,0.9971169233322144,0.8773785829544067,0.12262136489152908,0.9990758895874023,0.998165488243103,0.9932169914245605,0.6843621134757996,0.36874234676361084,0.4322540760040283
repeat1_fold2,MMdata_943.75s_0327_195859_4ml,440.0,88,188,0.47074468085106386,2,2,1,0.9993531107902527,0.8777536153793335,0.1222463920712471,0.9996269941329956,0.9992724061012268,0.996914803981781,0.9891396164894104,0.9783839583396912,0.9449223279953003
repeat1_fold2,MMdata_943.75s_0327_195859_4ml,445.0,89,188,0.47606382978723405,2,2,1,0.9982854723930359,0.8842127919197083,0.11578721553087234,0.9994008541107178,0.9988167881965637,0.9953440427780151,0.6909745335578918,0.3819744288921356,0.43694204092025757
repeat1_fold2,MMdata_943.75s_0327_195859_4ml,450.0,90,188,0.48138297872340424,2,2,1,0.9995224475860596,0.9305236339569092,0.06947639584541321,0.9997935891151428,0.9996234178543091,0.9981304407119751,0.8142737746238708,0.6289094686508179,0.5607309341430664
repeat1_fold2,MMdata_943.75s_0327_195859_4ml,455.0,91,188,0.4867021276595745,2,2,1,0.997223973274231,0.8763973116874695,0.12360265105962753,0.999087929725647,0.99819016456604,0.9932924509048462,0.6063188910484314,0.2126593291759491,0.3895943760871887
repeat1_fold2,MMdata_943.75s_0327_195859_4ml,460.0,92,188,0.4920212765957447,2,2,1,0.9994716048240662,0.8735235333442688,0.12647651135921478,0.999645471572876,0.9993124008178711,0.9970395565032959,0.9956186413764954,0.9914519786834717,0.9735841155052185
repeat1_fold2,MMdata_943.75s_0327_195859_4ml,465.0,93,188,0.4973404255319149,2,2,1,0.9991024732589722,0.8812191486358643,0.11878088861703873,0.9995632767677307,0.9991430044174194,0.9964635968208313,0.9733909368515015,0.946837306022644,0.8879062533378601
repeat1_fold2,MMdata_943.75s_0327_195859_4ml,470.0,94,188,0.5026595744680851,2,2,1,0.9994730353355408,0.9354931116104126,0.06450686603784561,0.9997912049293518,0.9996204376220703,0.9981088042259216,0.5369988083839417,0.07428842782974243,0.36934804916381836
repeat1_fold2,MMdata_943.75s_0327_195859_4ml,475.0,95,188,0.5079787234042553,2,2,1,0.9963383674621582,0.8683578968048096,0.13164208829402924,0.9986546039581299,0.9973235726356506,0.9906077980995178,0.6251944899559021,0.25041499733924866,0.39765864610671997
repeat1_fold2,MMdata_943.75s_0327_195859_4ml,480.0,96,188,0.5132978723404256,2,2,1,0.9994774460792542,0.8752564191818237,0.12474362552165985,0.9996628761291504,0.9993465542793274,0.9971684217453003,0.9958027005195618,0.9919393658638,0.9742159247398376
repeat1_fold2,MMdata_943.75s_0327_195859_4ml,485.0,97,188,0.5186170212765957,2,2,1,0.9995903372764587,0.882927656173706,0.11707241088151932,0.999736487865448,0.9995018839836121,0.9976997971534729,0.9975554943084717,0.9959056377410889,0.9829932451248169
repeat1_fold2,MMdata_943.75s_0327_195859_4ml,490.0,98,188,0.523936170212766,2,2,1,0.9994723200798035,0.9255512356758118,0.07444871962070465,0.9997714161872864,0.9995774030685425,0.9979593753814697,0.7055342197418213,0.4114769697189331,0.44548362493515015
repeat1_fold2,MMdata_943.75s_0327_195859_4ml,495.0,99,188,0.5292553191489362,2,2,1,0.9979448914527893,0.8818879127502441,0.11811208724975586,0.9993425011634827,0.9986996650695801,0.9949526190757751,0.5143335461616516,0.02868899703025818,0.3692248463630676
repeat1_fold2,MMdata_943.75s_0327_195859_4ml,500.0,100,188,0.5345744680851063,2,2,1,0.9995269775390625,0.8761411309242249,0.12385884672403336,0.9996852874755859,0.999393880367279,0.9973277449607849,0.997397780418396,0.9953076243400574,0.9823633432388306
repeat1_fold2,MMdata_943.75s_0327_195859_4ml,505.0,101,188,0.5398936170212766,2,2,1,0.999599277973175,0.8870207667350769,0.1129792332649231,0.9997511506080627,0.9995331168174744,0.9978092312812805,0.9976750016212463,0.9961453080177307,0.983693540096283
repeat1_fold2,MMdata_943.75s_0327_195859_4ml,510.0,102,188,0.5452127659574468,2,2,1,0.9995243549346924,0.9143276810646057,0.08567237108945847,0.9997684359550476,0.9995704889297485,0.9979377388954163,0.9355812668800354,0.8716504573822021,0.7798812389373779
repeat1_fold2,MMdata_943.75s_0327_195859_4ml,515.0,103,188,0.550531914893617,2,2,1,0.997119665145874,0.875307023525238,0.12469299137592316,0.9990403056144714,0.9980944395065308,0.9929907321929932,0.6258324384689331,0.2516876757144928,0.3979858160018921
repeat1_fold2,MMdata_943.75s_0327_195859_4ml,520.0,104,188,0.5558510638297872,2,2,1,0.9994997978210449,0.8767023682594299,0.12329761683940887,0.9996800422668457,0.9993822574615479,0.9972923994064331,0.9968935251235962,0.9940917491912842,0.9799418449401855
repeat1_fold2,MMdata_943.75s_0327_195859_4ml,525.0,105,188,0.5611702127659575,2,2,1,0.9995092153549194,0.8748748302459717,0.12512515485286713,0.999700665473938,0.999424397945404,0.9974428415298462,0.9966642260551453,0.9936243295669556,0.9787434935569763
repeat1_fold2,MMdata_943.75s_0327_195859_4ml,530.0,106,188,0.5664893617021277,2,2,1,0.9995438456535339,0.9006302356719971,0.09936971217393875,0.9997580647468567,0.999549150466919,0.9978587031364441,0.9778222441673279,0.9561906456947327,0.900820791721344
repeat1_fold2,MMdata_943.75s_0327_195859_4ml,535.0,107,188,0.5718085106382979,2,2,1,0.9974876642227173,0.8784338235855103,0.12156620621681213,0.9991917014122009,0.9983972907066345,0.9939608573913574,0.609217643737793,0.21845614910125732,0.39075589179992676
repeat1_fold2,MMdata_943.75s_0327_195859_4ml,540.0,108,188,0.5771276595744681,2,2,1,0.9994298815727234,0.875555157661438,0.12444484978914261,0.9996575117111206,0.999335527420044,0.997130274772644,0.9940376281738281,0.9882487654685974,0.9660749435424805
repeat1_fold2,MMdata_943.75s_0327_195859_4ml,545.0,109,188,0.5824468085106383,2,2,1,0.9994039535522461,0.8729841709136963,0.12701579928398132,0.9996517896652222,0.9993236660957336,0.9970895051956177,0.9922167062759399,0.9845820665359497,0.9578714966773987
repeat1_fold2,MMdata_943.75s_0327_195859_4ml,550.0,110,188,0.5877659574468085,2,2,1,0.9994856119155884,0.884116530418396,0.1158834844827652,0.9997050166130066,0.9994394183158875,0.9974626302719116,0.9819539785385132,0.9649034738540649,0.914267897605896
repeat1_fold2,MMdata_943.75s_0327_195859_4ml,555.0,111,188,0.5930851063829787,2,2,1,0.9970536231994629,0.8765739798545837,0.12342598289251328,0.9990789890289307,0.9981722235679626,0.9932356476783752,0.697493851184845,0.39500534534454346,0.4418753385543823
repeat1_fold2,MMdata_943.75s_0327_195859_4ml,560.0,112,188,0.598404255319149,2,2,1,0.9995037317276001,0.8737851977348328,0.12621483206748962,0.9996827840805054,0.9993895292282104,0.9973077178001404,0.9970430731773376,0.994845449924469,0.9801050424575806
repeat1_fold2,MMdata_943.75s_0327_195859_4ml,565.0,113,188,0.6037234042553191,2,2,1,0.999359667301178,0.8738656640052795,0.12613432109355927,0.9996150732040405,0.9992493391036987,0.9968252778053284,0.9909588098526001,0.9820235967636108,0.9525547623634338
repeat1_fold2,MMdata_943.75s_0327_195859_4ml,570.0,114,188,0.6090425531914894,2,2,1,0.9995369911193848,0.921033501625061,0.07896649837493896,0.9997816681861877,0.9996010661125183,0.9980353116989136,0.9155616164207458,0.8315004110336304,0.7343055009841919
repeat1_fold2,MMdata_943.75s_0327_195859_4ml,575.0,115,188,0.6143617021276596,2,2,1,0.9980873465538025,0.8816560506820679,0.11834391951560974,0.9993626475334167,0.9987400770187378,0.9950872659683228,0.5997369885444641,0.19949886202812195,0.38706016540527344
repeat1_fold2,MMdata_943.75s_0327_195859_4ml,580.0,116,188,0.6196808510638298,2,2,1,0.9985829591751099,0.8819811344146729,0.11801885068416595,0.9994487166404724,0.9989133477210999,0.9956686496734619,0.8678455352783203,0.7357282638549805,0.6442757844924927
repeat1_fold2,MMdata_943.75s_0327_195859_4ml,585.0,117,188,0.625,2,2,1,0.9991199374198914,0.8766621947288513,0.1233377456665039,0.9995278120040894,0.9990719556808472,0.996213972568512,0.9773493409156799,0.9547662734985352,0.9011083245277405
repeat1_fold2,MMdata_943.75s_0327_195859_4ml,590.0,118,188,0.6303191489361702,2,2,1,0.9995087385177612,0.9204196333885193,0.0795803964138031,0.9997757077217102,0.9995869994163513,0.997991144657135,0.8496883511543274,0.6998107433319092,0.6120381355285645
repeat1_fold2,MMdata_943.75s_0327_195859_4ml,595.0,119,188,0.6356382978723404,2,2,1,0.9975206255912781,0.8791276812553406,0.12087230384349823,0.9992234706878662,0.9984610676765442,0.9941672682762146,0.6068161129951477,0.21365201473236084,0.38980644941329956
repeat1_fold2,MMdata_943.75s_0327_195859_4ml,600.0,120,188,0.6409574468085106,2,2,1,0.9994891881942749,0.8763906359672546,0.12360937148332596,0.9996805191040039,0.9993827939033508,0.9972959756851196,0.9965607523918152,0.9934283494949341,0.9781751036643982
repeat1_fold2,MMdata_943.75s_0327_195859_4ml,605.0,121,188,0.6462765957446809,2,2,1,0.9985120892524719,0.8830069303512573,0.11699307709932327,0.9994117021560669,0.9988385438919067,0.9954174160957336,0.8353301882743835,0.6706928014755249,0.592538058757782
repeat1_fold2,MMdata_943.75s_0327_195859_4ml,610.0,122,188,0.651595744680851,2,2,1,0.999517560005188,0.9095130562782288,0.09048696607351303,0.9997549653053284,0.999542772769928,0.997834324836731,0.9346511363983154,0.8698179125785828,0.7774930000305176
repeat1_fold2,MMdata_943.75s_0327_195859_4ml,615.0,123,188,0.6569148936170213,2,2,1,0.9970922470092773,0.8784575462341309,0.12154242396354675,0.9991840720176697,0.998382568359375,0.9939100742340088,0.7556021809577942,0.5112184882164001,0.4936809539794922
repeat1_fold2,MMdata_943.75s_0327_195859_4ml,620.0,124,188,0.6622340425531915,2,2,1,0.9994913339614868,0.8729285001754761,0.12707147002220154,0.9996777772903442,0.9993788003921509,0.9972724914550781,0.9968433380126953,0.9943055510520935,0.9791638851165771
repeat1_fold2,MMdata_943.75s_0327_195859_4ml,625.0,125,188,0.6675531914893617,2,2,1,0.9990928173065186,0.8727885484695435,0.12721146643161774,0.9994658827781677,0.9989473819732666,0.9957863092422485,0.9750924110412598,0.9502788782119751,0.8933323621749878
repeat1_fold2,MMdata_943.75s_0327_195859_4ml,630.0,126,188,0.6728723404255319,2,2,1,0.9995377063751221,0.9223511219024658,0.07764886319637299,0.9997860789299011,0.9996101260185242,0.9980685710906982,0.900206446647644,0.8007930517196655,0.702237069606781
repeat1_fold2,MMdata_943.75s_0327_195859_4ml,635.0,127,188,0.6781914893617021,2,2,1,0.9982020854949951,0.8808183073997498,0.11918164789676666,0.9993224143981934,0.9986588954925537,0.9948208332061768,0.708229660987854,0.41649189591407776,0.4501631259918213
repeat1_fold2,MMdata_943.75s_0327_195859_4ml,640.0,128,188,0.6835106382978723,2,2,1,0.9994217157363892,0.8761729598045349,0.1238270252943039,0.9996495246887207,0.9993186593055725,0.9970738291740417,0.993597149848938,0.987389862537384,0.9639564752578735
repeat1_fold2,MMdata_943.75s_0327_195859_4ml,645.0,129,188,0.6888297872340425,2,2,1,0.9986481070518494,0.8821447491645813,0.11785528063774109,0.9994370341300964,0.9988892078399658,0.9955905675888062,0.8836418390274048,0.7673232555389404,0.6723487973213196
repeat1_fold2,MMdata_943.75s_0327_195859_4ml,650.0,130,188,0.6941489361702128,2,2,1,0.9995809197425842,0.8907976746559143,0.10920225828886032,0.9997650980949402,0.9995627999305725,0.9979135394096375,0.9952043294906616,0.99132239818573,0.9702088832855225
repeat1_fold2,MMdata_943.75s_0327_195859_4ml,655.0,131,188,0.699468085106383,2,2,1,0.9976540207862854,0.879981517791748,0.12001848220825195,0.9992695450782776,0.9985535740852356,0.9944695234298706,0.5785013437271118,0.15702283382415771,0.38013458251953125
repeat1_fold2,MMdata_943.75s_0327_195859_4ml,660.0,132,188,0.7047872340425532,2,2,1,0.9988306164741516,0.8797171711921692,0.12028283625841141,0.9994483590126038,0.9989117980003357,0.9956673383712769,0.936996340751648,0.8740440607070923,0.7855746150016785
repeat1_fold2,MMdata_943.75s_0327_195859_4ml,665.0,133,188,0.7101063829787234,2,2,1,0.9980069994926453,0.8801592588424683,0.11984071880578995,0.9992817044258118,0.998577892780304,0.9945483803749084,0.5982205271720886,0.19647058844566345,0.3864651918411255
repeat1_fold2,MMdata_943.75s_0327_195859_4ml,670.0,134,188,0.7154255319148937,2,2,1,0.9995222091674805,0.9095990657806396,0.09040090441703796,0.9997585415840149,0.999548614025116,0.9978636503219604,0.9389280080795288,0.878403902053833,0.7878823280334473
repeat1_fold2,MMdata_943.75s_0327_195859_4ml,675.0,135,188,0.7207446808510638,2,2,1,0.9974648952484131,0.8793914914131165,0.12060847133398056,0.9992688298225403,0.9985525608062744,0.9944629669189453,0.6532475352287292,0.3065122365951538,0.4123499393463135
repeat1_fold2,MMdata_943.75s_0327_195859_4ml,680.0,136,188,0.726063829787234,2,2,1,0.9993683695793152,0.8766359090805054,0.12336413562297821,0.999627947807312,0.9992741942405701,0.9969209432601929,0.9904816746711731,0.981123149394989,0.9503116607666016
repeat1_fold2,MMdata_943.75s_0327_195859_4ml,685.0,137,188,0.7313829787234043,2,2,1,0.9986441731452942,0.8792501091957092,0.12074983865022659,0.9993822574615479,0.9987791180610657,0.995220422744751,0.887361466884613,0.7747716903686523,0.6792116761207581
repeat1_fold2,MMdata_943.75s_0327_195859_4ml,690.0,138,188,0.7367021276595744,2,2,1,0.9995446801185608,0.8927002549171448,0.10729973018169403,0.999743640422821,0.9995177984237671,0.9977524280548096,0.9873605370521545,0.9754728078842163,0.9356861710548401
repeat1_fold2,MMdata_943.75s_0327_195859_4ml,695.0,139,188,0.7420212765957447,2,2,1,0.9985789060592651,0.8833504915237427,0.11664953082799911,0.9994476437568665,0.9989099502563477,0.9956642389297485,0.8361512422561646,0.672337532043457,0.5937340259552002
repeat1_fold2,MMdata_943.75s_0327_195859_4ml,700.0,140,188,0.7473404255319149,2,2,1,0.999327540397644,0.8717804551124573,0.12821952998638153,0.9995723366737366,0.9991626143455505,0.9965240955352783,0.9907298684120178,0.9817464351654053,0.9509391784667969
repeat1_fold2,MMdata_943.75s_0327_195859_4ml,705.0,141,188,0.7526595744680851,2,2,1,0.9988569021224976,0.8784295916557312,0.12157043069601059,0.9994614720344543,0.998938262462616,0.9957563281059265,0.9354767203330994,0.8710082769393921,0.7818360328674316
repeat1_fold2,MMdata_943.75s_0327_195859_4ml,710.0,142,188,0.7579787234042553,2,2,1,0.9995667338371277,0.9047054648399353,0.09529460966587067,0.9997679591178894,0.9995686411857605,0.9979355335235596,0.9799100160598755,0.960387110710144,0.9080926179885864
repeat1_fold2,MMdata_943.75s_0327_195859_4ml,715.0,143,188,0.7632978723404256,2,2,1,0.9975715279579163,0.8808739185333252,0.11912606656551361,0.9993184804916382,0.9986521005630493,0.9947913289070129,0.6652762293815613,0.33056825399398804,0.419589102268219
repeat1_fold2,MMdata_943.75s_0327_195859_4ml,720.0,144,188,0.7686170212765957,2,2,1,0.9991294741630554,0.8781384229660034,0.12186157703399658,0.9995331764221191,0.9990820288658142,0.9962533116340637,0.9752131700515747,0.9505040049552917,0.8938201665878296
repeat1_fold2,MMdata_943.75s_0327_195859_4ml,725.0,145,188,0.773936170212766,2,2,1,0.9983554482460022,0.8816171288490295,0.11838290840387344,0.9993841648101807,0.9987838268280029,0.9952301979064941,0.7866262197494507,0.5732822418212891,0.5278706550598145
repeat1_fold2,MMdata_943.75s_0327_195859_4ml,730.0,146,188,0.7792553191489362,2,2,1,0.9995524287223816,0.9060544371604919,0.09394553303718567,0.999764621257782,0.9995617866516113,0.9979100227355957,0.9679173827171326,0.9363815188407898,0.868309497833252
repeat1_fold2,MMdata_943.75s_0327_195859_4ml,735.0,147,188,0.7845744680851063,2,2,1,0.9987801909446716,0.8834246397018433,0.11657541245222092,0.9994931221008301,0.9990014433860779,0.9959760308265686,0.9023252129554749,0.8046894073486328,0.7084617614746094
repeat1_fold2,MMdata_943.75s_0327_195859_4ml,740.0,148,188,0.7898936170212766,2,2,1,0.9994584918022156,0.8707466721534729,0.1292533427476883,0.9996422529220581,0.9993062019348145,0.9970160126686096,0.9964424967765808,0.9936365485191345,0.9768388271331787
repeat1_fold2,MMdata_943.75s_0327_195859_4ml,745.0,149,188,0.7952127659574468,2,2,1,0.9992157220840454,0.8738933205604553,0.1261066347360611,0.9995394945144653,0.9990954399108887,0.9962956309318542,0.981654167175293,0.9634057879447937,0.9161332249641418
repeat1_fold2,MMdata_943.75s_0327_195859_4ml,750.0,150,188,0.800531914893617,2,2,1,0.9995725750923157,0.9180514812469482,0.08194857090711594,0.9997910857200623,0.9996192455291748,0.9981099367141724,0.9595617651939392,0.9195183515548706,0.8438446521759033
repeat1_fold2,MMdata_943.75s_0327_195859_4ml,755.0,151,188,0.8058510638297872,2,2,1,0.9994007349014282,0.8766278624534607,0.12337211519479752,0.9996333122253418,0.9992858171463013,0.9969577193260193,0.9923424124717712,0.9848090410232544,0.9585191011428833
repeat1_fold2,MMdata_943.75s_0327_195859_4ml,760.0,152,188,0.8111702127659575,2,2,1,0.9992110729217529,0.8725290894508362,0.127470925450325,0.9995220899581909,0.9990606307983398,0.9961737394332886,0.9813343286514282,0.9628224968910217,0.9147185683250427
repeat1_fold2,MMdata_943.75s_0327_195859_4ml,765.0,153,188,0.8164893617021277,2,2,1,0.9989995360374451,0.8776379823684692,0.12236194312572479,0.9994887113571167,0.9989932179450989,0.9959444403648376,0.9697376489639282,0.939532995223999,0.8761423826217651
repeat1_fold2,MMdata_943.75s_0327_195859_4ml,770.0,154,188,0.8218085106382979,2,2,1,0.9995686411857605,0.8879479765892029,0.11205197125673294,0.9997432827949524,0.9995163083076477,0.9977500438690186,0.9934213757514954,0.987723171710968,0.9615910649299622
repeat1_fold2,MMdata_943.75s_0327_195859_4ml,775.0,155,188,0.8271276595744681,2,2,1,0.9980212450027466,0.8812767267227173,0.11872328817844391,0.9993488192558289,0.9987122416496277,0.9949941635131836,0.5916599631309509,0.1833457052707672,0.3842010498046875
repeat1_fold2,MMdata_943.75s_0327_195859_4ml,780.0,156,188,0.8324468085106383,2,2,1,0.9989411234855652,0.8730337619781494,0.126966193318367,0.9993833303451538,0.9987817406654358,0.9952256679534912,0.9604985117912292,0.9210872054100037,0.8479938507080078
repeat1_fold2,MMdata_943.75s_0327_195859_4ml,785.0,157,188,0.8377659574468085,2,2,1,0.9991014003753662,0.8807836174964905,0.11921640485525131,0.9995699524879456,0.9991565942764282,0.9965094327926636,0.9739781618118286,0.9480133056640625,0.8898289203643799
repeat1_fold2,MMdata_943.75s_0327_195859_4ml,790.0,158,188,0.8430851063829787,2,2,1,0.9995939135551453,0.916724443435669,0.08327557891607285,0.999790608882904,0.9996183514595032,0.998105525970459,0.9733206629753113,0.9470611214637756,0.8860728144645691
repeat1_fold2,MMdata_943.75s_0327_195859_4ml,795.0,159,188,0.848404255319149,2,2,1,0.9987188577651978,0.8843801021575928,0.11561985313892365,0.9994882345199585,0.9989915490150452,0.995943009853363,0.8744499683380127,0.7489367723464966,0.6557692289352417
repeat1_fold2,MMdata_943.75s_0327_195859_4ml,800.0,160,188,0.8537234042553191,2,2,1,0.9977478384971619,0.8766657114028931,0.12333430349826813,0.9991463422775269,0.9983067512512207,0.9936681389808655,0.6349999308586121,0.27003276348114014,0.4023549556732178
repeat1_fold2,MMdata_943.75s_0327_195859_4ml,805.0,161,188,0.8590425531914894,2,2,1,0.9991318583488464,0.8784902691841125,0.12150971591472626,0.9995657801628113,0.9991482496261597,0.9964803457260132,0.9733399748802185,0.9467469453811646,0.8876757621765137
repeat1_fold2,MMdata_943.75s_0327_195859_4ml,810.0,162,188,0.8643617021276596,2,2,1,0.9995918869972229,0.9176939129829407,0.08230613172054291,0.9997949004173279,0.9996272921562195,0.9981384873390198,0.973590075969696,0.9475923180580139,0.8869886994361877
repeat1_fold2,MMdata_943.75s_0327_195859_4ml,815.0,163,188,0.8696808510638298,2,2,1,0.9990831613540649,0.8818262815475464,0.11817372590303421,0.9995392560958862,0.9990938901901245,0.9962971806526184,0.9648373126983643,0.9297329187393188,0.8610193729400635
repeat1_fold2,MMdata_943.75s_0327_195859_4ml,820.0,164,188,0.875,2,2,1,0.9995081424713135,0.8735097050666809,0.12649030983448029,0.9996836185455322,0.9993906617164612,0.9973154067993164,0.9971990585327148,0.9952234029769897,0.9809224605560303
repeat1_fold2,MMdata_943.75s_0327_195859_4ml,825.0,165,188,0.8803191489361702,2,2,1,0.9985673427581787,0.8827482461929321,0.11725174635648727,0.9994530081748962,0.9989216327667236,0.9956977963447571,0.8529253602027893,0.7058872580528259,0.6195741891860962
repeat1_fold2,MMdata_943.75s_0327_195859_4ml,830.0,166,188,0.8856382978723404,2,2,1,0.99958735704422,0.9128049612045288,0.08719505369663239,0.9997860789299011,0.9996068477630615,0.9980741739273071,0.9761703014373779,0.9528064131736755,0.895426869392395
repeat1_fold2,MMdata_943.75s_0327_195859_4ml,835.0,167,188,0.8909574468085106,2,2,1,0.9984410405158997,0.881354808807373,0.11864525824785233,0.9994210004806519,0.9988574385643005,0.9954789876937866,0.8089507222175598,0.6179338693618774,0.5557539463043213
repeat1_fold2,MMdata_943.75s_0327_195859_4ml,840.0,168,188,0.8962765957446809,2,2,1,0.9992862343788147,0.8694745898246765,0.1305253952741623,0.9995473027229309,0.9991127252578735,0.9963456392288208,0.9887371063232422,0.9776840209960938,0.9428632855415344
repeat1_fold2,MMdata_943.75s_0327_195859_4ml,845.0,169,188,0.901595744680851,2,2,1,0.9988403916358948,0.8802921772003174,0.11970782279968262,0.9994763731956482,0.9989683628082275,0.9958593249320984,0.9316380620002747,0.8633260130882263,0.7726304531097412
repeat1_fold2,MMdata_943.75s_0327_195859_4ml,850.0,170,188,0.9069148936170213,2,2,1,0.9995835423469543,0.9132354259490967,0.08676459640264511,0.9997864365577698,0.9996094107627869,0.9980732798576355,0.9733759164810181,0.9472163319587708,0.8860880136489868
repeat1_fold2,MMdata_943.75s_0327_195859_4ml,855.0,171,188,0.9122340425531915,2,2,1,0.9969205856323242,0.8776683807373047,0.12233157455921173,0.9991900324821472,0.9983949661254883,0.9939475059509277,0.8048540353775024,0.609720766544342,0.5505840182304382
repeat1_fold2,MMdata_943.75s_0327_195859_4ml,860.0,172,188,0.9175531914893617,2,2,1,0.999397873878479,0.8708095550537109,0.12919044494628906,0.9996010661125183,0.9992212653160095,0.996724009513855,0.9941636919975281,0.9886296987533569,0.9662952423095703
repeat1_fold2,MMdata_943.75s_0327_195859_4ml,865.0,173,188,0.9228723404255319,2,2,1,0.998298704624176,0.882438600063324,0.11756140738725662,0.9993956089019775,0.9988066554069519,0.9953075051307678,0.7626416087150574,0.525312602519989,0.5009070634841919
repeat1_fold2,MMdata_943.75s_0327_195859_4ml,870.0,174,188,0.9281914893617021,2,2,1,0.9995984435081482,0.9087772369384766,0.09122274816036224,0.9997839331626892,0.9996023774147034,0.9980564713478088,0.9851363301277161,0.9707517623901367,0.9277009963989258
repeat1_fold2,MMdata_943.75s_0327_195859_4ml,875.0,175,188,0.9335106382978723,2,2,1,0.9991894364356995,0.8790209889411926,0.12097907066345215,0.9995813965797424,0.9991795420646667,0.9965913891792297,0.9783285856246948,0.9567256569862366,0.9044824242591858
repeat1_fold2,MMdata_943.75s_0327_195859_4ml,880.0,176,188,0.9388297872340425,2,2,1,0.9993403553962708,0.8717806339263916,0.1282193660736084,0.9995818734169006,0.9991816282272339,0.9965915679931641,0.9909680485725403,0.9821402430534363,0.9522306323051453
repeat1_fold2,MMdata_943.75s_0327_195859_4ml,885.0,177,188,0.9441489361702128,2,2,1,0.9994470477104187,0.8683727979660034,0.131627157330513,0.9996333122253418,0.9992877840995789,0.9969522953033447,0.9959917664527893,0.9922166466712952,0.9754124879837036
repeat1_fold2,MMdata_943.75s_0327_195859_4ml,890.0,178,188,0.949468085106383,2,2,1,0.9995966553688049,0.9129265546798706,0.08707347512245178,0.9997885823249817,0.9996127486228943,0.9980919361114502,0.9776610136032104,0.9557647109031677,0.9006187319755554
repeat1_fold2,MMdata_943.75s_0327_195859_4ml,895.0,179,188,0.9547872340425532,2,2,1,0.9993446469306946,0.8760648369789124,0.12393514066934586,0.9996021389961243,0.9992218613624573,0.9967366456985474,0.9899875521659851,0.9800879955291748,0.9484100341796875
repeat1_fold2,MMdata_943.75s_0327_195859_4ml,900.0,180,188,0.9601063829787234,2,2,1,0.9994544386863708,0.8688920736312866,0.13110797107219696,0.9996411800384521,0.9993045330047607,0.9970068335533142,0.9963244795799255,0.9933043718338013,0.9763368368148804
repeat1_fold2,MMdata_943.75s_0327_195859_4ml,905.0,181,188,0.9654255319148937,2,2,1,0.9988516569137573,0.8806366920471191,0.11936326324939728,0.9994888305664062,0.9989933967590332,0.9959448575973511,0.9280901551246643,0.8562300801277161,0.7642816305160522
repeat1_fold2,MMdata_943.75s_0327_195859_4ml,910.0,182,188,0.9707446808510638,2,2,1,0.9995915293693542,0.9198092818260193,0.08019069582223892,0.9997957348823547,0.9996298551559448,0.998144268989563,0.9611032605171204,0.9225932955741882,0.8483628630638123
repeat1_fold2,MMdata_943.75s_0327_195859_4ml,915.0,183,188,0.976063829787234,2,2,1,0.9982301592826843,0.8804874420166016,0.11951254308223724,0.9993394017219543,0.9986931085586548,0.9949327111244202,0.7304816842079163,0.460996150970459,0.4692333936691284
repeat1_fold2,MMdata_943.75s_0327_195859_4ml,920.0,184,188,0.9813829787234043,2,2,1,0.9993368983268738,0.8702623844146729,0.12973760068416595,0.999588668346405,0.9991960525512695,0.9966380000114441,0.9906463623046875,0.9815087914466858,0.9508129358291626
repeat1_fold2,MMdata_943.75s_0327_195859_4ml,925.0,185,188,0.9867021276595744,2,2,1,0.9991610050201416,0.878672182559967,0.12132779508829117,0.9995660185813904,0.9991486668586731,0.9964819550514221,0.9749186038970947,0.9499099850654602,0.8928614258766174
repeat1_fold2,MMdata_943.75s_0327_195859_4ml,930.0,186,188,0.9920212765957447,2,2,1,0.9995973706245422,0.9009898900985718,0.09901007264852524,0.9997788071632385,0.9995903372764587,0.9980194568634033,0.9897252321243286,0.9800414443016052,0.9458211064338684
repeat1_fold2,MMdata_943.75s_0327_195859_4ml,935.0,187,188,0.9973404255319149,2,2,1,0.9989272952079773,0.881335437297821,0.11866458505392075,0.9994932413101196,0.9990013837814331,0.9959781169891357,0.9461877346038818,0.8924253582954407,0.8088604211807251
repeat1_fold2,MMdata_949.50s_0323_000227_4ml_yumi,0.0,0,189,0.0026455026455026454,2,2,1,0.9906206130981445,0.8581900000572205,0.14180997014045715,0.9974562525749207,0.994929313659668,0.9837628602981567,0.9649614691734314,0.9299324750900269,0.8617078065872192
repeat1_fold2,MMdata_949.50s_0323_000227_4ml_yumi,5.0,1,189,0.007936507936507936,2,2,1,0.9971592426300049,0.8805829286575317,0.11941710859537125,0.9991377592086792,0.998290479183197,0.9936083555221558,0.754946231842041,0.5099055171012878,0.49301743507385254
repeat1_fold2,MMdata_949.50s_0323_000227_4ml_yumi,10.0,2,189,0.013227513227513227,2,0,0,0.9975711703300476,0.04733438789844513,0.9526656866073608,0.7233026623725891,0.44665950536727905,0.46266359090805054,0.9998751878738403,0.999796450138092,0.9987900257110596
repeat1_fold2,MMdata_949.50s_0323_000227_4ml_yumi,15.0,3,189,0.018518518518518517,2,1,0,0.9967356324195862,0.43523964285850525,0.5647603273391724,0.9952489733695984,0.990588366985321,0.972144603729248,0.9551184773445129,0.9102572202682495,0.8331210017204285
repeat1_fold2,MMdata_949.50s_0323_000227_4ml_yumi,20.0,4,189,0.023809523809523808,2,2,1,0.99932861328125,0.8942604064941406,0.10573957115411758,0.9996846914291382,0.9994111657142639,0.9972864985466003,0.7715445160865784,0.5436328053474426,0.5073500871658325
repeat1_fold2,MMdata_949.50s_0323_000227_4ml_yumi,25.0,5,189,0.0291005291005291,2,2,1,0.9994531273841858,0.8635464906692505,0.13645349442958832,0.9996798038482666,0.9993847608566284,0.9972827434539795,0.9974671602249146,0.9958277344703674,0.9824172854423523
repeat1_fold2,MMdata_949.50s_0323_000227_4ml_yumi,30.0,6,189,0.03439153439153439,2,2,1,0.9930464625358582,0.8659982681274414,0.13400177657604218,0.9987431168556213,0.9975090026855469,0.9911114573478699,0.9396284222602844,0.8792662024497986,0.7923926115036011
repeat1_fold2,MMdata_949.50s_0323_000227_4ml_yumi,35.0,7,189,0.03968253968253968,2,2,1,0.9894256591796875,0.8532183170318604,0.14678168296813965,0.9967958331108093,0.9936134815216064,0.9802178144454956,0.8860846161842346,0.7721807360649109,0.6771003007888794
repeat1_fold2,MMdata_949.50s_0323_000227_4ml_yumi,40.0,8,189,0.04497354497354497,2,2,1,0.9960797429084778,0.8703267574310303,0.12967321276664734,0.9990552067756653,0.9981305003166199,0.9930621385574341,0.6691407561302185,0.33830350637435913,0.42198115587234497
repeat1_fold2,MMdata_949.50s_0323_000227_4ml_yumi,45.0,9,189,0.05026455026455026,2,2,1,0.7416147589683533,0.5312828421592712,0.46871712803840637,0.9801623821258545,0.9604737758636475,0.9105377197265625,0.9809023141860962,0.9621702432632446,0.9123306274414062
repeat1_fold2,MMdata_949.50s_0323_000227_4ml_yumi,50.0,10,189,0.05555555555555555,2,2,1,0.9953191876411438,0.8719445466995239,0.12805543839931488,0.999177873134613,0.9983795285224915,0.9938387870788574,0.876681387424469,0.7533749938011169,0.6599255800247192
repeat1_fold2,MMdata_949.50s_0323_000227_4ml_yumi,55.0,11,189,0.06084656084656084,2,2,1,0.9932623505592346,0.8624210953712463,0.13757891952991486,0.9983550906181335,0.9967312216758728,0.9888033866882324,0.8519911170005798,0.7039951682090759,0.6182690858840942
repeat1_fold2,MMdata_949.50s_0323_000227_4ml_yumi,60.0,12,189,0.06613756613756613,2,1,0,0.996278703212738,0.43209609389305115,0.5679038763046265,0.9971616268157959,0.994533896446228,0.9815848469734192,0.9560021162033081,0.9120165109634399,0.8356470465660095
repeat1_fold2,MMdata_949.50s_0323_000227_4ml_yumi,65.0,13,189,0.07142857142857142,2,2,1,0.9973729848861694,0.8687282800674438,0.13127174973487854,0.9990113973617554,0.998042106628418,0.9927871823310852,0.8492993712425232,0.698647141456604,0.6137306094169617
repeat1_fold2,MMdata_949.50s_0323_000227_4ml_yumi,70.0,14,189,0.07671957671957672,2,2,1,0.990577220916748,0.8610991835594177,0.1389007419347763,0.9983343482017517,0.9966954588890076,0.9886603951454163,0.9393575191497803,0.878724992275238,0.7917110919952393
repeat1_fold2,MMdata_949.50s_0323_000227_4ml_yumi,75.0,15,189,0.082010582010582,2,2,1,0.9936816692352295,0.8652162551879883,0.13478372991085052,0.9986504912376404,0.9973229169845581,0.9905521273612976,0.8815183639526367,0.7630482912063599,0.668666660785675
repeat1_fold2,MMdata_949.50s_0323_000227_4ml_yumi,80.0,16,189,0.0873015873015873,2,2,1,0.9994674324989319,0.8657989501953125,0.13420112431049347,0.9997149109840393,0.9994609355926514,0.9975326061248779,0.9967293739318848,0.994665801525116,0.9780305624008179
repeat1_fold2,MMdata_949.50s_0323_000227_4ml_yumi,85.0,17,189,0.09259259259259259,2,2,1,0.9994076490402222,0.8686884045600891,0.1313115954399109,0.9997223019599915,0.9994813203811646,0.9975786805152893,0.9902815818786621,0.9813018441200256,0.9478281736373901
repeat1_fold2,MMdata_949.50s_0323_000227_4ml_yumi,90.0,18,189,0.09788359788359788,2,2,1,0.9932689070701599,0.8673077821731567,0.13269220292568207,0.9987967014312744,0.9976166486740112,0.991437554359436,0.9301321506500244,0.860274612903595,0.7693475484848022
repeat1_fold2,MMdata_949.50s_0323_000227_4ml_yumi,95.0,19,189,0.10317460317460317,2,2,1,0.9829348921775818,0.8420552015304565,0.15794479846954346,0.9943820834159851,0.9887911677360535,0.9682470560073853,0.888786256313324,0.7775846719741821,0.6821721792221069
repeat1_fold2,MMdata_949.50s_0323_000227_4ml_yumi,100.0,20,189,0.10846560846560846,2,2,1,0.9963930249214172,0.8541789650917053,0.1458209902048111,0.997917115688324,0.9958548545837402,0.9862955808639526,0.8855593800544739,0.7711972594261169,0.6756356358528137
repeat1_fold2,MMdata_949.50s_0323_000227_4ml_yumi,105.0,21,189,0.11375661375661375,2,2,1,0.9986967444419861,0.8727796077728271,0.12722036242485046,0.9995261430740356,0.9990733861923218,0.996188223361969,0.9746339321136475,0.9493697881698608,0.8917641639709473
repeat1_fold2,MMdata_949.50s_0323_000227_4ml_yumi,110.0,22,189,0.11904761904761904,2,2,1,0.9911239147186279,0.8618840575218201,0.13811597228050232,0.9983515739440918,0.9967280030250549,0.9887682795524597,0.9407670497894287,0.8815438747406006,0.7952449917793274
repeat1_fold2,MMdata_949.50s_0323_000227_4ml_yumi,115.0,23,189,0.12433862433862433,2,2,1,0.9952356219291687,0.8712179064750671,0.12878203392028809,0.9990403056144714,0.9981011152267456,0.9929668307304382,0.8813760280609131,0.7627629041671753,0.6684122085571289
repeat1_fold2,MMdata_949.50s_0323_000227_4ml_yumi,120.0,24,189,0.12962962962962962,2,2,1,0.9991660118103027,0.8616053462028503,0.13839462399482727,0.9994927644729614,0.9990077018737793,0.9959531426429749,0.9895009398460388,0.9792742133140564,0.9457988142967224
repeat1_fold2,MMdata_949.50s_0323_000227_4ml_yumi,125.0,25,189,0.1349206349206349,2,2,1,0.9944500923156738,0.8194542527198792,0.18054574728012085,0.9964069724082947,0.9928435683250427,0.9781705141067505,0.9675553441047668,0.9353120923042297,0.8685941100120544
repeat1_fold2,MMdata_949.50s_0323_000227_4ml_yumi,130.0,26,189,0.1402116402116402,2,2,1,0.9933120608329773,0.8651317358016968,0.1348683089017868,0.9984316229820251,0.9968855977058411,0.9892478585243225,0.8231645226478577,0.6463467478752136,0.5751529932022095
repeat1_fold2,MMdata_949.50s_0323_000227_4ml_yumi,135.0,27,189,0.1455026455026455,2,1,0,0.9949853420257568,0.5006917119026184,0.499308317899704,0.9987433552742004,0.9979615211486816,0.9904584288597107,0.9577636122703552,0.9155361652374268,0.8406427502632141
repeat1_fold2,MMdata_949.50s_0323_000227_4ml_yumi,140.0,28,189,0.15079365079365079,2,2,1,0.9991173148155212,0.8468400835990906,0.1531599909067154,0.999362051486969,0.9987488389015198,0.9950516223907471,0.9955386519432068,0.9920297265052795,0.9718637466430664
repeat1_fold2,MMdata_949.50s_0323_000227_4ml_yumi,145.0,29,189,0.15608465608465608,2,2,1,0.5378249287605286,0.5166786313056946,0.48332133889198303,0.9819334149360657,0.9642389416694641,0.9160493612289429,0.9425470232963562,0.885312557220459,0.7985304594039917
repeat1_fold2,MMdata_949.50s_0323_000227_4ml_yumi,150.0,30,189,0.16137566137566137,2,2,1,0.9964684247970581,0.8711644411087036,0.12883560359477997,0.9989173412322998,0.9978545308113098,0.992195725440979,0.6023174524307251,0.20467481017112732,0.38789308071136475
repeat1_fold2,MMdata_949.50s_0323_000227_4ml_yumi,155.0,31,189,0.16666666666666666,2,2,1,0.8651060461997986,0.7780035138130188,0.2219964563846588,0.9115395545959473,0.8231581449508667,0.7272970676422119,0.9370622038841248,0.8741341233253479,0.7860293388366699
repeat1_fold2,MMdata_949.50s_0323_000227_4ml_yumi,160.0,32,189,0.17195767195767195,2,2,1,0.9993370175361633,0.8650169968605042,0.13498303294181824,0.9996299743652344,0.9992988109588623,0.9968893527984619,0.9869714379310608,0.9749195575714111,0.9335847496986389
repeat1_fold2,MMdata_949.50s_0323_000227_4ml_yumi,165.0,33,189,0.17724867724867724,2,2,1,0.9979385733604431,0.8750997185707092,0.12490028142929077,0.9993188381195068,0.9986571073532104,0.9947787523269653,0.855031430721283,0.7101044654846191,0.6229221820831299
repeat1_fold2,MMdata_949.50s_0323_000227_4ml_yumi,170.0,34,189,0.18253968253968253,2,2,1,0.9921297430992126,0.8565201759338379,0.14347976446151733,0.9973863959312439,0.9947968125343323,0.9833518266677856,0.6248399615287781,0.24971038103103638,0.3974561095237732
repeat1_fold2,MMdata_949.50s_0323_000227_4ml_yumi,175.0,35,189,0.18783068783068782,2,2,1,0.9554613828659058,0.8172668814659119,0.18273308873176575,0.9851701855659485,0.9703861474990845,0.9294754862785339,0.9390918612480164,0.878193736076355,0.7910482883453369
repeat1_fold2,MMdata_949.50s_0323_000227_4ml_yumi,180.0,36,189,0.1931216931216931,2,2,1,0.9776542782783508,0.3533139228820801,0.6466861367225647,0.7829082012176514,0.5667476058006287,0.5182938575744629,0.93580162525177,0.872887134552002,0.7773004174232483
repeat1_fold2,MMdata_949.50s_0323_000227_4ml_yumi,185.0,37,189,0.1984126984126984,2,2,1,0.9937649965286255,0.8582016825675964,0.14179833233356476,0.997837245464325,0.9956965446472168,0.985840380191803,0.5396705269813538,0.07937052845954895,0.37165236473083496
repeat1_fold2,MMdata_949.50s_0323_000227_4ml_yumi,190.0,38,189,0.2037037037037037,2,2,1,0.9971638321876526,0.8652137517929077,0.1347862184047699,0.9986311793327332,0.9972788095474243,0.990458071231842,0.8265867829322815,0.6532437801361084,0.579582929611206
repeat1_fold2,MMdata_949.50s_0323_000227_4ml_yumi,195.0,39,189,0.20899470899470898,2,2,1,0.9925858378410339,0.8636379837989807,0.1363619863986969,0.9985826015472412,0.9971885085105896,0.9901403188705444,0.9273037910461426,0.8546169996261597,0.7627443671226501
repeat1_fold2,MMdata_949.50s_0323_000227_4ml_yumi,200.0,40,189,0.21428571428571427,2,2,1,0.9988812804222107,0.8281589150428772,0.17184104025363922,0.9989606142044067,0.997949481010437,0.9924376010894775,0.9906719923019409,0.9824762940406799,0.9487181305885315
repeat1_fold2,MMdata_949.50s_0323_000227_4ml_yumi,205.0,41,189,0.21957671957671956,2,2,1,0.9052570462226868,0.7854751348495483,0.21452485024929047,0.9490399956703186,0.8981589078903198,0.8162034749984741,0.8978517055511475,0.7957175970077515,0.6996954679489136
repeat1_fold2,MMdata_949.50s_0323_000227_4ml_yumi,210.0,42,189,0.22486772486772486,2,2,1,0.9988242983818054,0.8736259341239929,0.1263740509748459,0.9995324611663818,0.999083399772644,0.996240496635437,0.9505617022514343,0.9012386202812195,0.8200714588165283
repeat1_fold2,MMdata_949.50s_0323_000227_4ml_yumi,215.0,43,189,0.23015873015873015,2,2,1,0.9873632788658142,0.8531181216239929,0.14688193798065186,0.9974300265312195,0.9948882460594177,0.98357093334198,0.9382178783416748,0.8764450550079346,0.7888845801353455
repeat1_fold2,MMdata_949.50s_0323_000227_4ml_yumi,220.0,44,189,0.23544973544973544,2,2,1,0.9995152950286865,0.8771665096282959,0.12283355742692947,0.9997479319572449,0.9995288252830505,0.9977796077728271,0.9955006241798401,0.991769552230835,0.9719107151031494
repeat1_fold2,MMdata_949.50s_0323_000227_4ml_yumi,225.0,45,189,0.24074074074074073,2,2,1,0.9878672361373901,0.8476589322090149,0.1523410975933075,0.996366024017334,0.9927598237991333,0.9779682755470276,0.7782561779022217,0.5565319061279297,0.5182029008865356
repeat1_fold2,MMdata_949.50s_0323_000227_4ml_yumi,230.0,46,189,0.24603174603174602,2,2,1,0.9927424192428589,0.8563881516456604,0.1436118185520172,0.9975852966308594,0.9951941967010498,0.9844383597373962,0.5821844935417175,0.16440439224243164,0.3810878396034241
repeat1_fold2,MMdata_949.50s_0323_000227_4ml_yumi,235.0,47,189,0.25132275132275134,2,2,1,0.9917030930519104,0.861804187297821,0.13819585740566254,0.9985454082489014,0.9971168041229248,0.9899086356163025,0.9351401925086975,0.8702894449234009,0.7813382744789124
repeat1_fold2,MMdata_949.50s_0323_000227_4ml_yumi,240.0,48,189,0.2566137566137566,2,2,1,0.9989560842514038,0.8388447165489197,0.16115525364875793,0.9990966320037842,0.9982159733772278,0.9933174252510071,0.9958353042602539,0.9925830960273743,0.9734460115432739
repeat1_fold2,MMdata_949.50s_0323_000227_4ml_yumi,245.0,49,189,0.2619047619047619,2,1,0,0.7396416068077087,0.6655809283256531,0.33441904187202454,0.8218291401863098,0.643936812877655,0.571562647819519,0.8946266174316406,0.7892675399780273,0.6933646202087402
repeat1_fold2,MMdata_949.50s_0323_000227_4ml_yumi,250.0,50,189,0.2671957671957672,2,2,1,0.999245285987854,0.8642298579216003,0.13577015697956085,0.9996312856674194,0.999285876750946,0.9969328045845032,0.9906531572341919,0.9817714095115662,0.9500946998596191
repeat1_fold2,MMdata_949.50s_0323_000227_4ml_yumi,255.0,51,189,0.2724867724867725,2,2,1,0.9905231595039368,0.8582807779312134,0.14171919226646423,0.9979718327522278,0.9959680438041687,0.9865887761116028,0.9171552062034607,0.8343208432197571,0.7398843765258789
repeat1_fold2,MMdata_949.50s_0323_000227_4ml_yumi,260.0,52,189,0.2777777777777778,2,2,1,0.9994145631790161,0.8680968284606934,0.13190320134162903,0.9996588230133057,0.9993466138839722,0.9971204400062561,0.9927719235420227,0.9864447116851807,0.95853590965271
repeat1_fold2,MMdata_949.50s_0323_000227_4ml_yumi,265.0,53,189,0.2830687830687831,2,2,1,0.9908682107925415,0.8598300814628601,0.1401698887348175,0.9979938268661499,0.9960124492645264,0.9867110848426819,0.9062002897262573,0.8124116659164429,0.716593861579895
repeat1_fold2,MMdata_949.50s_0323_000227_4ml_yumi,270.0,54,189,0.28835978835978837,2,2,1,0.9991040825843811,0.8752843737602234,0.124715656042099,0.9996249675750732,0.9992688894271851,0.9968973398208618,0.9716240167617798,0.9433720707893372,0.881806492805481
repeat1_fold2,MMdata_949.50s_0323_000227_4ml_yumi,275.0,55,189,0.29365079365079366,2,2,1,0.9942756295204163,0.8689626455307007,0.13103735446929932,0.9989067316055298,0.9978346824645996,0.9921245574951172,0.9119859337806702,0.8239817023277283,0.7287324666976929
repeat1_fold2,MMdata_949.50s_0323_000227_4ml_yumi,280.0,56,189,0.29894179894179895,2,2,1,0.9993583559989929,0.8610486388206482,0.1389513909816742,0.999610960483551,0.9992522597312927,0.9967676997184753,0.9911881685256958,0.983303964138031,0.9513632655143738
repeat1_fold2,MMdata_949.50s_0323_000227_4ml_yumi,285.0,57,189,0.30423280423280424,2,2,1,0.9823358654975891,0.8415471911430359,0.1584528237581253,0.9945449829101562,0.9891192317008972,0.9690064787864685,0.8894048929214478,0.7788233757019043,0.6833338141441345
repeat1_fold2,MMdata_949.50s_0323_000227_4ml_yumi,290.0,58,189,0.30952380952380953,2,2,1,0.9927736520767212,0.8359617590904236,0.16403824090957642,0.9949742555618286,0.9899733066558838,0.9710807800292969,0.8110385537147522,0.6221680641174316,0.5580794215202332
repeat1_fold2,MMdata_949.50s_0323_000227_4ml_yumi,295.0,59,189,0.3148148148148148,2,2,1,0.9911604523658752,0.8601683974266052,0.13983160257339478,0.9982165694236755,0.9964575171470642,0.9879867434501648,0.9231539964675903,0.8463178873062134,0.7532379627227783
repeat1_fold2,MMdata_949.50s_0323_000227_4ml_yumi,300.0,60,189,0.3201058201058201,2,2,1,0.9993934631347656,0.8612411022186279,0.13875892758369446,0.9996474981307983,0.9993237257003784,0.9970375895500183,0.9954723119735718,0.9920860528945923,0.9713162183761597
repeat1_fold2,MMdata_949.50s_0323_000227_4ml_yumi,305.0,61,189,0.3253968253968254,2,2,1,0.9931580424308777,0.8665505647659302,0.13344943523406982,0.9985828399658203,0.9971883893013,0.9901435971260071,0.9110397696495056,0.8220893144607544,0.7267236113548279
repeat1_fold2,MMdata_949.50s_0323_000227_4ml_yumi,310.0,62,189,0.3306878306878307,2,2,1,0.9983976483345032,0.8697406053543091,0.13025934994220734,0.9992414712905884,0.9984993934631348,0.9942761659622192,0.9214533567428589,0.8429983854293823,0.7488499283790588
repeat1_fold2,MMdata_949.50s_0323_000227_4ml_yumi,315.0,63,189,0.335978835978836,2,2,1,0.9957885146141052,0.8732510805130005,0.1267489194869995,0.9991463422775269,0.9983125925064087,0.9936472177505493,0.8788536787033081,0.7577177882194519,0.6638388633728027
repeat1_fold2,MMdata_949.50s_0323_000227_4ml_yumi,320.0,64,189,0.3412698412698413,2,2,1,0.9972781538963318,0.7836053371429443,0.21639463305473328,0.9957192540168762,0.9914757609367371,0.9746672511100769,0.831974446773529,0.6646372675895691,0.5838268995285034
repeat1_fold2,MMdata_949.50s_0323_000227_4ml_yumi,325.0,65,189,0.34656084656084657,2,2,1,0.9941086769104004,0.868823766708374,0.1311762034893036,0.9988332390785217,0.997689425945282,0.991662859916687,0.9008588194847107,0.8017280101776123,0.7057217359542847
repeat1_fold2,MMdata_949.50s_0323_000227_4ml_yumi,330.0,66,189,0.35185185185185186,2,2,1,0.9971755743026733,0.8559554219245911,0.14404456317424774,0.9982719421386719,0.99656081199646,0.9883366823196411,0.8901109099388123,0.7803264260292053,0.6840417981147766
repeat1_fold2,MMdata_949.50s_0323_000227_4ml_yumi,335.0,67,189,0.35714285714285715,2,2,1,0.9925663471221924,0.8633131980895996,0.136686772108078,0.9982962012290955,0.9966134428977966,0.9884604811668396,0.8973056077957153,0.7946223020553589,0.6986421346664429
repeat1_fold2,MMdata_949.50s_0323_000227_4ml_yumi,340.0,68,189,0.36243386243386244,2,2,1,0.9052780866622925,0.2599872350692749,0.7400127053260803,0.9984428286552429,0.9972606301307678,0.9886377453804016,0.9827489852905273,0.9698562026023865,0.9118080139160156
repeat1_fold2,MMdata_949.50s_0323_000227_4ml_yumi,345.0,69,189,0.36772486772486773,2,2,1,0.9500946402549744,0.815719723701477,0.18428026139736176,0.9789639711380005,0.9579743146896362,0.9068156480789185,0.9330291152000427,0.8660678863525391,0.7762385606765747
repeat1_fold2,MMdata_949.50s_0323_000227_4ml_yumi,350.0,70,189,0.373015873015873,2,2,1,0.9978216886520386,0.8702929019927979,0.12970706820487976,0.9991078972816467,0.9982331395149231,0.9934095144271851,0.8416324853897095,0.6833285689353943,0.6017578840255737
repeat1_fold2,MMdata_949.50s_0323_000227_4ml_yumi,355.0,71,189,0.3783068783068783,2,2,1,0.9954656958580017,0.8722641468048096,0.12773583829402924,0.9991330504417419,0.9982866644859314,0.9935582280158997,0.8984161615371704,0.7968421578407288,0.7008503675460815
repeat1_fold2,MMdata_949.50s_0323_000227_4ml_yumi,360.0,72,189,0.3835978835978836,2,2,1,0.9989959597587585,0.8571092486381531,0.14289075136184692,0.999312162399292,0.9986587166786194,0.99468994140625,0.904658317565918,0.8099908232688904,0.7098740339279175
repeat1_fold2,MMdata_949.50s_0323_000227_4ml_yumi,365.0,73,189,0.3888888888888889,2,2,1,0.9919971823692322,0.8638570308685303,0.1361430138349533,0.9985900521278381,0.9972072243690491,0.9901711344718933,0.9349108338356018,0.8698307275772095,0.7807812690734863
repeat1_fold2,MMdata_949.50s_0323_000227_4ml_yumi,370.0,74,189,0.3941798941798942,2,2,1,0.9984416365623474,0.8758836984634399,0.12411627173423767,0.9993522763252258,0.9987205862998962,0.9950140714645386,0.893896222114563,0.7878668904304504,0.6915143728256226
repeat1_fold2,MMdata_949.50s_0323_000227_4ml_yumi,375.0,75,189,0.3994708994708995,2,2,1,0.9919493198394775,0.8625145554542542,0.13748537003993988,0.9983615279197693,0.9967465996742249,0.9888319373130798,0.9070747494697571,0.8141604661941528,0.7184040546417236
repeat1_fold2,MMdata_949.50s_0323_000227_4ml_yumi,380.0,76,189,0.40476190476190477,2,2,1,0.9989266991615295,0.8276944756507874,0.17230552434921265,0.9990183115005493,0.9980621933937073,0.992810070514679,0.9936873316764832,0.9886825680732727,0.9622359275817871
repeat1_fold2,MMdata_949.50s_0323_000227_4ml_yumi,385.0,77,189,0.41005291005291006,2,2,1,0.9876514673233032,0.853217363357544,0.14678265154361725,0.9969111084938049,0.9938485622406006,0.9808028936386108,0.9166722297668457,0.8333545327186584,0.7388314008712769
repeat1_fold2,MMdata_949.50s_0323_000227_4ml_yumi,390.0,78,189,0.41534391534391535,2,2,1,0.9984323382377625,0.8777987360954285,0.12220124155282974,0.9993846416473389,0.9987856149673462,0.9952304363250732,0.8827311992645264,0.7655192017555237,0.6705495119094849
repeat1_fold2,MMdata_949.50s_0323_000227_4ml_yumi,395.0,79,189,0.42063492063492064,2,1,0,0.6025676131248474,0.6885582804679871,0.31144168972969055,0.5085134506225586,0.0174066424369812,0.36637985706329346,0.9572597742080688,0.9145286679267883,0.8392122387886047
repeat1_fold2,MMdata_949.50s_0323_000227_4ml_yumi,400.0,80,189,0.42592592592592593,2,2,1,0.9993997812271118,0.866815447807312,0.13318458199501038,0.9996308088302612,0.9992896318435669,0.9969174265861511,0.9907716512680054,0.9824044108390808,0.9496757984161377
repeat1_fold2,MMdata_949.50s_0323_000227_4ml_yumi,405.0,81,189,0.4312169312169312,2,1,0,0.8889598250389099,0.6202138662338257,0.3797861337661743,0.8597164750099182,0.7201395630836487,0.6268737316131592,0.963184654712677,0.9263792037963867,0.8563835620880127
repeat1_fold2,MMdata_949.50s_0323_000227_4ml_yumi,410.0,82,189,0.4365079365079365,2,2,1,0.997222900390625,0.8702160120010376,0.1297840178012848,0.9988914132118225,0.9977996349334717,0.9920464158058167,0.7389218211174011,0.4778914153575897,0.4769400358200073
repeat1_fold2,MMdata_949.50s_0323_000227_4ml_yumi,415.0,83,189,0.4417989417989418,2,2,1,0.9986550807952881,0.8752078413963318,0.12479221075773239,0.9994534850120544,0.9989249110221863,0.9956942200660706,0.9257734417915344,0.8516143560409546,0.7588069438934326
repeat1_fold2,MMdata_949.50s_0323_000227_4ml_yumi,420.0,84,189,0.4470899470899471,2,2,1,0.9994481205940247,0.867393434047699,0.13260656595230103,0.999723494052887,0.9994743466377258,0.9976051449775696,0.9969027638435364,0.9948214888572693,0.9791141152381897
repeat1_fold2,MMdata_949.50s_0323_000227_4ml_yumi,425.0,85,189,0.4523809523809524,2,1,0,0.6325746178627014,0.6882519721984863,0.31174805760383606,0.6296133399009705,0.25953659415245056,0.39772504568099976,0.9401594996452332,0.8803290128707886,0.7937164306640625
repeat1_fold2,MMdata_949.50s_0323_000227_4ml_yumi,430.0,86,189,0.4576719576719577,2,2,1,0.8961195945739746,0.7772154211997986,0.22278457880020142,0.8815652132034302,0.763202428817749,0.6683090329170227,0.7924787402153015,0.5849804878234863,0.5349715948104858
repeat1_fold2,MMdata_949.50s_0323_000227_4ml_yumi,435.0,87,189,0.46296296296296297,2,2,1,0.9310309886932373,0.7920414209365845,0.20795860886573792,0.9627509713172913,0.925584077835083,0.854647696018219,0.7984594106674194,0.5969387292861938,0.5423917770385742
repeat1_fold2,MMdata_949.50s_0323_000227_4ml_yumi,440.0,88,189,0.46825396825396826,2,2,1,0.9993466734886169,0.85471510887146,0.145284965634346,0.9995889067649841,0.9992044568061829,0.996618390083313,0.9957178235054016,0.9927486777305603,0.9724524021148682
repeat1_fold2,MMdata_949.50s_0323_000227_4ml_yumi,445.0,89,189,0.47354497354497355,2,2,1,0.9846685528755188,0.8483889102935791,0.15161114931106567,0.9966021776199341,0.9932366013526917,0.97916579246521,0.9322420954704285,0.8644938468933105,0.7743552327156067
repeat1_fold2,MMdata_949.50s_0323_000227_4ml_yumi,450.0,90,189,0.47883597883597884,2,2,1,0.9466763734817505,0.7897413372993469,0.2102586328983307,0.944180428981781,0.8884168863296509,0.8036167025566101,0.6004027128219604,0.20084106922149658,0.38721197843551636
repeat1_fold2,MMdata_949.50s_0323_000227_4ml_yumi,455.0,91,189,0.48412698412698413,2,2,1,0.9987063407897949,0.8742770552635193,0.12572288513183594,0.9994219541549683,0.9988609552383423,0.9954813718795776,0.9382659196853638,0.8766117691993713,0.7885302901268005
repeat1_fold2,MMdata_949.50s_0323_000227_4ml_yumi,460.0,92,189,0.4894179894179894,2,2,1,0.8485757112503052,0.4882562756538391,0.5117437243461609,0.9733306169509888,0.9468564391136169,0.8870199918746948,0.9891200065612793,0.9792764782905579,0.9422638416290283
repeat1_fold2,MMdata_949.50s_0323_000227_4ml_yumi,465.0,93,189,0.4947089947089947,2,2,1,0.9927964806556702,0.8646630644798279,0.13533690571784973,0.9984315037727356,0.9968857765197754,0.9892460703849792,0.887999415397644,0.7760112881660461,0.6806850433349609
repeat1_fold2,MMdata_949.50s_0323_000227_4ml_yumi,470.0,94,189,0.5,2,2,1,0.9967197775840759,0.8741748332977295,0.12582515180110931,0.9990824460983276,0.998182475566864,0.9932456016540527,0.6284187436103821,0.2568592131137848,0.3992190361022949
repeat1_fold2,MMdata_949.50s_0323_000227_4ml_yumi,475.0,95,189,0.5052910052910053,2,2,1,0.9973784685134888,0.8747866153717041,0.12521333992481232,0.9991724491119385,0.9983630180358887,0.9938213229179382,0.6539216041564941,0.3078800141811371,0.4125691056251526
repeat1_fold2,MMdata_949.50s_0323_000227_4ml_yumi,480.0,96,189,0.5105820105820106,2,2,1,0.9799001812934875,0.5521995425224304,0.4478004276752472,0.8110105991363525,0.6222030520439148,0.5574426651000977,0.9647771716117859,0.9315719604492188,0.8541965484619141
repeat1_fold2,MMdata_949.50s_0323_000227_4ml_yumi,485.0,97,189,0.5158730158730159,2,2,1,0.9931390881538391,0.8655588626861572,0.13444113731384277,0.9987918734550476,0.9976099729537964,0.9913979768753052,0.9236466884613037,0.8473029732704163,0.7543556094169617
repeat1_fold2,MMdata_949.50s_0323_000227_4ml_yumi,490.0,98,189,0.5211640211640212,2,2,1,0.9966776371002197,0.8739655613899231,0.12603439390659332,0.9990988969802856,0.9982154369354248,0.9933501482009888,0.6709927916526794,0.3420064449310303,0.4231846332550049
repeat1_fold2,MMdata_949.50s_0323_000227_4ml_yumi,495.0,99,189,0.5264550264550265,2,2,1,0.9990628361701965,0.8606992363929749,0.13930080831050873,0.9993739724159241,0.9987676739692688,0.9951467514038086,0.9875168204307556,0.9753084778785706,0.9377003908157349
repeat1_fold2,MMdata_949.50s_0323_000227_4ml_yumi,500.0,100,189,0.5317460317460317,2,2,1,0.9971899390220642,0.8597925305366516,0.140207439661026,0.9985162615776062,0.9970498085021973,0.9897681474685669,0.8989521265029907,0.7979934811592102,0.7013543844223022
repeat1_fold2,MMdata_949.50s_0323_000227_4ml_yumi,505.0,101,189,0.5370370370370371,2,2,1,0.9911688566207886,0.8584341406822205,0.14156590402126312,0.997724711894989,0.9954742789268494,0.9852027297019958,0.8104967474937439,0.6210105419158936,0.5579172372817993
repeat1_fold2,MMdata_949.50s_0323_000227_4ml_yumi,510.0,102,189,0.5423280423280423,2,2,1,0.993648111820221,0.859541654586792,0.1404583901166916,0.9972904920578003,0.9945984482765198,0.9828620553016663,0.6297983527183533,0.2596237063407898,0.39983677864074707
repeat1_fold2,MMdata_949.50s_0323_000227_4ml_yumi,515.0,103,189,0.5476190476190477,2,2,1,0.9993847608566284,0.8709462881088257,0.1290537267923355,0.9996837377548218,0.9993905425071716,0.9973165988922119,0.9939104318618774,0.9880574941635132,0.9652881026268005
repeat1_fold2,MMdata_949.50s_0323_000227_4ml_yumi,520.0,104,189,0.5529100529100529,2,2,1,0.9993765950202942,0.8610217571258545,0.1389782428741455,0.9996428489685059,0.9993134140968323,0.997006893157959,0.995686948299408,0.9925023317337036,0.9724450707435608
repeat1_fold2,MMdata_949.50s_0323_000227_4ml_yumi,525.0,105,189,0.5582010582010583,2,2,1,0.995206892490387,0.8707566261291504,0.12924343347549438,0.9989246726036072,0.997870683670044,0.9922358393669128,0.8209499716758728,0.6419134140014648,0.5721042156219482
repeat1_fold2,MMdata_949.50s_0323_000227_4ml_yumi,530.0,106,189,0.5634920634920635,2,2,1,0.996063768863678,0.8728551864624023,0.12714478373527527,0.9990479350090027,0.9981144070625305,0.9930222630500793,0.8049674034118652,0.6099495887756348,0.5507118105888367
repeat1_fold2,MMdata_949.50s_0323_000227_4ml_yumi,535.0,107,189,0.5687830687830688,2,2,1,0.9993923902511597,0.8695347905158997,0.13046519458293915,0.9996811151504517,0.9993859529495239,0.9972962141036987,0.994312047958374,0.9889218807220459,0.967009961605072
repeat1_fold2,MMdata_949.50s_0323_000227_4ml_yumi,540.0,108,189,0.5740740740740741,2,2,1,0.9979645013809204,0.8561921119689941,0.14380790293216705,0.9989104270935059,0.9978397488594055,0.9921562075614929,0.9736881852149963,0.9475285410881042,0.8883917331695557
repeat1_fold2,MMdata_949.50s_0323_000227_4ml_yumi,545.0,109,189,0.5793650793650794,2,2,1,0.9822542071342468,0.8454452753067017,0.15455467998981476,0.9952012300491333,0.9904329776763916,0.9721522927284241,0.9110480546951294,0.8221070170402527,0.7267328500747681
repeat1_fold2,MMdata_949.50s_0323_000227_4ml_yumi,550.0,110,189,0.5846560846560847,2,2,1,0.989554762840271,0.8494846820831299,0.15051531791687012,0.9957534074783325,0.9915279150009155,0.9749104380607605,0.7764045000076294,0.5528277158737183,0.5161031484603882
repeat1_fold2,MMdata_949.50s_0323_000227_4ml_yumi,555.0,111,189,0.58994708994709,2,2,1,0.9988418221473694,0.8620176911354065,0.1379823535680771,0.999322772026062,0.9986638426780701,0.9948080778121948,0.9783632755279541,0.9569020867347717,0.9040953516960144
repeat1_fold2,MMdata_949.50s_0323_000227_4ml_yumi,560.0,112,189,0.5952380952380952,2,1,0,0.9678666591644287,0.558000385761261,0.441999614238739,0.9890252947807312,0.9784355759620667,0.9434726238250732,0.9027121663093567,0.8054429292678833,0.7093965411186218
repeat1_fold2,MMdata_949.50s_0323_000227_4ml_yumi,565.0,113,189,0.6005291005291006,2,2,1,0.9964433312416077,0.8746483325958252,0.1253516972064972,0.999117910861969,0.998256504535675,0.9934603571891785,0.6128793954849243,0.22577980160713196,0.3922603130340576
repeat1_fold2,MMdata_949.50s_0323_000227_4ml_yumi,570.0,114,189,0.6058201058201058,2,2,1,0.994698166847229,0.8683765530586243,0.13162344694137573,0.9985759258270264,0.9971697926521301,0.9901204109191895,0.8406029343605042,0.6812198758125305,0.6005750894546509
repeat1_fold2,MMdata_949.50s_0323_000227_4ml_yumi,575.0,115,189,0.6111111111111112,2,2,1,0.9985477328300476,0.8223549127578735,0.17764505743980408,0.9983035326004028,0.9966316819190979,0.9884890913963318,0.9949786067008972,0.9913648366928101,0.968531608581543
repeat1_fold2,MMdata_949.50s_0323_000227_4ml_yumi,580.0,116,189,0.6164021164021164,2,2,1,0.8829072713851929,0.7492290735244751,0.2507708966732025,0.8504807353019714,0.701085090637207,0.6150826811790466,0.5867933034896851,0.17362824082374573,0.38246655464172363
repeat1_fold2,MMdata_949.50s_0323_000227_4ml_yumi,585.0,117,189,0.6216931216931217,2,2,1,0.9918700456619263,0.8566956520080566,0.14330436289310455,0.9973827004432678,0.9947898387908936,0.9833303093910217,0.6648054122924805,0.32963359355926514,0.41923314332962036
repeat1_fold2,MMdata_949.50s_0323_000227_4ml_yumi,590.0,118,189,0.626984126984127,2,2,1,0.9960558414459229,0.8747298717498779,0.12527011334896088,0.9991139769554138,0.9982460141181946,0.9934453964233398,0.8718274831771851,0.7436660528182983,0.651366651058197
repeat1_fold2,MMdata_949.50s_0323_000227_4ml_yumi,595.0,119,189,0.6322751322751323,2,2,1,0.997661828994751,0.8445917963981628,0.15540818870067596,0.9980990290641785,0.9962179660797119,0.9873296618461609,0.9643187522888184,0.9288004040718079,0.8589062690734863
repeat1_fold2,MMdata_949.50s_0323_000227_4ml_yumi,600.0,120,189,0.6375661375661376,2,2,1,0.9957234859466553,0.8715549111366272,0.128445103764534,0.9989386200904846,0.9978970885276794,0.9923285245895386,0.7673029899597168,0.5346221327781677,0.506026029586792
repeat1_fold2,MMdata_949.50s_0323_000227_4ml_yumi,605.0,121,189,0.6428571428571429,2,2,1,0.997651994228363,0.8724877238273621,0.12751233577728271,0.9991466999053955,0.9983126521110535,0.993651807308197,0.8428472876548767,0.6857481002807617,0.6036821603775024
repeat1_fold2,MMdata_949.50s_0323_000227_4ml_yumi,610.0,122,189,0.6481481481481481,2,2,1,0.9954596161842346,0.8719989657402039,0.12800106406211853,0.9989343285560608,0.9978866577148438,0.9923086166381836,0.868648111820221,0.7373082637786865,0.6458511352539062
repeat1_fold2,MMdata_949.50s_0323_000227_4ml_yumi,615.0,123,189,0.6534391534391535,2,2,1,0.9607212543487549,0.2898623049259186,0.710137665271759,0.970571756362915,0.9418030977249146,0.876292884349823,0.9163269996643066,0.8349128365516663,0.728715181350708
repeat1_fold2,MMdata_949.50s_0323_000227_4ml_yumi,620.0,124,189,0.6587301587301587,2,2,1,0.9929162263870239,0.8581656813621521,0.1418342888355255,0.9976943135261536,0.9954107999801636,0.9850462079048157,0.6999306082725525,0.3998834788799286,0.44370055198669434
repeat1_fold2,MMdata_949.50s_0323_000227_4ml_yumi,625.0,125,189,0.6640211640211641,2,2,1,0.9992857575416565,0.8521649837493896,0.14783507585525513,0.9995942711830139,0.999217689037323,0.9966505169868469,0.9962636828422546,0.993963897228241,0.9753298759460449
repeat1_fold2,MMdata_949.50s_0323_000227_4ml_yumi,630.0,126,189,0.6693121693121693,2,2,1,0.9697977304458618,0.826233446598053,0.17376649379730225,0.9851260185241699,0.9702815413475037,0.9293952584266663,0.8940280675888062,0.788068413734436,0.6922176480293274
repeat1_fold2,MMdata_949.50s_0323_000227_4ml_yumi,635.0,127,189,0.6746031746031746,2,2,1,0.9946300983428955,0.7954996824264526,0.20450034737586975,0.9908678531646729,0.9817637801170349,0.9525173902511597,0.9867540001869202,0.9738746285438538,0.9343613982200623
repeat1_fold2,MMdata_949.50s_0323_000227_4ml_yumi,640.0,128,189,0.6798941798941799,2,1,0,0.9968674778938293,0.44638440012931824,0.5536155700683594,0.9976984858512878,0.9955378174781799,0.9847002029418945,0.9490305185317993,0.8980708718299866,0.8166289329528809
repeat1_fold2,MMdata_949.50s_0323_000227_4ml_yumi,645.0,129,189,0.6851851851851852,2,2,1,0.9945331811904907,0.849439799785614,0.1505601853132248,0.9969825148582458,0.9939877986907959,0.9811968207359314,0.8371366262435913,0.6743348240852356,0.5950033664703369
repeat1_fold2,MMdata_949.50s_0323_000227_4ml_yumi,650.0,130,189,0.6904761904761905,2,2,1,0.9945106506347656,0.8677378296852112,0.1322622150182724,0.9985206723213196,0.9970594048500061,0.9897911548614502,0.8395026922225952,0.6790189743041992,0.5989166498184204
repeat1_fold2,MMdata_949.50s_0323_000227_4ml_yumi,655.0,131,189,0.6957671957671958,2,2,1,0.9945356845855713,0.7330098152160645,0.26699018478393555,0.9844969511032104,0.9690372347831726,0.9269292950630188,0.9650125503540039,0.9318779706954956,0.8553453087806702
repeat1_fold2,MMdata_949.50s_0323_000227_4ml_yumi,660.0,132,189,0.701058201058201,2,1,0,0.6871790885925293,0.6813895106315613,0.3186104893684387,0.6885597705841064,0.3774048089981079,0.4333495497703552,0.9476916193962097,0.8953930139541626,0.8130815625190735
repeat1_fold2,MMdata_949.50s_0323_000227_4ml_yumi,665.0,133,189,0.7063492063492064,2,2,1,0.9992485642433167,0.8674041032791138,0.13259592652320862,0.9996228218078613,0.9992672801017761,0.9968757629394531,0.9901891350746155,0.9805657267570496,0.9489737749099731
repeat1_fold2,MMdata_949.50s_0323_000227_4ml_yumi,670.0,134,189,0.7116402116402116,2,2,1,0.9956979751586914,0.8731006383895874,0.12689928710460663,0.999016284942627,0.9980505108833313,0.992823600769043,0.8722665309906006,0.7445444464683533,0.6521315574645996
repeat1_fold2,MMdata_949.50s_0323_000227_4ml_yumi,675.0,135,189,0.716931216931217,2,2,1,0.9992851614952087,0.8681588768959045,0.13184112310409546,0.9996140599250793,0.9992484450340271,0.9968147277832031,0.9932581186294556,0.9867985844612122,0.9621363878250122
repeat1_fold2,MMdata_949.50s_0323_000227_4ml_yumi,680.0,136,189,0.7222222222222222,2,2,1,0.7798174023628235,0.741544783115387,0.2584552466869354,0.7793453931808472,0.558840274810791,0.5185057520866394,0.8510656952857971,0.7021494507789612,0.6167554259300232
repeat1_fold2,MMdata_949.50s_0323_000227_4ml_yumi,685.0,137,189,0.7275132275132276,2,2,1,0.9992800354957581,0.8708600997924805,0.12913990020751953,0.9996602535247803,0.9993424415588379,0.9971470832824707,0.9889100790023804,0.9779808521270752,0.9437546730041504
repeat1_fold2,MMdata_949.50s_0323_000227_4ml_yumi,690.0,138,189,0.7328042328042328,2,2,1,0.9944924116134644,0.8675434589385986,0.13245660066604614,0.9985620379447937,0.9971424341201782,0.9900364279747009,0.8486406207084656,0.6972945928573608,0.6129683256149292
repeat1_fold2,MMdata_949.50s_0323_000227_4ml_yumi,695.0,139,189,0.7380952380952381,2,2,1,0.9985219836235046,0.8231583833694458,0.17684155702590942,0.9985087513923645,0.99704509973526,0.9896853566169739,0.9876987934112549,0.9773726463317871,0.9346938729286194
repeat1_fold2,MMdata_949.50s_0323_000227_4ml_yumi,700.0,140,189,0.7433862433862434,2,2,1,0.9941973686218262,0.8675062656402588,0.13249368965625763,0.9987125396728516,0.997446596622467,0.9909296035766602,0.8693756461143494,0.7387630939483643,0.6471056938171387
repeat1_fold2,MMdata_949.50s_0323_000227_4ml_yumi,705.0,141,189,0.7486772486772487,2,2,1,0.9993287324905396,0.85743647813797,0.1425635665655136,0.9996150732040405,0.999255895614624,0.9968090057373047,0.9959404468536377,0.9925562143325806,0.9743013978004456
repeat1_fold2,MMdata_949.50s_0323_000227_4ml_yumi,710.0,142,189,0.753968253968254,2,2,1,0.9807782173156738,0.8401130437850952,0.15988695621490479,0.9930621981620789,0.9861493110656738,0.9621657729148865,0.9028372764587402,0.8056864142417908,0.7097042202949524
repeat1_fold2,MMdata_949.50s_0323_000227_4ml_yumi,715.0,143,189,0.7592592592592593,2,2,1,0.8962550163269043,0.7466764450073242,0.25332358479499817,0.7554142475128174,0.5109272003173828,0.49283456802368164,0.6851595044136047,0.3703961670398712,0.43234050273895264
repeat1_fold2,MMdata_949.50s_0323_000227_4ml_yumi,720.0,144,189,0.7645502645502645,2,1,0,0.5498400926589966,0.6913648843765259,0.3086351156234741,0.5460858941078186,0.09248977899551392,0.37055039405822754,0.9226270318031311,0.8452666997909546,0.7520247101783752
repeat1_fold2,MMdata_949.50s_0323_000227_4ml_yumi,725.0,145,189,0.7698412698412699,2,2,1,0.9976373910903931,0.8004907369613647,0.19950924813747406,0.9969857335090637,0.9939962029457092,0.9812040328979492,0.9952822327613831,0.991987943649292,0.9700842499732971
repeat1_fold2,MMdata_949.50s_0323_000227_4ml_yumi,730.0,146,189,0.7751322751322751,2,2,1,0.9922713041305542,0.8634181618690491,0.13658185303211212,0.997994065284729,0.9960068464279175,0.9867368936538696,0.9118120670318604,0.8236344456672668,0.7283577919006348
repeat1_fold2,MMdata_949.50s_0323_000227_4ml_yumi,735.0,147,189,0.7804232804232805,2,2,1,0.9994398951530457,0.8681538701057434,0.13184615969657898,0.9996981620788574,0.9994216561317444,0.9974185228347778,0.9970077872276306,0.9946457147598267,0.980049192905426
repeat1_fold2,MMdata_949.50s_0323_000227_4ml_yumi,740.0,148,189,0.7857142857142857,2,1,0,0.7773377895355225,0.6720122694969177,0.3279877305030823,0.820326030254364,0.6408987045288086,0.5696654915809631,0.9311319589614868,0.8622743487358093,0.7717097997665405
repeat1_fold2,MMdata_949.50s_0323_000227_4ml_yumi,745.0,149,189,0.791005291005291,2,2,1,0.9991840720176697,0.8456060290336609,0.1543940007686615,0.9994158744812012,0.9988574981689453,0.9954134821891785,0.9945640563964844,0.9903374910354614,0.9666404724121094
repeat1_fold2,MMdata_949.50s_0323_000227_4ml_yumi,750.0,150,189,0.7962962962962963,2,2,1,0.9939571619033813,0.8681749105453491,0.1318250447511673,0.9986605644226074,0.9973400831222534,0.9906253218650818,0.9092268943786621,0.8184641599655151,0.722898006439209
repeat1_fold2,MMdata_949.50s_0323_000227_4ml_yumi,755.0,151,189,0.8015873015873016,2,2,1,0.9939066767692566,0.864707887172699,0.1352921724319458,0.9984992742538452,0.9970194697380066,0.9896529316902161,0.8303229212760925,0.660659670829773,0.5853699445724487
repeat1_fold2,MMdata_949.50s_0323_000227_4ml_yumi,760.0,152,189,0.8068783068783069,2,2,1,0.9907826781272888,0.8582862019538879,0.14171376824378967,0.9976175427436829,0.9952585101127625,0.9846161603927612,0.8820633888244629,0.7641386389732361,0.669661283493042
repeat1_fold2,MMdata_949.50s_0323_000227_4ml_yumi,765.0,153,189,0.8121693121693122,2,2,1,0.9993956089019775,0.8638884425163269,0.13611161708831787,0.9997038245201111,0.9994351863861084,0.9974573850631714,0.9957461953163147,0.9918728470802307,0.9738293290138245
repeat1_fold2,MMdata_949.50s_0323_000227_4ml_yumi,770.0,154,189,0.8174603174603174,2,2,1,0.9921878576278687,0.8589698076248169,0.1410301774740219,0.9969362020492554,0.9938903450965881,0.980972945690155,0.7786221504211426,0.557261049747467,0.5186454057693481
repeat1_fold2,MMdata_949.50s_0323_000227_4ml_yumi,775.0,155,189,0.8227513227513228,2,2,1,0.9954251646995544,0.8682661056518555,0.13173386454582214,0.9987688660621643,0.9975578784942627,0.991278886795044,0.7247909903526306,0.4496006965637207,0.46426141262054443
repeat1_fold2,MMdata_949.50s_0323_000227_4ml_yumi,780.0,156,189,0.828042328042328,2,2,1,0.9941083192825317,0.8676088452339172,0.13239111006259918,0.9986390471458435,0.997298538684845,0.9904891848564148,0.8688560724258423,0.7377243041992188,0.6462076902389526
repeat1_fold2,MMdata_949.50s_0323_000227_4ml_yumi,785.0,157,189,0.8333333333333334,2,2,1,0.9994052648544312,0.8892070055007935,0.11079303175210953,0.9997329115867615,0.9995018243789673,0.9976600408554077,0.9645569324493408,0.9296464323997498,0.8580530881881714
repeat1_fold2,MMdata_949.50s_0323_000227_4ml_yumi,790.0,158,189,0.8386243386243386,2,2,1,0.5947688817977905,0.7207688093185425,0.2792311906814575,0.643848717212677,0.2879127264022827,0.40562939643859863,0.9232879877090454,0.846588671207428,0.7535189390182495
repeat1_fold2,MMdata_949.50s_0323_000227_4ml_yumi,795.0,159,189,0.843915343915344,2,2,1,0.9933116436004639,0.8522639870643616,0.14773602783679962,0.9969742298126221,0.9939696788787842,0.9811599850654602,0.6409426331520081,0.2819308936595917,0.4053146243095398
repeat1_fold2,MMdata_949.50s_0323_000227_4ml_yumi,800.0,160,189,0.8492063492063492,2,2,1,0.9930896162986755,0.8655818104743958,0.13441818952560425,0.9985249638557434,0.9970718026161194,0.9898015856742859,0.9001262784004211,0.8002634048461914,0.7042490243911743
repeat1_fold2,MMdata_949.50s_0323_000227_4ml_yumi,805.0,161,189,0.8544973544973545,2,2,1,0.9994686245918274,0.8671603798866272,0.13283954560756683,0.9997325539588928,0.9994926452636719,0.9976732730865479,0.9974315762519836,0.9959343671798706,0.9821327924728394
repeat1_fold2,MMdata_949.50s_0323_000227_4ml_yumi,810.0,162,189,0.8597883597883598,2,2,1,0.995459258556366,0.8724307417869568,0.12756933271884918,0.9989359974861145,0.9978899955749512,0.9923192858695984,0.856904923915863,0.7138222455978394,0.6261905431747437
repeat1_fold2,MMdata_949.50s_0323_000227_4ml_yumi,815.0,163,189,0.8650793650793651,2,1,0,0.5224360823631287,0.6863498687744141,0.31365007162094116,0.7846718430519104,0.5695104598999023,0.5245887041091919,0.7393797636032104,0.4787878096103668,0.477530300617218
repeat1_fold2,MMdata_949.50s_0323_000227_4ml_yumi,820.0,164,189,0.8703703703703703,2,2,1,0.988903820514679,0.854143500328064,0.14585651457309723,0.9965290427207947,0.9930803775787354,0.9788302779197693,0.8768045902252197,0.7536208629608154,0.6601498126983643
repeat1_fold2,MMdata_949.50s_0323_000227_4ml_yumi,825.0,165,189,0.8756613756613757,2,2,1,0.9990991353988647,0.8420157432556152,0.15798422694206238,0.9993680119514465,0.998760998249054,0.9950911402702332,0.9960049986839294,0.9932674765586853,0.9740229249000549
repeat1_fold2,MMdata_949.50s_0323_000227_4ml_yumi,830.0,166,189,0.8809523809523809,2,2,1,0.9955572485923767,0.8716256618499756,0.128374382853508,0.9988295435905457,0.9976765513420105,0.9916602969169617,0.7818422913551331,0.5637004375457764,0.5223671197891235
repeat1_fold2,MMdata_949.50s_0323_000227_4ml_yumi,835.0,167,189,0.8862433862433863,2,2,1,0.9994335770606995,0.8702404499053955,0.12975957989692688,0.9996888637542725,0.9994052052497864,0.9973446726799011,0.995617151260376,0.9925061464309692,0.971953809261322
repeat1_fold2,MMdata_949.50s_0323_000227_4ml_yumi,840.0,168,189,0.8915343915343915,2,2,1,0.9803355932235718,0.8425050377845764,0.15749496221542358,0.9943829774856567,0.9887969493865967,0.9682325720787048,0.9264140725135803,0.8528382182121277,0.7606827020645142
repeat1_fold2,MMdata_949.50s_0323_000227_4ml_yumi,845.0,169,189,0.8968253968253969,2,2,1,0.9992722868919373,0.8505229949951172,0.1494770497083664,0.9995484948158264,0.9991261959075928,0.9963251948356628,0.9957928657531738,0.9933742880821228,0.9726162552833557
repeat1_fold2,MMdata_949.50s_0323_000227_4ml_yumi,850.0,170,189,0.9021164021164021,2,1,0,0.6702268719673157,0.689393937587738,0.31060609221458435,0.7320266366004944,0.4642990231513977,0.46915125846862793,0.8914822340011597,0.7829779386520386,0.6872969269752502
repeat1_fold2,MMdata_949.50s_0323_000227_4ml_yumi,855.0,171,189,0.9074074074074074,2,1,0,0.7134053111076355,0.6331096291542053,0.3668903708457947,0.9372796416282654,0.874750554561615,0.785468578338623,0.6161290407180786,0.23230689764022827,0.3934038281440735
repeat1_fold2,MMdata_949.50s_0323_000227_4ml_yumi,860.0,172,189,0.9126984126984127,2,2,1,0.9943177103996277,0.8692479729652405,0.13075198233127594,0.9988333582878113,0.9976887702941895,0.9916670918464661,0.8868848085403442,0.7737804651260376,0.678602933883667
repeat1_fold2,MMdata_949.50s_0323_000227_4ml_yumi,865.0,173,189,0.917989417989418,2,2,1,0.9994258880615234,0.8667632937431335,0.13323672115802765,0.9996926784515381,0.9994142055511475,0.9973710179328918,0.9956375956535339,0.9920859932899475,0.9725505113601685
repeat1_fold2,MMdata_949.50s_0323_000227_4ml_yumi,870.0,174,189,0.9232804232804233,2,2,1,0.993740439414978,0.8640881776809692,0.13591182231903076,0.9980208873748779,0.9960598349571228,0.9868926405906677,0.764803409576416,0.5296245217323303,0.5033139586448669
repeat1_fold2,MMdata_949.50s_0323_000227_4ml_yumi,875.0,175,189,0.9285714285714286,2,2,1,0.9952196478843689,0.8696843981742859,0.13031554222106934,0.9988998174667358,0.9978197813034058,0.992085874080658,0.824790358543396,0.6495941281318665,0.5774741172790527
repeat1_fold2,MMdata_949.50s_0323_000227_4ml_yumi,880.0,176,189,0.9338624338624338,2,2,1,0.5028559565544128,0.7147625088691711,0.28523749113082886,0.5385012030601501,0.07723137736320496,0.36997705698013306,0.9468958377838135,0.8938013911247253,0.8109893798828125
repeat1_fold2,MMdata_949.50s_0323_000227_4ml_yumi,885.0,177,189,0.9391534391534392,2,2,1,0.9935414791107178,0.7275299429893494,0.27246999740600586,0.9819397330284119,0.9639247059822083,0.917434811592102,0.9953091740608215,0.9928305149078369,0.969892680644989
repeat1_fold2,MMdata_949.50s_0323_000227_4ml_yumi,890.0,178,189,0.9444444444444444,2,2,1,0.9921837449073792,0.8578037619590759,0.14219623804092407,0.9972485899925232,0.9945164322853088,0.9826292991638184,0.7479604482650757,0.49593982100486755,0.48592954874038696
repeat1_fold2,MMdata_949.50s_0323_000227_4ml_yumi,895.0,179,189,0.9497354497354498,2,1,0,0.9035316109657288,0.6142887473106384,0.38571128249168396,0.9356167912483215,0.8716199398040771,0.7804293036460876,0.9183022975921631,0.8366166353225708,0.7423896789550781
repeat1_fold2,MMdata_949.50s_0323_000227_4ml_yumi,900.0,180,189,0.955026455026455,2,2,1,0.9932610392570496,0.8648041486740112,0.13519588112831116,0.9983867406845093,0.9967954158782959,0.9889863729476929,0.860737681388855,0.7214879989624023,0.6324881315231323
repeat1_fold2,MMdata_949.50s_0323_000227_4ml_yumi,905.0,181,189,0.9603174603174603,2,2,1,0.9994308352470398,0.8635838031768799,0.1364162117242813,0.999715268611908,0.9994585514068604,0.9975417256355286,0.9973255395889282,0.9957301020622253,0.9815056324005127
repeat1_fold2,MMdata_949.50s_0323_000227_4ml_yumi,910.0,182,189,0.9656084656084656,2,2,1,0.9976104497909546,0.8791918158531189,0.12080816924571991,0.9992603659629822,0.9985371232032776,0.9944018125534058,0.5921531915664673,0.18433663249015808,0.3843294382095337
repeat1_fold2,MMdata_949.50s_0323_000227_4ml_yumi,915.0,183,189,0.9708994708994709,2,2,1,0.9893508553504944,0.8564916849136353,0.14350834488868713,0.9973994493484497,0.9948222637176514,0.9834251999855042,0.9133608341217041,0.8267320990562439,0.7316642999649048
repeat1_fold2,MMdata_949.50s_0323_000227_4ml_yumi,920.0,184,189,0.9761904761904762,2,2,1,0.7563796639442444,0.750866174697876,0.24913381040096283,0.7728941440582275,0.5459195375442505,0.5113238096237183,0.9142422676086426,0.8284956812858582,0.7335524559020996
repeat1_fold2,MMdata_949.50s_0323_000227_4ml_yumi,925.0,185,189,0.9814814814814815,2,2,1,0.9986353516578674,0.861819863319397,0.1381801813840866,0.9992687106132507,0.9985552430152893,0.9944515824317932,0.9801724553108215,0.9604765176773071,0.9106518030166626
repeat1_fold2,MMdata_949.50s_0323_000227_4ml_yumi,930.0,186,189,0.9867724867724867,2,2,1,0.998196542263031,0.8763795495033264,0.1236204281449318,0.9992853999137878,0.9985867142677307,0.9945682883262634,0.83577960729599,0.6716102361679077,0.5930635929107666
repeat1_fold2,MMdata_949.50s_0323_000227_4ml_yumi,935.0,187,189,0.9920634920634921,2,2,1,0.9937770366668701,0.8668944239616394,0.1331055909395218,0.9988223910331726,0.9976679682731628,0.9915953278541565,0.9114552736282349,0.8229206800460815,0.7276027202606201
repeat1_fold2,MMdata_949.50s_0323_000227_4ml_yumi,940.0,188,189,0.9973544973544973,2,1,0,0.9875190258026123,0.5332430601119995,0.4667568802833557,0.9944169521331787,0.9893289804458618,0.9670450687408447,0.9527236819267273,0.9054572582244873,0.8265906572341919
repeat1_fold3,MMdata_1012.15s_0321_003441_yumi_4ml,0.0,0,202,0.0024752475247524753,2,2,1,0.9998770952224731,0.08462559431791306,0.9153743982315063,0.8372173309326172,0.6747274398803711,0.5936702489852905,0.9993247985839844,0.9986544847488403,0.9948718547821045
repeat1_fold3,MMdata_1012.15s_0321_003441_yumi_4ml,5.0,1,202,0.007425742574257425,2,2,1,0.9999549388885498,0.10657898336648941,0.8934210538864136,0.8161178827285767,0.6326199173927307,0.5631005764007568,0.999919056892395,0.9998569488525391,0.99919193983078
repeat1_fold3,MMdata_1012.15s_0321_003441_yumi_4ml,10.0,2,202,0.012376237623762377,2,2,1,0.9998345375061035,0.06131625920534134,0.9386836886405945,0.7488255500793457,0.49800634384155273,0.484524130821228,0.9992988109588623,0.998603343963623,0.9946959018707275
repeat1_fold3,MMdata_1012.15s_0321_003441_yumi_4ml,15.0,3,202,0.017326732673267328,2,2,1,0.9999212026596069,0.039720259606838226,0.9602797031402588,0.8016438484191895,0.6048914194107056,0.5381090641021729,0.9998043179512024,0.9996214509010315,0.9982568621635437
repeat1_fold3,MMdata_1012.15s_0321_003441_yumi_4ml,20.0,4,202,0.022277227722772276,2,2,1,0.9998711347579956,0.07392790913581848,0.9260720610618591,0.8161780834197998,0.6327248811721802,0.5632686614990234,0.9994342923164368,0.9988734722137451,0.9956097602844238
repeat1_fold3,MMdata_1012.15s_0321_003441_yumi_4ml,25.0,5,202,0.027227722772277228,2,2,1,0.9999133348464966,0.09919024258852005,0.9008097648620605,0.8328352570533752,0.6659715175628662,0.5871474146842957,0.9997559189796448,0.9995208978652954,0.997894287109375
repeat1_fold3,MMdata_1012.15s_0321_003441_yumi_4ml,30.0,6,202,0.03217821782178218,2,2,1,0.9996275901794434,0.06368649750947952,0.9363135099411011,0.791183590888977,0.5827007293701172,0.5313491821289062,0.9956666231155396,0.9913362264633179,0.9745783805847168
repeat1_fold3,MMdata_1012.15s_0321_003441_yumi_4ml,35.0,7,202,0.03712871287128713,2,2,1,0.9999555349349976,0.1022103801369667,0.8977896571159363,0.7996150255203247,0.5996182560920715,0.5414685010910034,0.9999289512634277,0.9998809695243835,0.9992765188217163
repeat1_fold3,MMdata_1012.15s_0321_003441_yumi_4ml,40.0,8,202,0.04207920792079208,2,0,0,0.9152543544769287,0.023720797151327133,0.9762791991233826,0.9287773966789246,0.8751949667930603,0.7299702763557434,0.9940434098243713,0.9880880117416382,0.966806173324585
repeat1_fold3,MMdata_1012.15s_0321_003441_yumi_4ml,45.0,9,202,0.04702970297029703,2,2,1,0.9989393353462219,0.053908612579107285,0.94609135389328,0.5368593335151672,0.07491463422775269,0.363971471786499,0.9691183567047119,0.9382491707801819,0.8744746446609497
repeat1_fold3,MMdata_1012.15s_0321_003441_yumi_4ml,50.0,10,202,0.05198019801980198,2,1,0,0.8875294327735901,0.003704995848238468,0.9962950348854065,0.5068597197532654,0.06672334671020508,0.21599090099334717,0.9883318543434143,0.976667046546936,0.9421423077583313
repeat1_fold3,MMdata_1012.15s_0321_003441_yumi_4ml,55.0,11,202,0.05693069306930693,2,1,0,0.9970828890800476,0.004601872991770506,0.9953981041908264,0.8375341296195984,0.7098712921142578,0.5192700028419495,0.9999918937683105,0.9999876022338867,0.9999009370803833
repeat1_fold3,MMdata_1012.15s_0321_003441_yumi_4ml,60.0,12,202,0.06188118811881188,2,1,0,0.9972802400588989,0.004579814616590738,0.9954202175140381,0.498373806476593,0.1936710774898529,0.0632062554359436,0.9999874830245972,0.9999772906303406,0.9998549222946167
repeat1_fold3,MMdata_1012.15s_0321_003441_yumi_4ml,65.0,13,202,0.06683168316831684,2,1,0,0.9975172281265259,0.006931017152965069,0.993069052696228,0.8661046624183655,0.7945116758346558,0.5574311017990112,0.9999794960021973,0.9999603629112244,0.9997758865356445
repeat1_fold3,MMdata_1012.15s_0321_003441_yumi_4ml,70.0,14,202,0.07178217821782178,2,1,0,0.9949134588241577,0.0035406961105763912,0.9964593052864075,0.5309937596321106,0.13922119140625,0.17984658479690552,0.9999507665634155,0.9999039173126221,0.9995018243789673
repeat1_fold3,MMdata_1012.15s_0321_003441_yumi_4ml,75.0,15,202,0.07673267326732673,2,1,0,0.9946131110191345,0.007074201479554176,0.9929258823394775,0.9780097603797913,0.9608774781227112,0.8932299017906189,0.9999862909317017,0.9999755024909973,0.999841570854187
repeat1_fold3,MMdata_1012.15s_0321_003441_yumi_4ml,80.0,16,202,0.08168316831683169,2,1,0,0.9977320432662964,0.005286050494760275,0.9947139620780945,0.65407395362854,0.39742961525917053,0.23318642377853394,0.9999880790710449,0.9999780654907227,0.9998610615730286
repeat1_fold3,MMdata_1012.15s_0321_003441_yumi_4ml,85.0,17,202,0.08663366336633663,2,1,0,0.9975581169128418,0.007697471417486668,0.9923025369644165,0.8954899907112122,0.82061767578125,0.6384518146514893,0.9999741315841675,0.9999494552612305,0.9997228980064392
repeat1_fold3,MMdata_1012.15s_0321_003441_yumi_4ml,90.0,18,202,0.09158415841584158,2,1,0,0.9879258871078491,0.003614359302446246,0.9963856935501099,0.4771326780319214,0.028050929307937622,0.17632371187210083,0.9998352527618408,0.9996766448020935,0.9985203742980957
repeat1_fold3,MMdata_1012.15s_0321_003441_yumi_4ml,95.0,19,202,0.09653465346534654,2,1,0,0.993878185749054,0.004504414275288582,0.9954955577850342,0.9035585522651672,0.8293272852897644,0.6639069318771362,0.9999845027923584,0.9999719262123108,0.9998224973678589
repeat1_fold3,MMdata_1012.15s_0321_003441_yumi_4ml,100.0,20,202,0.10148514851485149,2,1,0,0.997769832611084,0.007197780534625053,0.9928022027015686,0.9458207488059998,0.9053939580917358,0.7803280353546143,0.9999897480010986,0.9999816417694092,0.9998785257339478
repeat1_fold3,MMdata_1012.15s_0321_003441_yumi_4ml,105.0,21,202,0.10643564356435643,2,1,0,0.9969499707221985,0.00639495300129056,0.9936050772666931,0.8250031471252441,0.7089008688926697,0.4761615991592407,0.9999792575836182,0.9999603033065796,0.9997720718383789
repeat1_fold3,MMdata_1012.15s_0321_003441_yumi_4ml,110.0,22,202,0.11138613861386139,2,1,0,0.9966965913772583,0.003770009847357869,0.9962299466133118,0.6449724435806274,0.3666940927505493,0.23918747901916504,0.9999673366546631,0.9999363422393799,0.9996574521064758
repeat1_fold3,MMdata_1012.15s_0321_003441_yumi_4ml,115.0,23,202,0.11633663366336634,2,0,0,0.6863213777542114,0.0057801008224487305,0.9942198991775513,0.8933750987052917,0.8221092224121094,0.6294041872024536,0.9078787565231323,0.8158847689628601,0.7192971706390381
repeat1_fold3,MMdata_1012.15s_0321_003441_yumi_4ml,120.0,24,202,0.12128712871287128,2,1,0,0.9970982074737549,0.00460453424602747,0.9953954815864563,0.5968567728996277,0.3284754753112793,0.1524442434310913,0.9999810457229614,0.999964714050293,0.9997879266738892
repeat1_fold3,MMdata_1012.15s_0321_003441_yumi_4ml,125.0,25,202,0.12623762376237624,2,1,0,0.9939512014389038,0.007233192212879658,0.9927668571472168,0.8528553247451782,0.7235901355743408,0.5702248811721802,0.9997726082801819,0.9995461106300354,0.9980506896972656
repeat1_fold3,MMdata_1012.15s_0321_003441_yumi_4ml,130.0,26,202,0.1311881188118812,2,1,0,0.9756223559379578,0.005371065344661474,0.9946289658546448,0.593998908996582,0.20332634449005127,0.3258479833602905,0.9994598031044006,0.9989322423934937,0.9957548379898071
repeat1_fold3,MMdata_1012.15s_0321_003441_yumi_4ml,135.0,27,202,0.13613861386138615,2,1,0,0.965501606464386,0.004438237752765417,0.9955617189407349,0.7945207357406616,0.6659533977508545,0.41401582956314087,0.9996788501739502,0.9993632435798645,0.9973303079605103
repeat1_fold3,MMdata_1012.15s_0321_003441_yumi_4ml,140.0,28,202,0.14108910891089108,2,1,0,0.9962249994277954,0.004038223531097174,0.9959618449211121,0.48246970772743225,0.17586547136306763,0.051201462745666504,0.9998183846473694,0.9996383190155029,0.9984028339385986
repeat1_fold3,MMdata_1012.15s_0321_003441_yumi_4ml,145.0,29,202,0.14603960396039603,2,1,0,0.9626915454864502,0.010453765280544758,0.9895462393760681,0.7397381067276001,0.4837173521518707,0.4584103226661682,0.9971687197685242,0.9943395256996155,0.9822911024093628
repeat1_fold3,MMdata_1012.15s_0321_003441_yumi_4ml,150.0,30,202,0.15099009900990099,2,1,0,0.8932058811187744,0.012241039425134659,0.9877589344978333,0.7281381487846375,0.45844337344169617,0.4559212923049927,0.9932498931884766,0.9865114092826843,0.9630881547927856
repeat1_fold3,MMdata_1012.15s_0321_003441_yumi_4ml,155.0,31,202,0.15594059405940594,2,0,0,0.8693816661834717,0.010015547275543213,0.9899845123291016,0.504569947719574,0.16758015751838684,0.08648204803466797,0.9940187931060791,0.9889271259307861,0.9644126892089844
repeat1_fold3,MMdata_1012.15s_0321_003441_yumi_4ml,160.0,32,202,0.1608910891089109,2,1,0,0.5276140570640564,0.008349625393748283,0.991650402545929,0.4889261722564697,0.07015660405158997,0.14957284927368164,0.8435781598091125,0.6871613264083862,0.605188250541687
repeat1_fold3,MMdata_1012.15s_0321_003441_yumi_4ml,165.0,33,202,0.16584158415841585,2,2,1,0.9687067270278931,0.014415825717151165,0.9855841398239136,0.5213527083396912,0.04596713185310364,0.3521307110786438,0.8993713855743408,0.798748791217804,0.702782392501831
repeat1_fold3,MMdata_1012.15s_0321_003441_yumi_4ml,170.0,34,202,0.1707920792079208,2,2,1,0.8255072832107544,0.020381763577461243,0.9796182513237,0.7425642609596252,0.48615965247154236,0.4747200012207031,0.5270298719406128,0.054076939821243286,0.37022578716278076
repeat1_fold3,MMdata_1012.15s_0321_003441_yumi_4ml,175.0,35,202,0.17574257425742573,2,2,1,0.8616690039634705,0.024112237617373466,0.9758877158164978,0.7945995926856995,0.5921728610992432,0.5236313343048096,0.9026586413383484,0.8429471254348755,0.6503344178199768
repeat1_fold3,MMdata_1012.15s_0321_003441_yumi_4ml,180.0,36,202,0.1806930693069307,2,2,1,0.995465874671936,0.01389358937740326,0.9861063957214355,0.7488560676574707,0.5092573165893555,0.4443713426589966,0.9852516651153564,0.9705121517181396,0.9300015568733215
repeat1_fold3,MMdata_1012.15s_0321_003441_yumi_4ml,185.0,37,202,0.18564356435643564,2,2,1,0.9984089732170105,0.01925192028284073,0.9807480573654175,0.5411345362663269,0.08488243818283081,0.357488214969635,0.9967918992042542,0.9935897588729858,0.9802772402763367
repeat1_fold3,MMdata_1012.15s_0321_003441_yumi_4ml,190.0,38,202,0.1905940594059406,2,2,1,0.9733301401138306,0.023685215041041374,0.9763147830963135,0.7804860472679138,0.5622204542160034,0.513940691947937,0.9148725271224976,0.8297777771949768,0.734749436378479
repeat1_fold3,MMdata_1012.15s_0321_003441_yumi_4ml,195.0,39,202,0.19554455445544555,2,2,1,0.9879311323165894,0.021626731380820274,0.9783732891082764,0.7570506930351257,0.5287439227104187,0.4449566602706909,0.9275432825088501,0.8551801443099976,0.7627339363098145
repeat1_fold3,MMdata_1012.15s_0321_003441_yumi_4ml,200.0,40,202,0.2004950495049505,2,2,1,0.9998000264167786,0.024546004831790924,0.9754540324211121,0.7793713212013245,0.5639671683311462,0.49716514348983765,0.9995980858802795,0.9992077946662903,0.9967256188392639
repeat1_fold3,MMdata_1012.15s_0321_003441_yumi_4ml,205.0,41,202,0.20544554455445543,2,2,1,0.9995633959770203,0.035476718097925186,0.9645232558250427,0.6587966084480286,0.31826916337013245,0.41133666038513184,0.9990518689155579,0.9981092810630798,0.9930983185768127
repeat1_fold3,MMdata_1012.15s_0321_003441_yumi_4ml,210.0,42,202,0.2103960396039604,2,2,1,0.9981934428215027,0.031461477279663086,0.9685385227203369,0.8026670813560486,0.6063195466995239,0.5422520637512207,0.9984945058822632,0.9970534443855286,0.9894831776618958
repeat1_fold3,MMdata_1012.15s_0321_003441_yumi_4ml,215.0,43,202,0.21534653465346534,2,2,1,0.9986023306846619,0.026285653933882713,0.973714292049408,0.7807946801185608,0.5687657594680786,0.49254554510116577,0.9931023120880127,0.986257016658783,0.9622171521186829
repeat1_fold3,MMdata_1012.15s_0321_003441_yumi_4ml,220.0,44,202,0.2202970297029703,2,2,1,0.9999279975891113,0.036465562880039215,0.9635344743728638,0.8208363652229309,0.646364688873291,0.5523050427436829,0.9996412992477417,0.9993031620979309,0.9970117211341858
repeat1_fold3,MMdata_1012.15s_0321_003441_yumi_4ml,225.0,45,202,0.22524752475247525,2,2,1,0.9999455213546753,0.013204976916313171,0.9867950081825256,0.6932490468025208,0.4631863832473755,0.2818450927734375,0.9998952150344849,0.9998366236686707,0.9989649653434753
repeat1_fold3,MMdata_1012.15s_0321_003441_yumi_4ml,230.0,46,202,0.2301980198019802,2,2,1,0.9997377991676331,0.04161098226904869,0.9583890438079834,0.8146445751190186,0.6303017735481262,0.5578939914703369,0.9996812343597412,0.9994434714317322,0.9972091913223267
repeat1_fold3,MMdata_1012.15s_0321_003441_yumi_4ml,235.0,47,202,0.23514851485148514,2,2,1,0.9998847246170044,0.029929926618933678,0.9700700640678406,0.7901371717453003,0.585605263710022,0.5097289681434631,0.9998712539672852,0.9997986555099487,0.9987532496452332
repeat1_fold3,MMdata_1012.15s_0321_003441_yumi_4ml,240.0,48,202,0.2400990099009901,2,2,1,0.9999407529830933,0.02917802333831787,0.9708220362663269,0.809293270111084,0.6281607747077942,0.5219254493713379,0.9996248483657837,0.9992722868919373,0.9968879818916321
repeat1_fold3,MMdata_1012.15s_0321_003441_yumi_4ml,245.0,49,202,0.24504950495049505,2,2,1,0.999612033367157,0.017750943079590797,0.9822490215301514,0.9190050363540649,0.8726460933685303,0.6937202215194702,0.9705703854560852,0.9411556720733643,0.8790467381477356
repeat1_fold3,MMdata_1012.15s_0321_003441_yumi_4ml,250.0,50,202,0.25,2,2,1,0.9999294281005859,0.040642332285642624,0.9593576788902283,0.8192331194877625,0.6398028135299683,0.5626802444458008,0.9998877048492432,0.9998297095298767,0.9988976120948792
repeat1_fold3,MMdata_1012.15s_0321_003441_yumi_4ml,255.0,51,202,0.25495049504950495,2,2,1,0.9999344348907471,0.0298614539206028,0.9701386094093323,0.7958502769470215,0.598443865776062,0.5123580694198608,0.9998155236244202,0.9996668100357056,0.9983060359954834
repeat1_fold3,MMdata_1012.15s_0321_003441_yumi_4ml,260.0,52,202,0.2599009900990099,2,2,1,0.9999425411224365,0.033210109919309616,0.9667899012565613,0.8213037252426147,0.6488863229751587,0.5479724407196045,0.9996089339256287,0.9992393851280212,0.9967748522758484
repeat1_fold3,MMdata_1012.15s_0321_003441_yumi_4ml,265.0,53,202,0.26485148514851486,2,2,1,0.9996870756149292,0.018579870462417603,0.98142009973526,0.9577839374542236,0.934492826461792,0.8143479228019714,0.979446291923523,0.9589101076126099,0.9086780548095703
repeat1_fold3,MMdata_1012.15s_0321_003441_yumi_4ml,270.0,54,202,0.2698019801980198,2,2,1,0.9999349117279053,0.03245851770043373,0.967541515827179,0.8077750205993652,0.6181572079658508,0.5419365167617798,0.9998175501823425,0.9996750354766846,0.998317539691925
repeat1_fold3,MMdata_1012.15s_0321_003441_yumi_4ml,275.0,55,202,0.2747524752475248,2,2,1,0.9999309778213501,0.02588743343949318,0.9741125106811523,0.7715854644775391,0.5564792156219482,0.4646894335746765,0.9996901750564575,0.9994089603424072,0.9973531365394592
repeat1_fold3,MMdata_1012.15s_0321_003441_yumi_4ml,280.0,56,202,0.27970297029702973,2,2,1,0.999947190284729,0.032114800065755844,0.9678851962089539,0.81447833776474,0.6365418434143066,0.5345568656921387,0.9996682405471802,0.999358057975769,0.997206449508667
repeat1_fold3,MMdata_1012.15s_0321_003441_yumi_4ml,285.0,57,202,0.28465346534653463,2,2,1,0.9999299049377441,0.018025415018200874,0.9819745421409607,0.6972172260284424,0.5000036954879761,0.26362764835357666,0.998489499092102,0.9969949126243591,0.989615797996521
repeat1_fold3,MMdata_1012.15s_0321_003441_yumi_4ml,290.0,58,202,0.2896039603960396,2,2,1,0.9999465942382812,0.040554653853178024,0.9594453573226929,0.8159374594688416,0.6332971453666687,0.5577770471572876,0.9998878240585327,0.9998230338096619,0.9988995790481567
repeat1_fold3,MMdata_1012.15s_0321_003441_yumi_4ml,295.0,59,202,0.29455445544554454,2,2,1,0.9999287128448486,0.04165460541844368,0.9583454132080078,0.8050193190574646,0.6115767359733582,0.54274582862854,0.9998737573623657,0.9997690320014954,0.9988018870353699
repeat1_fold3,MMdata_1012.15s_0321_003441_yumi_4ml,300.0,60,202,0.2995049504950495,2,2,1,0.9999501705169678,0.05533153936266899,0.9446684718132019,0.8406593799591064,0.6826576590538025,0.5937539339065552,0.9998835325241089,0.9997968673706055,0.9988734126091003
repeat1_fold3,MMdata_1012.15s_0321_003441_yumi_4ml,305.0,61,202,0.30445544554455445,2,2,1,0.9998890161514282,0.016386209055781364,0.9836138486862183,0.5428749918937683,0.2625918686389923,0.09475308656692505,0.9957892298698425,0.9915933609008789,0.9751192927360535
repeat1_fold3,MMdata_1012.15s_0321_003441_yumi_4ml,310.0,62,202,0.3094059405940594,2,2,1,0.999923586845398,0.0482974611222744,0.9517025351524353,0.8164595365524292,0.6335364580154419,0.5623090267181396,0.9997839331626892,0.9995784759521484,0.9981051087379456
repeat1_fold3,MMdata_1012.15s_0321_003441_yumi_4ml,315.0,63,202,0.31435643564356436,2,2,1,0.9999476671218872,0.04308466613292694,0.9569153785705566,0.8121601939201355,0.6261767148971558,0.5508033037185669,0.9998843669891357,0.9998156428337097,0.9988697171211243
repeat1_fold3,MMdata_1012.15s_0321_003441_yumi_4ml,320.0,64,202,0.3193069306930693,2,2,1,0.9999520778656006,0.060661062598228455,0.9393389821052551,0.8364484906196594,0.6738964319229126,0.5889322757720947,0.9998890161514282,0.9998120665550232,0.998916745185852
repeat1_fold3,MMdata_1012.15s_0321_003441_yumi_4ml,325.0,65,202,0.32425742574257427,2,2,1,0.999964714050293,0.019083460792899132,0.9809165596961975,0.6294867992401123,0.43942761421203613,0.16629022359848022,0.9997524619102478,0.999528706073761,0.9978327751159668
repeat1_fold3,MMdata_1012.15s_0321_003441_yumi_4ml,330.0,66,202,0.3292079207920792,2,2,1,0.9999254941940308,0.047903094440698624,0.9520969390869141,0.8098605871200562,0.6203544735908508,0.5533730983734131,0.9997366070747375,0.9994820952415466,0.9977498650550842
repeat1_fold3,MMdata_1012.15s_0321_003441_yumi_4ml,335.0,67,202,0.3341584158415842,2,2,1,0.9999278783798218,0.04858328774571419,0.9514167308807373,0.8243961930274963,0.6497110724449158,0.5718201398849487,0.9998499155044556,0.9997166991233826,0.9986136555671692
repeat1_fold3,MMdata_1012.15s_0321_003441_yumi_4ml,340.0,68,202,0.33910891089108913,2,2,1,0.9999531507492065,0.04806777834892273,0.9519322514533997,0.8357693552970886,0.6737666130065918,0.5827347636222839,0.9998434782028198,0.9997134208679199,0.9985440373420715
repeat1_fold3,MMdata_1012.15s_0321_003441_yumi_4ml,345.0,69,202,0.34405940594059403,2,2,1,0.9998977184295654,0.017212076112627983,0.9827879071235657,0.5698315501213074,0.3114257752895355,0.11456775665283203,0.9953634738922119,0.9907402992248535,0.973027765750885
repeat1_fold3,MMdata_1012.15s_0321_003441_yumi_4ml,350.0,70,202,0.349009900990099,2,2,1,0.9999409914016724,0.04557112231850624,0.9544288516044617,0.8240270614624023,0.648815393447876,0.5720651149749756,0.9998482465744019,0.9997125864028931,0.9985999464988708
repeat1_fold3,MMdata_1012.15s_0321_003441_yumi_4ml,355.0,71,202,0.35396039603960394,2,2,1,0.9999457597732544,0.026865053921937943,0.9731349349021912,0.7980145812034607,0.6026718616485596,0.5154274702072144,0.9998747110366821,0.9998112320899963,0.9987819194793701
repeat1_fold3,MMdata_1012.15s_0321_003441_yumi_4ml,360.0,72,202,0.3589108910891089,2,2,1,0.9999524354934692,0.04216388240456581,0.9578360915184021,0.8309129476547241,0.6652747392654419,0.5710283517837524,0.9998188614845276,0.9996650815010071,0.9983442425727844
repeat1_fold3,MMdata_1012.15s_0321_003441_yumi_4ml,365.0,73,202,0.36386138613861385,2,2,1,0.9998619556427002,0.015902182087302208,0.9840977787971497,0.5208863019943237,0.17414119839668274,0.11282098293304443,0.9913525581359863,0.982718288898468,0.9546807408332825
repeat1_fold3,MMdata_1012.15s_0321_003441_yumi_4ml,370.0,74,202,0.3688118811881188,2,2,1,0.9999502897262573,0.04912633076310158,0.950873613357544,0.8150366544723511,0.6308521032333374,0.5595583915710449,0.9998931884765625,0.9998185038566589,0.9989547729492188
repeat1_fold3,MMdata_1012.15s_0321_003441_yumi_4ml,375.0,75,202,0.37376237623762376,2,2,1,0.9999473094940186,0.03135840594768524,0.9686416387557983,0.8189523816108704,0.6428492665290833,0.5488333702087402,0.9998859167098999,0.9998176693916321,0.998883843421936
repeat1_fold3,MMdata_1012.15s_0321_003441_yumi_4ml,380.0,76,202,0.3787128712871287,2,2,1,0.9999511241912842,0.03860766068100929,0.9613924026489258,0.8233408331871033,0.6506882905960083,0.5581508874893188,0.9997910857200623,0.9996099472045898,0.998123824596405
repeat1_fold3,MMdata_1012.15s_0321_003441_yumi_4ml,385.0,77,202,0.38366336633663367,2,2,1,0.9998565912246704,0.015712112188339233,0.9842878580093384,0.5091846585273743,0.15186527371406555,0.1077684760093689,0.9910128712654114,0.9820389747619629,0.9532197713851929
repeat1_fold3,MMdata_1012.15s_0321_003441_yumi_4ml,390.0,78,202,0.3886138613861386,2,2,1,0.9999581575393677,0.04279609024524689,0.9572039246559143,0.8259589076042175,0.6533236503601074,0.5718134045600891,0.9998403787612915,0.9997121691703796,0.9985125660896301
repeat1_fold3,MMdata_1012.15s_0321_003441_yumi_4ml,395.0,79,202,0.3935643564356436,2,2,1,0.9999469518661499,0.025241876021027565,0.9747581481933594,0.7989258766174316,0.6126437783241272,0.4950692653656006,0.9995976090431213,0.9992189407348633,0.9966882467269897
repeat1_fold3,MMdata_1012.15s_0321_003441_yumi_4ml,400.0,80,202,0.39851485148514854,2,2,1,0.9999505281448364,0.03283146023750305,0.9671685695648193,0.8099448084831238,0.6279352903366089,0.5270236134529114,0.9995450377464294,0.9991080164909363,0.9963312149047852
repeat1_fold3,MMdata_1012.15s_0321_003441_yumi_4ml,405.0,81,202,0.4034653465346535,2,2,1,0.9998865127563477,0.01751166395843029,0.9824883341789246,0.7442119121551514,0.5574513673782349,0.34666603803634644,0.9927061200141907,0.9854245185852051,0.9606332778930664
repeat1_fold3,MMdata_1012.15s_0321_003441_yumi_4ml,410.0,82,202,0.4084158415841584,2,2,1,0.9999558925628662,0.030759792774915695,0.9692401885986328,0.8127138614654541,0.6288102269172668,0.5456147193908691,0.9997777342796326,0.9995895624160767,0.9980089068412781
repeat1_fold3,MMdata_1012.15s_0321_003441_yumi_4ml,415.0,83,202,0.41336633663366334,2,2,1,0.9999430179595947,0.03342510759830475,0.9665749073028564,0.8053527474403381,0.6136021018028259,0.5376397967338562,0.9998840093612671,0.9997971057891846,0.9988778829574585
repeat1_fold3,MMdata_1012.15s_0321_003441_yumi_4ml,420.0,84,202,0.4183168316831683,2,2,1,0.9999547004699707,0.03987516090273857,0.9601248502731323,0.8377305269241333,0.6801651120185852,0.5770069360733032,0.9998461008071899,0.9997237324714661,0.9985599517822266
repeat1_fold3,MMdata_1012.15s_0321_003441_yumi_4ml,425.0,85,202,0.42326732673267325,2,2,1,0.9999657869338989,0.020772729068994522,0.9792272448539734,0.780102550983429,0.6169723272323608,0.4061915874481201,0.9995567202568054,0.9991315007209778,0.9964132308959961
repeat1_fold3,MMdata_1012.15s_0321_003441_yumi_4ml,430.0,86,202,0.4282178217821782,2,2,1,0.9999456405639648,0.0469028502702713,0.9530971050262451,0.8204637169837952,0.6417323350906372,0.5668675899505615,0.9998838901519775,0.9997986555099487,0.9988752603530884
repeat1_fold3,MMdata_1012.15s_0321_003441_yumi_4ml,435.0,87,202,0.43316831683168316,2,2,1,0.9999508857727051,0.03366090729832649,0.966339111328125,0.8029558062553406,0.6101923584938049,0.5294942855834961,0.9998729228973389,0.9997855424880981,0.9987756013870239
repeat1_fold3,MMdata_1012.15s_0321_003441_yumi_4ml,440.0,88,202,0.4381188118811881,2,2,1,0.9999516010284424,0.048254888504743576,0.9517450928688049,0.8344024419784546,0.6706929206848145,0.5820538997650146,0.9999029636383057,0.9998514652252197,0.9990350604057312
repeat1_fold3,MMdata_1012.15s_0321_003441_yumi_4ml,445.0,89,202,0.4430693069306931,2,2,1,0.9999305009841919,0.019169820472598076,0.980830192565918,0.6518988013267517,0.4640151858329773,0.19312012195587158,0.9971524477005005,0.994316816329956,0.9821491837501526
repeat1_fold3,MMdata_1012.15s_0321_003441_yumi_4ml,450.0,90,202,0.44801980198019803,2,2,1,0.9999496936798096,0.03953050449490547,0.9604694843292236,0.8143696784973145,0.6304214000701904,0.5545194149017334,0.9998102784156799,0.9996538758277893,0.9982669353485107
repeat1_fold3,MMdata_1012.15s_0321_003441_yumi_4ml,455.0,91,202,0.452970297029703,2,2,1,0.999954342842102,0.030039429664611816,0.9699605703353882,0.7915043234825134,0.590920090675354,0.5033740997314453,0.9998815059661865,0.999802827835083,0.9988479614257812
repeat1_fold3,MMdata_1012.15s_0321_003441_yumi_4ml,460.0,92,202,0.45792079207920794,2,2,1,0.9999589920043945,0.041477758437395096,0.9585222601890564,0.8361184000968933,0.6769359111785889,0.5745797157287598,0.9997512698173523,0.9995229840278625,0.997829794883728
repeat1_fold3,MMdata_1012.15s_0321_003441_yumi_4ml,465.0,93,202,0.4628712871287129,2,2,1,0.999948263168335,0.02308371476829052,0.9769162535667419,0.7866823673248291,0.6277090907096863,0.41801345348358154,0.9983793497085571,0.9967707991600037,0.9889840483665466
repeat1_fold3,MMdata_1012.15s_0321_003441_yumi_4ml,470.0,94,202,0.46782178217821785,2,2,1,0.9999548196792603,0.04417199641466141,0.9558279514312744,0.8179417848587036,0.6371381878852844,0.561269223690033,0.9998304843902588,0.999694287776947,0.998430073261261
repeat1_fold3,MMdata_1012.15s_0321_003441_yumi_4ml,475.0,95,202,0.47277227722772275,2,2,1,0.9999562501907349,0.03623317554593086,0.9637668132781982,0.811464786529541,0.6283904910087585,0.5368574857711792,0.9996986389160156,0.999417781829834,0.9974331855773926
repeat1_fold3,MMdata_1012.15s_0321_003441_yumi_4ml,480.0,96,202,0.4777227722772277,2,2,1,0.9999620914459229,0.04932864382863045,0.950671374797821,0.8425779938697815,0.6875048279762268,0.5925965309143066,0.9999017715454102,0.9998350739479065,0.9990295171737671
repeat1_fold3,MMdata_1012.15s_0321_003441_yumi_4ml,485.0,97,202,0.48267326732673266,2,2,1,0.9999698400497437,0.035085342824459076,0.9649146199226379,0.8438929915428162,0.6926372051239014,0.5860478281974792,0.999881386756897,0.9997893571853638,0.9988587498664856
repeat1_fold3,MMdata_1012.15s_0321_003441_yumi_4ml,490.0,98,202,0.4876237623762376,2,2,1,0.9999394416809082,0.05332829803228378,0.9466717839241028,0.8154204487800598,0.6314498782157898,0.5609416961669922,0.9998788833618164,0.9997791051864624,0.9988447427749634
repeat1_fold3,MMdata_1012.15s_0321_003441_yumi_4ml,495.0,99,202,0.49257425742574257,2,2,1,0.9999358654022217,0.045132480561733246,0.9548675417900085,0.8180301785469055,0.6373752951622009,0.5611186623573303,0.9998703002929688,0.9997596740722656,0.9987766146659851
repeat1_fold3,MMdata_1012.15s_0321_003441_yumi_4ml,500.0,100,202,0.4975247524752475,2,2,1,0.9999492168426514,0.054560378193855286,0.9454396367073059,0.836482584476471,0.6742354035377502,0.5877596735954285,0.9999052286148071,0.9998388290405273,0.9990620613098145
repeat1_fold3,MMdata_1012.15s_0321_003441_yumi_4ml,505.0,101,202,0.5024752475247525,2,2,1,0.9999663829803467,0.03882120922207832,0.9611787796020508,0.8542817234992981,0.7109066247940063,0.6111353039741516,0.9999067783355713,0.9998596906661987,0.9990687370300293
repeat1_fold3,MMdata_1012.15s_0321_003441_yumi_4ml,510.0,102,202,0.5074257425742574,2,2,1,0.9999206066131592,0.04542683809995651,0.9545732140541077,0.8128500580787659,0.6264625787734985,0.5566948652267456,0.999799907207489,0.99961256980896,0.9982238411903381
repeat1_fold3,MMdata_1012.15s_0321_003441_yumi_4ml,515.0,103,202,0.5123762376237624,2,2,1,0.999935507774353,0.05275143310427666,0.9472485780715942,0.8371515274047852,0.6751127243041992,0.5908793210983276,0.9998629093170166,0.9997439980506897,0.998717188835144
repeat1_fold3,MMdata_1012.15s_0321_003441_yumi_4ml,520.0,104,202,0.5173267326732673,2,2,1,0.999951958656311,0.05049912631511688,0.9495009183883667,0.8336402177810669,0.66895991563797,0.5817850828170776,0.999904990196228,0.9998443126678467,0.9990561604499817
repeat1_fold3,MMdata_1012.15s_0321_003441_yumi_4ml,525.0,105,202,0.5222772277227723,2,2,1,0.9999654293060303,0.04474565014243126,0.955254316329956,0.859604001045227,0.7208077907562256,0.6227688789367676,0.999883770942688,0.999803900718689,0.9988698363304138
repeat1_fold3,MMdata_1012.15s_0321_003441_yumi_4ml,530.0,106,202,0.5272277227722773,2,2,1,0.9999239444732666,0.04801526665687561,0.9519847631454468,0.8053745627403259,0.611525297164917,0.5467705130577087,0.9998173117637634,0.9996470212936401,0.9983604550361633
repeat1_fold3,MMdata_1012.15s_0321_003441_yumi_4ml,535.0,107,202,0.5321782178217822,2,2,1,0.999941349029541,0.05024725943803787,0.9497528076171875,0.8262417912483215,0.6535899639129639,0.5735592842102051,0.9998807907104492,0.9997844099998474,0.9988584518432617
repeat1_fold3,MMdata_1012.15s_0321_003441_yumi_4ml,540.0,108,202,0.5371287128712872,2,2,1,0.9999490976333618,0.06780499219894409,0.9321949481964111,0.822198748588562,0.6451384425163269,0.5695998072624207,0.999904990196228,0.9998316764831543,0.9990664124488831
repeat1_fold3,MMdata_1012.15s_0321_003441_yumi_4ml,545.0,109,202,0.5420792079207921,2,2,1,0.9999650716781616,0.04983219876885414,0.9501678347587585,0.8514823913574219,0.7041455507278442,0.6113157272338867,0.9999105930328369,0.9998598694801331,0.9991045594215393
repeat1_fold3,MMdata_1012.15s_0321_003441_yumi_4ml,550.0,110,202,0.5470297029702971,2,2,1,0.9999352693557739,0.05788086727261543,0.9421191215515137,0.8026490211486816,0.6058751344680786,0.5442876815795898,0.9998447895050049,0.9997031092643738,0.998577892780304
repeat1_fold3,MMdata_1012.15s_0321_003441_yumi_4ml,555.0,111,202,0.551980198019802,2,2,1,0.9999356269836426,0.05964336171746254,0.9403566718101501,0.821940004825592,0.6445035338401794,0.5698325037956238,0.9998661279678345,0.9997521042823792,0.9987403750419617
repeat1_fold3,MMdata_1012.15s_0321_003441_yumi_4ml,560.0,112,202,0.556930693069307,2,2,1,0.9999344348907471,0.0703166276216507,0.9296833276748657,0.8314053416252136,0.6633555889129639,0.5837293863296509,0.9998425245285034,0.9996967911720276,0.9985637664794922
repeat1_fold3,MMdata_1012.15s_0321_003441_yumi_4ml,565.0,113,202,0.5618811881188119,2,2,1,0.9999598264694214,0.04486093670129776,0.9551390409469604,0.8523849248886108,0.7060597538948059,0.6122855544090271,0.9998910427093506,0.9998049139976501,0.9989457130432129
repeat1_fold3,MMdata_1012.15s_0321_003441_yumi_4ml,570.0,114,202,0.5668316831683168,2,2,1,0.999934196472168,0.056316815316677094,0.9436831474304199,0.8144158124923706,0.629421055316925,0.5596852898597717,0.9998677968978882,0.9997555017471313,0.9987539052963257
repeat1_fold3,MMdata_1012.15s_0321_003441_yumi_4ml,575.0,115,202,0.5717821782178217,2,2,1,0.9999220371246338,0.06224758177995682,0.9377524256706238,0.8109779357910156,0.6225305795669556,0.5551600456237793,0.999821126461029,0.9996541142463684,0.9983916282653809
repeat1_fold3,MMdata_1012.15s_0321_003441_yumi_4ml,580.0,116,202,0.5767326732673267,2,2,1,0.999927282333374,0.0744926780462265,0.9255073666572571,0.8286319375038147,0.6577565670013428,0.579993724822998,0.9998217225074768,0.9996545314788818,0.9983987212181091
repeat1_fold3,MMdata_1012.15s_0321_003441_yumi_4ml,585.0,117,202,0.5816831683168316,2,2,1,0.9999418258666992,0.05119055509567261,0.9488093852996826,0.8309164643287659,0.6626075506210327,0.5818588733673096,0.9998243451118469,0.9996589422225952,0.9984225630760193
repeat1_fold3,MMdata_1012.15s_0321_003441_yumi_4ml,590.0,118,202,0.5866336633663366,2,2,1,0.9998549222946167,0.06356105208396912,0.9364389777183533,0.8036909699440002,0.6077165603637695,0.5469644665718079,0.9994619488716125,0.9989297986030579,0.9957932233810425
repeat1_fold3,MMdata_1012.15s_0321_003441_yumi_4ml,595.0,119,202,0.5915841584158416,2,2,1,0.999922513961792,0.05248063802719116,0.9475193619728088,0.8112853765487671,0.6234569549560547,0.5539931058883667,0.9997944235801697,0.9996007084846497,0.9981825947761536
repeat1_fold3,MMdata_1012.15s_0321_003441_yumi_4ml,600.0,120,202,0.5965346534653465,2,2,1,0.9999392032623291,0.07773219048976898,0.9222678542137146,0.8419274091720581,0.6843231916427612,0.599810004234314,0.9998862743377686,0.9997893571853638,0.9989133477210999
repeat1_fold3,MMdata_1012.15s_0321_003441_yumi_4ml,605.0,121,202,0.6014851485148515,2,2,1,0.9999535083770752,0.06867620348930359,0.931323766708374,0.8467425107955933,0.6939530372619629,0.607235312461853,0.9999097585678101,0.9998445510864258,0.999104380607605
repeat1_fold3,MMdata_1012.15s_0321_003441_yumi_4ml,610.0,122,202,0.6064356435643564,2,2,1,0.9998611211776733,0.05753185227513313,0.9424681067466736,0.7831833362579346,0.5668251514434814,0.5210944414138794,0.9994031190872192,0.9988115429878235,0.9953957796096802
repeat1_fold3,MMdata_1012.15s_0321_003441_yumi_4ml,615.0,123,202,0.6113861386138614,2,2,1,0.9999260902404785,0.0715777575969696,0.9284222722053528,0.7987378835678101,0.5979316830635071,0.539984405040741,0.9998279809951782,0.9996680021286011,0.9984466433525085
repeat1_fold3,MMdata_1012.15s_0321_003441_yumi_4ml,620.0,124,202,0.6163366336633663,2,2,1,0.999883770942688,0.08556511998176575,0.9144349098205566,0.826068639755249,0.6524198055267334,0.5775015354156494,0.9995664954185486,0.9991388916969299,0.9965206980705261
repeat1_fold3,MMdata_1012.15s_0321_003441_yumi_4ml,625.0,125,202,0.6212871287128713,2,2,1,0.9999510049819946,0.06849729269742966,0.9315027594566345,0.8288820385932922,0.6582509279251099,0.5803847312927246,0.9998695850372314,0.9997550249099731,0.9987751245498657
repeat1_fold3,MMdata_1012.15s_0321_003441_yumi_4ml,630.0,126,202,0.6262376237623762,2,2,1,0.9998575448989868,0.06682178378105164,0.9331782460212708,0.7999681234359741,0.6002662181854248,0.5422487258911133,0.9993922710418701,0.99878990650177,0.9953226447105408
repeat1_fold3,MMdata_1012.15s_0321_003441_yumi_4ml,635.0,127,202,0.6311881188118812,2,2,1,0.9999287128448486,0.06685958057641983,0.9331404566764832,0.8057680130004883,0.6120858192443848,0.5484516620635986,0.9998177886009216,0.9996477961540222,0.9983647465705872
repeat1_fold3,MMdata_1012.15s_0321_003441_yumi_4ml,640.0,128,202,0.6361386138613861,2,2,1,0.9999144077301025,0.08544762432575226,0.9145523309707642,0.8252274394035339,0.6508216857910156,0.5758266448974609,0.9997747540473938,0.9995583891868591,0.998038113117218
repeat1_fold3,MMdata_1012.15s_0321_003441_yumi_4ml,645.0,129,202,0.6410891089108911,2,2,1,0.9999303817749023,0.06913299858570099,0.930867075920105,0.8216721415519714,0.6437461376190186,0.570641040802002,0.9997822642326355,0.9995729327201843,0.9980972409248352
repeat1_fold3,MMdata_1012.15s_0321_003441_yumi_4ml,650.0,130,202,0.6460396039603961,2,2,1,0.9998594522476196,0.0689033567905426,0.931096613407135,0.8042665123939514,0.608856201171875,0.5477710962295532,0.9994783997535706,0.9989630579948425,0.995904803276062
repeat1_fold3,MMdata_1012.15s_0321_003441_yumi_4ml,655.0,131,202,0.650990099009901,2,2,1,0.9999165534973145,0.06845254451036453,0.9315474629402161,0.7956262230873108,0.5917763113975525,0.5357281565666199,0.9997966885566711,0.999603807926178,0.99820476770401
repeat1_fold3,MMdata_1012.15s_0321_003441_yumi_4ml,660.0,132,202,0.655940594059406,2,2,1,0.9999092817306519,0.080123670399189,0.9198763370513916,0.821657121181488,0.6437510848045349,0.5704269409179688,0.9997568726539612,0.99952232837677,0.9979038238525391
repeat1_fold3,MMdata_1012.15s_0321_003441_yumi_4ml,665.0,133,202,0.6608910891089109,2,2,1,0.9999260902404785,0.0635383129119873,0.9364616274833679,0.8240793943405151,0.6487222909927368,0.5731433629989624,0.9997566342353821,0.9995222091674805,0.9978998899459839
repeat1_fold3,MMdata_1012.15s_0321_003441_yumi_4ml,670.0,134,202,0.6658415841584159,2,2,1,0.9998650550842285,0.06325412541627884,0.9367458820343018,0.7852140069007874,0.570836067199707,0.5237686634063721,0.9994848966598511,0.9989762306213379,0.9959498643875122
repeat1_fold3,MMdata_1012.15s_0321_003441_yumi_4ml,675.0,135,202,0.6707920792079208,2,2,1,0.9999258518218994,0.06431133300065994,0.9356886744499207,0.8011751770973206,0.6029582023620605,0.5422449707984924,0.9997851252555847,0.9995806217193604,0.9981149435043335
repeat1_fold3,MMdata_1012.15s_0321_003441_yumi_4ml,680.0,136,202,0.6757425742574258,2,2,1,0.9998879432678223,0.08114416897296906,0.9188558459281921,0.8125386834144592,0.6254549026489258,0.5583145618438721,0.9996015429496765,0.9992098808288574,0.9967669248580933
repeat1_fold3,MMdata_1012.15s_0321_003441_yumi_4ml,685.0,137,202,0.6806930693069307,2,2,1,0.9999226331710815,0.06022578850388527,0.939774215221405,0.8303697109222412,0.6612618565559387,0.582343339920044,0.9996911287307739,0.9993898868560791,0.9974144101142883
repeat1_fold3,MMdata_1012.15s_0321_003441_yumi_4ml,690.0,138,202,0.6856435643564357,2,2,1,0.999884843826294,0.06527557224035263,0.9347244501113892,0.7935812473297119,0.5875606536865234,0.5339028835296631,0.9995442032814026,0.9990946054458618,0.9963641166687012
repeat1_fold3,MMdata_1012.15s_0321_003441_yumi_4ml,695.0,139,202,0.6905940594059405,2,2,1,0.9999420642852783,0.06844546645879745,0.9315545558929443,0.8154342770576477,0.6314548254013062,0.5610789060592651,0.9998544454574585,0.9997231960296631,0.998654842376709
repeat1_fold3,MMdata_1012.15s_0321_003441_yumi_4ml,700.0,140,202,0.6955445544554455,2,2,1,0.9999200105667114,0.08254566043615341,0.9174543619155884,0.8129215240478516,0.6262490749359131,0.558666467666626,0.999804675579071,0.9996191263198853,0.9982677698135376
repeat1_fold3,MMdata_1012.15s_0321_003441_yumi_4ml,705.0,141,202,0.7004950495049505,2,2,1,0.9999055862426758,0.06250463426113129,0.9374953508377075,0.8097376823425293,0.6199157238006592,0.5542421340942383,0.9995703101158142,0.9991468191146851,0.9965469241142273
repeat1_fold3,MMdata_1012.15s_0321_003441_yumi_4ml,710.0,142,202,0.7054455445544554,2,2,1,0.9998730421066284,0.063929982483387,0.9360699653625488,0.7813528180122375,0.5631284713745117,0.5191622972488403,0.9995168447494507,0.9990392327308655,0.9961740970611572
repeat1_fold3,MMdata_1012.15s_0321_003441_yumi_4ml,715.0,143,202,0.7103960396039604,2,2,1,0.9999446868896484,0.07282380014657974,0.9271761775016785,0.8100334405899048,0.6206740140914917,0.5537374019622803,0.9998844861984253,0.999786376953125,0.9988970756530762
repeat1_fold3,MMdata_1012.15s_0321_003441_yumi_4ml,720.0,144,202,0.7153465346534653,2,2,1,0.999929666519165,0.08665876090526581,0.913341224193573,0.8124394416809082,0.6253398656845093,0.5577182769775391,0.9998718500137329,0.9997576475143433,0.998798131942749
repeat1_fold3,MMdata_1012.15s_0321_003441_yumi_4ml,725.0,145,202,0.7202970297029703,2,2,1,0.9999152421951294,0.06655273586511612,0.9334473013877869,0.8139318823814392,0.6283060312271118,0.559822142124176,0.9996834993362427,0.9993740916252136,0.997358500957489
repeat1_fold3,MMdata_1012.15s_0321_003441_yumi_4ml,730.0,146,202,0.7252475247524752,2,2,1,0.9999027252197266,0.07022727280855179,0.929772675037384,0.7911984324455261,0.5827639102935791,0.5311729907989502,0.9996261596679688,0.9992583990097046,0.9969462156295776
repeat1_fold3,MMdata_1012.15s_0321_003441_yumi_4ml,735.0,147,202,0.7301980198019802,2,2,1,0.9999129772186279,0.07560008764266968,0.9243999719619751,0.7933337688446045,0.5871009230613708,0.5334003567695618,0.9997527003288269,0.9995134472846985,0.9978735446929932
repeat1_fold3,MMdata_1012.15s_0321_003441_yumi_4ml,740.0,148,202,0.7351485148514851,2,2,1,0.9999059438705444,0.07846352458000183,0.9215364456176758,0.7952202558517456,0.590918779373169,0.5354748964309692,0.9997503161430359,0.9995090365409851,0.9978541135787964
repeat1_fold3,MMdata_1012.15s_0321_003441_yumi_4ml,745.0,149,202,0.7400990099009901,2,2,1,0.9998842477798462,0.06433258950710297,0.9356673955917358,0.8083071112632751,0.6170321106910706,0.5524836182594299,0.999496340751648,0.99899822473526,0.9960326552391052
repeat1_fold3,MMdata_1012.15s_0321_003441_yumi_4ml,750.0,150,202,0.745049504950495,2,2,1,0.9998593330383301,0.0758720189332962,0.9241279363632202,0.7903307676315308,0.5809606313705444,0.5305202007293701,0.9994204044342041,0.9988455772399902,0.9955160617828369
repeat1_fold3,MMdata_1012.15s_0321_003441_yumi_4ml,755.0,151,202,0.75,2,2,1,0.9999439716339111,0.07343702763319016,0.9265629649162292,0.7987324595451355,0.5981152057647705,0.538934051990509,0.9998818635940552,0.9997798204421997,0.9988774657249451
repeat1_fold3,MMdata_1012.15s_0321_003441_yumi_4ml,760.0,152,202,0.754950495049505,2,2,1,0.9998999834060669,0.0799044743180275,0.9200955033302307,0.8061200976371765,0.6127042174339294,0.5493732690811157,0.9996949434280396,0.9993975162506104,0.997442364692688
repeat1_fold3,MMdata_1012.15s_0321_003441_yumi_4ml,765.0,153,202,0.7599009900990099,2,2,1,0.9999358654022217,0.06704600155353546,0.932953953742981,0.8112411499023438,0.6229618787765503,0.5560188293457031,0.9997795224189758,0.9995681643486023,0.9980748295783997
repeat1_fold3,MMdata_1012.15s_0321_003441_yumi_4ml,770.0,154,202,0.7648514851485149,2,2,1,0.999927282333374,0.08271360397338867,0.9172863960266113,0.7989252209663391,0.5981734395027161,0.5409761667251587,0.9998039603233337,0.9996160268783569,0.9982677698135376
repeat1_fold3,MMdata_1012.15s_0321_003441_yumi_4ml,775.0,155,202,0.7698019801980198,2,2,1,0.9999380111694336,0.07436322420835495,0.9256367683410645,0.7949912548065186,0.5906063914299011,0.5344067811965942,0.999861478805542,0.9997356534004211,0.9987159371376038
repeat1_fold3,MMdata_1012.15s_0321_003441_yumi_4ml,780.0,156,202,0.7747524752475248,2,2,1,0.9999260902404785,0.08032315224409103,0.9196768403053284,0.8132681250572205,0.6270216703414917,0.5586946606636047,0.9998101592063904,0.9996316432952881,0.9983072876930237
repeat1_fold3,MMdata_1012.15s_0321_003441_yumi_4ml,785.0,157,202,0.7797029702970297,2,2,1,0.9999418258666992,0.06936431676149368,0.9306357502937317,0.8076592087745667,0.6157627105712891,0.5514888167381287,0.9998263716697693,0.9996621012687683,0.998439610004425
repeat1_fold3,MMdata_1012.15s_0321_003441_yumi_4ml,790.0,158,202,0.7846534653465347,2,2,1,0.9999316930770874,0.08319930732250214,0.9168006777763367,0.7958336472511292,0.5919680595397949,0.5372474789619446,0.9998179078102112,0.9996446967124939,0.9983746409416199
repeat1_fold3,MMdata_1012.15s_0321_003441_yumi_4ml,795.0,159,202,0.7896039603960396,2,2,1,0.9999343156814575,0.06338077783584595,0.936619222164154,0.8051762580871582,0.6111047863960266,0.5466339588165283,0.9997797608375549,0.9995709657669067,0.9980709552764893
repeat1_fold3,MMdata_1012.15s_0321_003441_yumi_4ml,800.0,160,202,0.7945544554455446,2,2,1,0.9999511241912842,0.07853581756353378,0.9214641451835632,0.8175079226493835,0.6356696486473083,0.5635529160499573,0.9999096393585205,0.9998499751091003,0.9990999102592468
repeat1_fold3,MMdata_1012.15s_0321_003441_yumi_4ml,805.0,161,202,0.7995049504950495,2,2,1,0.9999642372131348,0.06627700477838516,0.9337230324745178,0.8232132196426392,0.6470862627029419,0.5714291334152222,0.9999134540557861,0.9998506307601929,0.999137818813324
repeat1_fold3,MMdata_1012.15s_0321_003441_yumi_4ml,810.0,162,202,0.8044554455445545,2,2,1,0.9999407529830933,0.07587239146232605,0.9241276383399963,0.8002360463142395,0.6008334755897522,0.5424060821533203,0.9998334646224976,0.9996774196624756,0.9984944462776184
repeat1_fold3,MMdata_1012.15s_0321_003441_yumi_4ml,815.0,163,202,0.8094059405940595,2,2,1,0.9999324083328247,0.06533965468406677,0.9346603155136108,0.795379638671875,0.5913918614387512,0.5348413586616516,0.9998146891593933,0.9996406435966492,0.9983426928520203
repeat1_fold3,MMdata_1012.15s_0321_003441_yumi_4ml,820.0,164,202,0.8143564356435643,2,2,1,0.9999374151229858,0.07685399055480957,0.9231459498405457,0.8099252581596375,0.6204549670219421,0.5536084771156311,0.9998784065246582,0.9997752904891968,0.9988443851470947
repeat1_fold3,MMdata_1012.15s_0321_003441_yumi_4ml,825.0,165,202,0.8193069306930693,2,2,1,0.9999567270278931,0.06215547397732735,0.9378445744514465,0.8129339218139648,0.6265057921409607,0.557439923286438,0.999889612197876,0.9997947216033936,0.9989428520202637
repeat1_fold3,MMdata_1012.15s_0321_003441_yumi_4ml,830.0,166,202,0.8242574257425742,2,2,1,0.9998989105224609,0.07418452203273773,0.9258154034614563,0.789596438407898,0.5795202851295471,0.5294655561447144,0.999596893787384,0.9991990923881531,0.9967389702796936
repeat1_fold3,MMdata_1012.15s_0321_003441_yumi_4ml,835.0,167,202,0.8292079207920792,2,2,1,0.999937891960144,0.06033942475914955,0.9396605491638184,0.7908254265785217,0.5824552774429321,0.5283718109130859,0.9997978806495667,0.999608039855957,0.998208224773407
repeat1_fold3,MMdata_1012.15s_0321_003441_yumi_4ml,840.0,168,202,0.8341584158415841,2,2,1,0.9999394416809082,0.07417712360620499,0.9258228540420532,0.811586856842041,0.6238322854042053,0.5555335283279419,0.99985671043396,0.9997277855873108,0.9986730813980103
repeat1_fold3,MMdata_1012.15s_0321_003441_yumi_4ml,845.0,169,202,0.8391089108910891,2,2,1,0.9999643564224243,0.07315781712532043,0.926842212677002,0.8195130228996277,0.6395927667617798,0.5667595863342285,0.9999233484268188,0.9998713731765747,0.9992250800132751
repeat1_fold3,MMdata_1012.15s_0321_003441_yumi_4ml,850.0,170,202,0.844059405940594,2,2,1,0.9999216794967651,0.07505737245082855,0.9249426126480103,0.7860493063926697,0.5724748373031616,0.5249403715133667,0.9997377991676331,0.9994823336601257,0.9977657198905945
repeat1_fold3,MMdata_1012.15s_0321_003441_yumi_4ml,855.0,171,202,0.849009900990099,2,2,1,0.9999469518661499,0.07193281501531601,0.928067147731781,0.8047704100608826,0.6101677417755127,0.5467526912689209,0.9998781681060791,0.9997739791870117,0.9988435506820679
repeat1_fold3,MMdata_1012.15s_0321_003441_yumi_4ml,860.0,172,202,0.8539603960396039,2,2,1,0.9999445676803589,0.0766514465212822,0.923348605632782,0.8201341032981873,0.6408724784851074,0.5674225687980652,0.9998894929885864,0.9997987151145935,0.9989360570907593
repeat1_fold3,MMdata_1012.15s_0321_003441_yumi_4ml,865.0,173,202,0.8589108910891089,2,2,1,0.9999605417251587,0.07447554916143417,0.9255245327949524,0.8245688676834106,0.6495803594589233,0.5744771957397461,0.9999094009399414,0.9998390674591064,0.9991057515144348
repeat1_fold3,MMdata_1012.15s_0321_003441_yumi_4ml,870.0,174,202,0.8638613861386139,2,2,1,0.9999420642852783,0.07510295510292053,0.9248970150947571,0.7998457551002502,0.6000940799713135,0.5416780710220337,0.9998360872268677,0.9996834993362427,0.9985131621360779
repeat1_fold3,MMdata_1012.15s_0321_003441_yumi_4ml,875.0,175,202,0.8688118811881188,2,2,1,0.9999418258666992,0.0754120722413063,0.9245879650115967,0.7971718907356262,0.5949143171310425,0.5373989343643188,0.9998780488967896,0.9997713565826416,0.9988465905189514
repeat1_fold3,MMdata_1012.15s_0321_003441_yumi_4ml,880.0,176,202,0.8737623762376238,2,2,1,0.9999455213546753,0.06950549781322479,0.930494487285614,0.8140475749969482,0.6288581490516663,0.5583017468452454,0.9998806715011597,0.9997796416282654,0.9988635778427124
repeat1_fold3,MMdata_1012.15s_0321_003441_yumi_4ml,885.0,177,202,0.8787128712871287,2,2,1,0.9999587535858154,0.060384996235370636,0.9396149516105652,0.8062686920166016,0.6132514476776123,0.5482461452484131,0.9998856782913208,0.9997864365577698,0.9989110231399536
repeat1_fold3,MMdata_1012.15s_0321_003441_yumi_4ml,890.0,178,202,0.8836633663366337,2,2,1,0.9999315738677979,0.07148125767707825,0.9285187721252441,0.7928699254989624,0.5861508846282959,0.532958447933197,0.9997808337211609,0.9995708465576172,0.9980846047401428
repeat1_fold3,MMdata_1012.15s_0321_003441_yumi_4ml,895.0,179,202,0.8886138613861386,2,2,1,0.9999144077301025,0.07100784033536911,0.9289921522140503,0.7959127426147461,0.592349648475647,0.5360813140869141,0.9997468590736389,0.9995021820068359,0.9978280663490295
repeat1_fold3,MMdata_1012.15s_0321_003441_yumi_4ml,900.0,180,202,0.8935643564356436,2,2,1,0.9999392032623291,0.08097083866596222,0.919029176235199,0.8207110166549683,0.6419103145599365,0.5688332319259644,0.9998748302459717,0.99976646900177,0.9988178014755249
repeat1_fold3,MMdata_1012.15s_0321_003441_yumi_4ml,905.0,181,202,0.8985148514851485,2,2,1,0.9999556541442871,0.07173062115907669,0.9282693862915039,0.8058803081512451,0.6122438907623291,0.5489569902420044,0.9998914003372192,0.9997972846031189,0.9989597797393799
repeat1_fold3,MMdata_1012.15s_0321_003441_yumi_4ml,910.0,182,202,0.9034653465346535,2,2,1,0.9999287128448486,0.07630190998315811,0.9236981272697449,0.7998270988464355,0.6000049114227295,0.5419511795043945,0.9997847676277161,0.9995782971382141,0.9981161952018738
repeat1_fold3,MMdata_1012.15s_0321_003441_yumi_4ml,915.0,183,202,0.9084158415841584,2,2,1,0.9999454021453857,0.07054725289344788,0.9294527769088745,0.8019329309463501,0.6046908497810364,0.5420985221862793,0.9998828172683716,0.9997820258140564,0.9988846778869629
repeat1_fold3,MMdata_1012.15s_0321_003441_yumi_4ml,920.0,184,202,0.9133663366336634,2,2,1,0.9999529123306274,0.07929091155529022,0.9207090735435486,0.8175914287567139,0.6358194351196289,0.5637552738189697,0.9999104738235474,0.9998433589935303,0.9991130232810974
repeat1_fold3,MMdata_1012.15s_0321_003441_yumi_4ml,925.0,185,202,0.9183168316831684,2,2,1,0.9999537467956543,0.06685636937618256,0.933143675327301,0.8125277757644653,0.6255788803100586,0.5574989318847656,0.9998615980148315,0.9997350573539734,0.99871826171875
repeat1_fold3,MMdata_1012.15s_0321_003441_yumi_4ml,930.0,186,202,0.9232673267326733,2,2,1,0.99991774559021,0.07269695401191711,0.9273030757904053,0.8140727877616882,0.628482460975647,0.5606026649475098,0.9997057318687439,0.9994187355041504,0.9975234270095825
repeat1_fold3,MMdata_1012.15s_0321_003441_yumi_4ml,935.0,187,202,0.9282178217821783,2,2,1,0.9999537467956543,0.07078690081834793,0.9292131066322327,0.8038010597229004,0.6084412932395935,0.5444235801696777,0.9999061822891235,0.99983811378479,0.9990726709365845
repeat1_fold3,MMdata_1012.15s_0321_003441_yumi_4ml,940.0,188,202,0.9331683168316832,2,2,1,0.9999411106109619,0.07128024846315384,0.928719699382782,0.8160030245780945,0.6326143145561218,0.5617361068725586,0.9998530149459839,0.9997195601463318,0.9986451268196106
repeat1_fold3,MMdata_1012.15s_0321_003441_yumi_4ml,945.0,189,202,0.9381188118811881,2,2,1,0.999958872795105,0.05824236199259758,0.9417576193809509,0.8070510625839233,0.6148420572280884,0.5491346120834351,0.9998778104782104,0.999769926071167,0.9988464117050171
repeat1_fold3,MMdata_1012.15s_0321_003441_yumi_4ml,950.0,190,202,0.943069306930693,2,2,1,0.9998742341995239,0.07152771204710007,0.9284722805023193,0.7993401288986206,0.5989859700202942,0.5415996313095093,0.9993271827697754,0.9986594319343567,0.9948865175247192
repeat1_fold3,MMdata_1012.15s_0321_003441_yumi_4ml,955.0,191,202,0.948019801980198,2,2,1,0.9999408721923828,0.06889468431472778,0.9311053156852722,0.7977981567382812,0.5963795185089111,0.5370783805847168,0.9998571872711182,0.9997280836105347,0.9986772537231445
repeat1_fold3,MMdata_1012.15s_0321_003441_yumi_4ml,960.0,192,202,0.9529702970297029,2,2,1,0.9999309778213501,0.07675817608833313,0.9232417941093445,0.7955247759819031,0.5915671586990356,0.5356355905532837,0.9998369216918945,0.9996845722198486,0.998521089553833
repeat1_fold3,MMdata_1012.15s_0321_003441_yumi_4ml,965.0,193,202,0.9579207920792079,2,2,1,0.9999536275863647,0.06032358482480049,0.9396764039993286,0.7895835041999817,0.5799570679664612,0.5269407033920288,0.9998729228973389,0.9997571706771851,0.9988124966621399
repeat1_fold3,MMdata_1012.15s_0321_003441_yumi_4ml,970.0,194,202,0.9628712871287128,2,2,1,0.9998458623886108,0.06677088886499405,0.9332290887832642,0.7970585823059082,0.5944391489028931,0.5386451482772827,0.9990342855453491,0.9980732202529907,0.9929919838905334
repeat1_fold3,MMdata_1012.15s_0321_003441_yumi_4ml,975.0,195,202,0.9678217821782178,2,2,1,0.9999428987503052,0.07209152728319168,0.9279084801673889,0.8078131675720215,0.6162847280502319,0.5505483150482178,0.9998632669448853,0.9997419714927673,0.998724639415741
repeat1_fold3,MMdata_1012.15s_0321_003441_yumi_4ml,980.0,196,202,0.9727722772277227,2,2,1,0.9999489784240723,0.08083593100309372,0.9191641211509705,0.824210524559021,0.6489552855491638,0.5734816789627075,0.9998902082443237,0.9997975826263428,0.9989451766014099
repeat1_fold3,MMdata_1012.15s_0321_003441_yumi_4ml,985.0,197,202,0.9777227722772277,2,2,1,0.9999680519104004,0.06627299636602402,0.933726966381073,0.8164068460464478,0.6335618495941162,0.5615717172622681,0.9999207258224487,0.999880313873291,0.9991958141326904
repeat1_fold3,MMdata_1012.15s_0321_003441_yumi_4ml,990.0,198,202,0.9826732673267327,2,2,1,0.9999058246612549,0.07643400877714157,0.9235660433769226,0.8054793477058411,0.6112686991691589,0.5494142770767212,0.9996383190155029,0.9992830753326416,0.9970320463180542
repeat1_fold3,MMdata_1012.15s_0321_003441_yumi_4ml,995.0,199,202,0.9876237623762376,2,2,1,0.9999469518661499,0.08203615248203278,0.9179638624191284,0.8086860775947571,0.6179298758506775,0.5522211790084839,0.9998928308486938,0.9998039603233337,0.9989657402038574
repeat1_fold3,MMdata_1012.15s_0321_003441_yumi_4ml,1000.0,200,202,0.9925742574257426,2,2,1,0.9999507665634155,0.07728657871484756,0.9227133989334106,0.8182632923126221,0.637147068977356,0.5647597312927246,0.9998964071273804,0.9998117089271545,0.9989964962005615
repeat1_fold3,MMdata_1012.15s_0321_003441_yumi_4ml,1005.0,201,202,0.9975247524752475,2,2,1,0.9999622106552124,0.05737729370594025,0.942622721195221,0.8073591589927673,0.615591824054718,0.5488722324371338,0.9998960494995117,0.999809980392456,0.9989940524101257
repeat1_fold3,MMdata_1200.00s_0327_172321_2ml,0.0,0,240,0.0020833333333333333,1,1,1,0.9970666766166687,0.006658326834440231,0.9933417439460754,0.6799957156181335,0.3644135296344757,0.4081640839576721,0.9999681711196899,0.9999378323554993,0.9996652603149414
repeat1_fold3,MMdata_1200.00s_0327_172321_2ml,5.0,1,240,0.00625,1,1,1,0.9972938895225525,0.004893073346465826,0.9951069355010986,0.529808521270752,0.09711986780166626,0.25162947177886963,0.9999853372573853,0.9999727010726929,0.9998325705528259
repeat1_fold3,MMdata_1200.00s_0327_172321_2ml,10.0,2,240,0.010416666666666666,1,1,1,0.9978517293930054,0.007533370982855558,0.9924666285514832,0.975964367389679,0.9580273628234863,0.8844284415245056,0.9999861717224121,0.999973714351654,0.9998418688774109
repeat1_fold3,MMdata_1200.00s_0327_172321_2ml,15.0,3,240,0.014583333333333334,1,1,1,0.9962345957756042,0.003030049614608288,0.996969997882843,0.460440456867218,0.04876059293746948,0.102977454662323,0.9999880790710449,0.9999803304672241,0.9998595714569092
repeat1_fold3,MMdata_1200.00s_0327_172321_2ml,20.0,4,240,0.01875,1,1,1,0.9963634610176086,0.00336441514082253,0.9966356158256531,0.5212090611457825,0.1403471827507019,0.14909541606903076,0.9999825954437256,0.9999681711196899,0.9998031258583069
repeat1_fold3,MMdata_1200.00s_0327_172321_2ml,25.0,5,240,0.022916666666666665,1,1,1,0.9959826469421387,0.004557255655527115,0.9954427480697632,0.5250035524368286,0.10909894108772278,0.20780986547470093,0.9999854564666748,0.9999745488166809,0.99983149766922
repeat1_fold3,MMdata_1200.00s_0327_172321_2ml,30.0,6,240,0.027083333333333334,1,1,1,0.9978495836257935,0.005108278710395098,0.9948917627334595,0.9288665652275085,0.8806430101394653,0.7257790565490723,0.9999868869781494,0.9999752044677734,0.9998490810394287
repeat1_fold3,MMdata_1200.00s_0327_172321_2ml,35.0,7,240,0.03125,1,1,1,0.9956808090209961,0.003372336970642209,0.9966276288032532,0.4696016013622284,0.0675542950630188,0.1035957932472229,0.999984622001648,0.9999736547470093,0.9998227953910828
repeat1_fold3,MMdata_1200.00s_0327_172321_2ml,40.0,8,240,0.035416666666666666,1,1,1,0.9975469708442688,0.003597389906644821,0.9964026212692261,0.5171011090278625,0.09606990218162537,0.20134508609771729,0.9999843835830688,0.999970555305481,0.9998232126235962
repeat1_fold3,MMdata_1200.00s_0327_172321_2ml,45.0,9,240,0.03958333333333333,1,1,1,0.996860146522522,0.005176092963665724,0.9948239326477051,0.5509667992591858,0.13041174411773682,0.27723366022109985,0.999983549118042,0.9999693036079407,0.9998140931129456
repeat1_fold3,MMdata_1200.00s_0327_172321_2ml,50.0,10,240,0.04375,1,1,1,0.9982056617736816,0.005314778070896864,0.994685173034668,0.9134635329246521,0.851722002029419,0.6847963333129883,0.9999819993972778,0.9999649524688721,0.9998005628585815
repeat1_fold3,MMdata_1200.00s_0327_172321_2ml,55.0,11,240,0.04791666666666667,1,1,1,0.9975428581237793,0.004067401867359877,0.9959326386451721,0.5246626734733582,0.08083441853523254,0.2646370530128479,0.9999855756759644,0.9999729990959167,0.9998353719711304
repeat1_fold3,MMdata_1200.00s_0327_172321_2ml,60.0,12,240,0.052083333333333336,1,1,1,0.9975669384002686,0.00534682534635067,0.9946531057357788,0.6270976662635803,0.2656720280647278,0.35215479135513306,0.999977707862854,0.9999568462371826,0.9997572302818298
repeat1_fold3,MMdata_1200.00s_0327_172321_2ml,65.0,13,240,0.05625,1,1,1,0.9974706172943115,0.005744551308453083,0.9942554831504822,0.5154802203178406,0.04962089657783508,0.2975348234176636,0.9999860525131226,0.9999739527702332,0.9998401999473572
repeat1_fold3,MMdata_1200.00s_0327_172321_2ml,70.0,14,240,0.06041666666666667,1,1,1,0.9982621073722839,0.004730504006147385,0.9952694773674011,0.7539549469947815,0.5780806541442871,0.35825198888778687,0.9999798536300659,0.9999606013298035,0.9997795224189758
repeat1_fold3,MMdata_1200.00s_0327_172321_2ml,75.0,15,240,0.06458333333333334,1,1,1,0.9969808459281921,0.004255531821399927,0.9957444071769714,0.6000829935073853,0.21742382645606995,0.32269155979156494,0.9999849796295166,0.9999724626541138,0.9998288750648499
repeat1_fold3,MMdata_1200.00s_0327_172321_2ml,80.0,16,240,0.06875,1,1,1,0.9978265166282654,0.00494045065715909,0.995059609413147,0.6118153929710388,0.23595070838928223,0.3422989249229431,0.9999830722808838,0.9999675750732422,0.9998101592063904
repeat1_fold3,MMdata_1200.00s_0327_172321_2ml,85.0,17,240,0.07291666666666667,1,1,1,0.9973157048225403,0.004494977183640003,0.9955050349235535,0.4541066288948059,0.09133705496788025,0.05590367317199707,0.9999876022338867,0.9999774098396301,0.9998564720153809
repeat1_fold3,MMdata_1200.00s_0327_172321_2ml,90.0,18,240,0.07708333333333334,1,1,1,0.9981793165206909,0.004462364129722118,0.9955376386642456,0.8089663982391357,0.670316219329834,0.4539186954498291,0.9999884366989136,0.9999783635139465,0.9998660087585449
repeat1_fold3,MMdata_1200.00s_0327_172321_2ml,95.0,19,240,0.08125,1,1,1,0.9967114925384521,0.0037269312888383865,0.9962730407714844,0.5998732447624207,0.2309192419052124,0.2876933217048645,0.9999814033508301,0.999965250492096,0.9997920989990234
repeat1_fold3,MMdata_1200.00s_0327_172321_2ml,100.0,20,240,0.08541666666666667,1,1,1,0.9975075721740723,0.004623216576874256,0.9953768253326416,0.6008558869361877,0.2258078157901764,0.3048858642578125,0.9999772310256958,0.9999558925628662,0.9997522234916687
repeat1_fold3,MMdata_1200.00s_0327_172321_2ml,105.0,21,240,0.08958333333333333,1,1,1,0.997549831867218,0.006353231146931648,0.9936467409133911,0.564927339553833,0.14102062582969666,0.32950812578201294,0.999982476234436,0.9999665021896362,0.9998046159744263
repeat1_fold3,MMdata_1200.00s_0327_172321_2ml,110.0,22,240,0.09375,1,1,1,0.9981326460838318,0.00555792823433876,0.9944420456886292,0.943988561630249,0.9038230180740356,0.7731562852859497,0.9999873638153076,0.9999760985374451,0.9998546838760376
repeat1_fold3,MMdata_1200.00s_0327_172321_2ml,115.0,23,240,0.09791666666666667,1,1,1,0.9966427087783813,0.0037431633099913597,0.9962568283081055,0.5483037829399109,0.1555970311164856,0.21399617195129395,0.9999799728393555,0.999962329864502,0.9997774958610535
repeat1_fold3,MMdata_1200.00s_0327_172321_2ml,120.0,24,240,0.10208333333333333,1,1,1,0.9979615211486816,0.005486440844833851,0.9945136308670044,0.6217114329338074,0.25470420718193054,0.3501279354095459,0.9999799728393555,0.999961256980896,0.9997798204421997
repeat1_fold3,MMdata_1200.00s_0327_172321_2ml,125.0,25,240,0.10625,1,1,1,0.9974004030227661,0.005062560550868511,0.9949374198913574,0.492037296295166,0.02224564552307129,0.24584943056106567,0.9999858140945435,0.999973475933075,0.999837338924408
repeat1_fold3,MMdata_1200.00s_0327_172321_2ml,130.0,26,240,0.11041666666666666,1,1,1,0.9979071617126465,0.005179295316338539,0.9948207139968872,0.9373689889907837,0.8932579159736633,0.7522560954093933,0.9999897480010986,0.9999812841415405,0.9998785853385925
repeat1_fold3,MMdata_1200.00s_0327_172321_2ml,135.0,27,240,0.11458333333333333,1,1,1,0.997400164604187,0.004505748860538006,0.9954942464828491,0.6034879684448242,0.2224065065383911,0.32934319972991943,0.9999786615371704,0.9999589323997498,0.9997667670249939
repeat1_fold3,MMdata_1200.00s_0327_172321_2ml,140.0,28,240,0.11875,1,1,1,0.997989296913147,0.004615785088390112,0.995384156703949,0.5261754393577576,0.07344803214073181,0.2917933464050293,0.9999845027923584,0.9999704360961914,0.9998248815536499
repeat1_fold3,MMdata_1200.00s_0327_172321_2ml,145.0,29,240,0.12291666666666666,1,1,1,0.9952783584594727,0.0053423079662024975,0.9946576952934265,0.5180395841598511,0.08062723278999329,0.23448807001113892,0.9999774694442749,0.9999585151672363,0.9997509717941284
repeat1_fold3,MMdata_1200.00s_0327_172321_2ml,150.0,30,240,0.12708333333333333,1,1,1,0.9980905652046204,0.004819817375391722,0.9951802492141724,0.9138694405555725,0.8490089774131775,0.689029335975647,0.9999903440475464,0.9999824166297913,0.9998849630355835
repeat1_fold3,MMdata_1200.00s_0327_172321_2ml,155.0,31,240,0.13125,1,1,1,0.9970669150352478,0.0039493246003985405,0.9960506558418274,0.6050093173980713,0.2438107132911682,0.2842661738395691,0.9999741315841675,0.9999499320983887,0.9997218251228333
repeat1_fold3,MMdata_1200.00s_0327_172321_2ml,160.0,32,240,0.13541666666666666,1,1,1,0.9981004595756531,0.005056007765233517,0.9949440360069275,0.551865816116333,0.11838427186012268,0.3152390122413635,0.9999810457229614,0.9999632835388184,0.9997907876968384
repeat1_fold3,MMdata_1200.00s_0327_172321_2ml,165.0,33,240,0.13958333333333334,1,1,1,0.9974561333656311,0.00497265812009573,0.9950273633003235,0.4824464023113251,0.00433233380317688,0.24271851778030396,0.999984860420227,0.9999715089797974,0.9998286366462708
repeat1_fold3,MMdata_1200.00s_0327_172321_2ml,170.0,34,240,0.14375,1,1,1,0.998310923576355,0.004583872854709625,0.9954161643981934,0.4741460978984833,0.11397689580917358,0.07203757762908936,0.9999855756759644,0.9999722838401794,0.9998365044593811
repeat1_fold3,MMdata_1200.00s_0327_172321_2ml,175.0,35,240,0.14791666666666667,1,1,1,0.9970990419387817,0.004090957809239626,0.9959090948104858,0.6217902898788452,0.26355689764022827,0.32517731189727783,0.999981164932251,0.9999643564224243,0.9997904300689697
repeat1_fold3,MMdata_1200.00s_0327_172321_2ml,180.0,36,240,0.15208333333333332,1,1,1,0.998039186000824,0.005837527569383383,0.9941624999046326,0.5455504059791565,0.09841153025627136,0.33877062797546387,0.9999858140945435,0.9999731183052063,0.9998382329940796
repeat1_fold3,MMdata_1200.00s_0327_172321_2ml,185.0,37,240,0.15625,1,1,1,0.9980332255363464,0.008878851309418678,0.9911211729049683,0.5511125326156616,0.1069386899471283,0.3500177264213562,0.9999676942825317,0.9999361634254456,0.9996623992919922
repeat1_fold3,MMdata_1200.00s_0327_172321_2ml,190.0,38,240,0.16041666666666668,1,1,1,0.9983054399490356,0.004648810718208551,0.9953511953353882,0.6117492914199829,0.3686158061027527,0.15842312574386597,0.9999842643737793,0.9999697208404541,0.9998239874839783
repeat1_fold3,MMdata_1200.00s_0327_172321_2ml,195.0,39,240,0.16458333333333333,1,1,1,0.9969293475151062,0.0036071576178073883,0.9963927865028381,0.583635687828064,0.21574178338050842,0.24553465843200684,0.9999710321426392,0.999943733215332,0.9996918439865112
repeat1_fold3,MMdata_1200.00s_0327_172321_2ml,200.0,40,240,0.16875,1,1,1,0.9971561431884766,0.0045997328124940395,0.9954002499580383,0.6253549456596375,0.2655828297138214,0.3410397171974182,0.9999840259552002,0.9999701976776123,0.9998185634613037
repeat1_fold3,MMdata_1200.00s_0327_172321_2ml,205.0,41,240,0.17291666666666666,1,1,1,0.9977204203605652,0.005087156780064106,0.99491286277771,0.4811757504940033,0.03489753603935242,0.17861759662628174,0.9999825954437256,0.999966561794281,0.9998060464859009
repeat1_fold3,MMdata_1200.00s_0327_172321_2ml,210.0,42,240,0.17708333333333334,1,1,1,0.9982715845108032,0.004551418591290712,0.9954485297203064,0.611004114151001,0.3538273274898529,0.1649789810180664,0.9999852180480957,0.9999716281890869,0.9998336434364319
repeat1_fold3,MMdata_1200.00s_0327_172321_2ml,215.0,43,240,0.18125,1,1,1,0.9963935017585754,0.00312687992118299,0.9968731999397278,0.5419642925262451,0.19995155930519104,0.13632792234420776,0.9999796152114868,0.9999619722366333,0.9997743368148804
repeat1_fold3,MMdata_1200.00s_0327_172321_2ml,220.0,44,240,0.18541666666666667,1,1,1,0.9978184700012207,0.004557370208203793,0.9954426288604736,0.5263389945030212,0.07551288604736328,0.28703296184539795,0.9999886751174927,0.9999793171882629,0.9998676180839539
repeat1_fold3,MMdata_1200.00s_0327_172321_2ml,225.0,45,240,0.18958333333333333,1,1,1,0.9979320764541626,0.006263284478336573,0.993736743927002,0.5265772938728333,0.06824636459350586,0.3095049262046814,0.9999810457229614,0.9999632835388184,0.9997910261154175
repeat1_fold3,MMdata_1200.00s_0327_172321_2ml,230.0,46,240,0.19375,1,1,1,0.9982774257659912,0.005144250579178333,0.9948557615280151,0.832913875579834,0.706314206123352,0.5050522089004517,0.9999783039093018,0.9999575018882751,0.9997648000717163
repeat1_fold3,MMdata_1200.00s_0327_172321_2ml,235.0,47,240,0.19791666666666666,1,1,1,0.9963884353637695,0.003492792136967182,0.9965072274208069,0.6221112608909607,0.29110848903656006,0.2675163745880127,0.9999755620956421,0.9999535083770752,0.9997342228889465
repeat1_fold3,MMdata_1200.00s_0327_172321_2ml,240.0,48,240,0.20208333333333334,1,1,1,0.9978311657905579,0.0055214716121554375,0.9944784641265869,0.5743328928947449,0.1580694317817688,0.3380683660507202,0.9999886751174927,0.9999793767929077,0.9998676776885986
repeat1_fold3,MMdata_1200.00s_0327_172321_2ml,245.0,49,240,0.20625,1,1,1,0.997650682926178,0.006164021324366331,0.993835985660553,0.5778858065605164,0.17017731070518494,0.3229823708534241,0.9999783039093018,0.9999578595161438,0.9997631907463074
repeat1_fold3,MMdata_1200.00s_0327_172321_2ml,250.0,50,240,0.21041666666666667,1,1,1,0.9975014328956604,0.006754999980330467,0.9932450652122498,0.9779868721961975,0.9621868133544922,0.8917974233627319,0.9999902248382568,0.9999827742576599,0.9998839497566223
repeat1_fold3,MMdata_1200.00s_0327_172321_2ml,255.0,51,240,0.21458333333333332,1,1,1,0.9970239996910095,0.0032319286838173866,0.9967681169509888,0.4890955686569214,0.11669626832008362,0.0975385308265686,0.999983549118042,0.9999694228172302,0.9998145699501038
repeat1_fold3,MMdata_1200.00s_0327_172321_2ml,260.0,52,240,0.21875,1,1,1,0.9979774355888367,0.0072386860847473145,0.9927613735198975,0.6052191853523254,0.21431931853294373,0.3695325255393982,0.9999856948852539,0.999972939491272,0.9998375773429871
repeat1_fold3,MMdata_1200.00s_0327_172321_2ml,265.0,53,240,0.22291666666666668,1,1,1,0.9979867935180664,0.0065653156489133835,0.9934346675872803,0.5288289785385132,0.07163742184638977,0.3132895827293396,0.999980092048645,0.999961256980896,0.9997813701629639
repeat1_fold3,MMdata_1200.00s_0327_172321_2ml,270.0,54,240,0.22708333333333333,1,1,1,0.998342752456665,0.005500825587660074,0.9944990873336792,0.6871440410614014,0.5223988890647888,0.23742014169692993,0.9999735355377197,0.9999477863311768,0.999718427658081
repeat1_fold3,MMdata_1200.00s_0327_172321_2ml,275.0,55,240,0.23125,1,1,1,0.9973199963569641,0.004384892527014017,0.9956151247024536,0.642002522945404,0.3039397597312927,0.33625441789627075,0.999972939491272,0.9999473094940186,0.9997110366821289
repeat1_fold3,MMdata_1200.00s_0327_172321_2ml,280.0,56,240,0.23541666666666666,1,1,1,0.9976789355278015,0.005831801798194647,0.9941681623458862,0.5291106700897217,0.0671369731426239,0.3303833603858948,0.999990701675415,0.9999838471412659,0.9998879432678223
repeat1_fold3,MMdata_1200.00s_0327_172321_2ml,285.0,57,240,0.23958333333333334,1,1,1,0.9976456761360168,0.005885165184736252,0.9941148161888123,0.5593576431274414,0.14280900359153748,0.2904413938522339,0.9999791383743286,0.9999595880508423,0.9997715950012207
repeat1_fold3,MMdata_1200.00s_0327_172321_2ml,290.0,58,240,0.24375,1,1,1,0.9982036352157593,0.005517750047147274,0.9944822788238525,0.8930569291114807,0.8095152974128723,0.6393038630485535,0.9999887943267822,0.9999790787696838,0.9998701214790344
repeat1_fold3,MMdata_1200.00s_0327_172321_2ml,295.0,59,240,0.24791666666666667,1,1,1,0.997320830821991,0.004515486769378185,0.9954845905303955,0.6265650391578674,0.2729092538356781,0.32813596725463867,0.9999747276306152,0.9999510049819946,0.9997287392616272
repeat1_fold3,MMdata_1200.00s_0327_172321_2ml,300.0,60,240,0.2520833333333333,1,1,1,0.9979285001754761,0.006895085331052542,0.993104875087738,0.5453969240188599,0.09686782956123352,0.34347665309906006,0.9999880790710449,0.9999779462814331,0.9998613595962524
repeat1_fold3,MMdata_1200.00s_0327_172321_2ml,305.0,61,240,0.25625,1,1,1,0.9975333213806152,0.006737996824085712,0.993261992931366,0.6057979464530945,0.22585847973823547,0.33376622200012207,0.9999710321426392,0.9999432563781738,0.9996934533119202
repeat1_fold3,MMdata_1200.00s_0327_172321_2ml,310.0,62,240,0.2604166666666667,1,1,1,0.9982945322990417,0.00486088776960969,0.9951391220092773,0.4748506546020508,0.07035890221595764,0.11258131265640259,0.9999865293502808,0.999974250793457,0.9998458623886108
repeat1_fold3,MMdata_1200.00s_0327_172321_2ml,315.0,63,240,0.26458333333333334,1,1,1,0.996699869632721,0.0030483780428767204,0.9969515800476074,0.3958377540111542,0.08839207887649536,0.007870256900787354,0.9999815225601196,0.9999656081199646,0.9997935891151428
repeat1_fold3,MMdata_1200.00s_0327_172321_2ml,320.0,64,240,0.26875,1,1,1,0.9981210827827454,0.00814189575612545,0.9918580651283264,0.5779947638511658,0.1590653359889984,0.36362189054489136,0.9999854564666748,0.9999723434448242,0.9998347759246826
repeat1_fold3,MMdata_1200.00s_0327_172321_2ml,325.0,65,240,0.27291666666666664,1,1,1,0.9967034459114075,0.004558850079774857,0.9954410791397095,0.4856255352497101,0.07283663749694824,0.13679242134094238,0.9999840259552002,0.9999706149101257,0.9998190999031067
repeat1_fold3,MMdata_1200.00s_0327_172321_2ml,330.0,66,240,0.27708333333333335,1,1,1,0.9982733726501465,0.005601894110441208,0.9943980574607849,0.8988776206970215,0.8180630207061768,0.6556936502456665,0.9999877214431763,0.999976634979248,0.9998583793640137
repeat1_fold3,MMdata_1200.00s_0327_172321_2ml,335.0,67,240,0.28125,1,1,1,0.996253490447998,0.0030925911851227283,0.9969074130058289,0.41261762380599976,0.11685618758201599,0.01245880126953125,0.9999785423278809,0.9999598860740662,0.999763548374176
repeat1_fold3,MMdata_1200.00s_0327_172321_2ml,340.0,68,240,0.28541666666666665,1,1,1,0.9976714253425598,0.005990225821733475,0.9940098524093628,0.5360845923423767,0.08123084902763367,0.3308131694793701,0.9999895095825195,0.9999812841415405,0.9998764991760254
repeat1_fold3,MMdata_1200.00s_0327_172321_2ml,345.0,69,240,0.28958333333333336,1,1,1,0.9976104497909546,0.005412380211055279,0.9945876598358154,0.524785041809082,0.08258357644081116,0.26106852293014526,0.9999746084213257,0.9999504685401917,0.9997279047966003
repeat1_fold3,MMdata_1200.00s_0327_172321_2ml,350.0,70,240,0.29375,1,1,1,0.9982671737670898,0.005072686821222305,0.9949272871017456,0.530264675617218,0.15711122751235962,0.1534978747367859,0.999985933303833,0.9999729990959167,0.9998400211334229
repeat1_fold3,MMdata_1200.00s_0327_172321_2ml,355.0,71,240,0.29791666666666666,1,1,1,0.9963165521621704,0.003056277520954609,0.9969436526298523,0.5545459985733032,0.32231414318084717,0.09381663799285889,0.9999769926071167,0.9999565482139587,0.9997483491897583
repeat1_fold3,MMdata_1200.00s_0327_172321_2ml,360.0,72,240,0.3020833333333333,1,1,1,0.997895359992981,0.006703288294374943,0.9932966828346252,0.5385320782661438,0.08701589703559875,0.328061580657959,0.9999904632568359,0.9999832510948181,0.9998859167098999
repeat1_fold3,MMdata_1200.00s_0327_172321_2ml,365.0,73,240,0.30625,1,1,1,0.9963323473930359,0.00601459015160799,0.9939854741096497,0.623782753944397,0.2722181975841522,0.31441324949264526,0.9999560117721558,0.99991375207901,0.9995517730712891
repeat1_fold3,MMdata_1200.00s_0327_172321_2ml,370.0,74,240,0.3104166666666667,1,1,1,0.9981924891471863,0.005349861923605204,0.9946501851081848,0.5604076981544495,0.2782873809337616,0.11468654870986938,0.9999897480010986,0.999981164932251,0.9998795390129089
repeat1_fold3,MMdata_1200.00s_0327_172321_2ml,375.0,75,240,0.3145833333333333,1,1,1,0.9967271089553833,0.003083028132095933,0.9969170093536377,0.4866383671760559,0.12947404384613037,0.08228147029876709,0.9999806880950928,0.9999637603759766,0.9997850060462952
repeat1_fold3,MMdata_1200.00s_0327_172321_2ml,380.0,76,240,0.31875,1,1,1,0.9976490139961243,0.00778288533911109,0.9922170639038086,0.5936078429222107,0.1906806230545044,0.3669489622116089,0.9999874830245972,0.9999769926071167,0.9998552799224854
repeat1_fold3,MMdata_1200.00s_0327_172321_2ml,385.0,77,240,0.3229166666666667,1,1,1,0.9977062940597534,0.00525475712493062,0.9947452545166016,0.5239129066467285,0.08761456608772278,0.2455596923828125,0.9999630451202393,0.9999271631240845,0.99961918592453
repeat1_fold3,MMdata_1200.00s_0327_172321_2ml,390.0,78,240,0.32708333333333334,1,1,1,0.9983483552932739,0.006471425760537386,0.9935285449028015,0.7978123426437378,0.6398796439170837,0.44505685567855835,0.9999860525131226,0.9999732375144958,0.9998413324356079
repeat1_fold3,MMdata_1200.00s_0327_172321_2ml,395.0,79,240,0.33125,1,1,1,0.9969651103019714,0.0032439157366752625,0.9967561364173889,0.5282796025276184,0.1711466908454895,0.13247281312942505,0.9999796152114868,0.9999611973762512,0.9997746348381042
repeat1_fold3,MMdata_1200.00s_0327_172321_2ml,400.0,80,240,0.33541666666666664,1,1,1,0.9978635907173157,0.00499320263043046,0.995006799697876,0.5433218479156494,0.12300485372543335,0.25699567794799805,0.9999899864196777,0.9999822378158569,0.9998816251754761
repeat1_fold3,MMdata_1200.00s_0327_172321_2ml,405.0,81,240,0.33958333333333335,1,1,1,0.9977637529373169,0.006490910891443491,0.9935091137886047,0.5842046141624451,0.17964747548103333,0.33501237630844116,0.9999721050262451,0.9999452829360962,0.9997037053108215
repeat1_fold3,MMdata_1200.00s_0327_172321_2ml,410.0,82,240,0.34375,1,1,1,0.9983054399490356,0.006362192798405886,0.99363774061203,0.7595715522766113,0.6331310272216797,0.3465365171432495,0.9999812841415405,0.9999635815620422,0.9997943639755249
repeat1_fold3,MMdata_1200.00s_0327_172321_2ml,415.0,83,240,0.34791666666666665,1,1,1,0.9965523481369019,0.003399964887648821,0.9966000914573669,0.5597546696662903,0.20387941598892212,0.17979133129119873,0.9999744892120361,0.9999511241912842,0.9997245669364929
repeat1_fold3,MMdata_1200.00s_0327_172321_2ml,420.0,84,240,0.35208333333333336,1,1,1,0.9980127811431885,0.007351161912083626,0.9926487803459167,0.5053293108940125,0.01734301447868347,0.33689093589782715,0.9999885559082031,0.9999790191650391,0.9998660683631897
repeat1_fold3,MMdata_1200.00s_0327_172321_2ml,425.0,85,240,0.35625,1,1,1,0.9979853630065918,0.0066256034187972546,0.9933744072914124,0.5620254278182983,0.1370832324028015,0.3227139711380005,0.9999656677246094,0.9999321103096008,0.9996433854103088
repeat1_fold3,MMdata_1200.00s_0327_172321_2ml,430.0,86,240,0.36041666666666666,1,1,1,0.9982855916023254,0.00613817386329174,0.9938617944717407,0.7365912795066833,0.6001846790313721,0.30912357568740845,0.9999877214431763,0.9999767541885376,0.9998587965965271
repeat1_fold3,MMdata_1200.00s_0327_172321_2ml,435.0,87,240,0.3645833333333333,1,1,1,0.9969407916069031,0.0033476254902780056,0.9966524243354797,0.5475139617919922,0.1691751778125763,0.18948137760162354,0.9999793767929077,0.9999607801437378,0.9997730255126953
repeat1_fold3,MMdata_1200.00s_0327_172321_2ml,440.0,88,240,0.36875,1,1,1,0.9981117248535156,0.00839851051568985,0.9916014075279236,0.5198530554771423,0.04306238889694214,0.35158079862594604,0.9999874830245972,0.999976634979248,0.9998553991317749
repeat1_fold3,MMdata_1200.00s_0327_172321_2ml,445.0,89,240,0.3729166666666667,1,1,1,0.9979243278503418,0.004704496823251247,0.9952954649925232,0.4759196937084198,0.03403198719024658,0.1629105806350708,0.9999727010726929,0.9999464154243469,0.9997100234031677
repeat1_fold3,MMdata_1200.00s_0327_172321_2ml,450.0,90,240,0.3770833333333333,1,1,1,0.9983731508255005,0.005922663491219282,0.9940773248672485,0.5440213680267334,0.17637577652931213,0.1685747504234314,0.9999834299087524,0.9999677538871765,0.9998151063919067
repeat1_fold3,MMdata_1200.00s_0327_172321_2ml,455.0,91,240,0.38125,1,1,1,0.9964733719825745,0.003689429722726345,0.9963105320930481,0.556755006313324,0.1767248511314392,0.2096545696258545,0.9999563694000244,0.9999144077301025,0.9995554685592651
repeat1_fold3,MMdata_1200.00s_0327_172321_2ml,460.0,92,240,0.3854166666666667,1,1,1,0.9975335597991943,0.004463110119104385,0.9955369234085083,0.5271469950675964,0.26996156573295593,0.07373672723770142,0.9999914169311523,0.9999862909317017,0.9998959898948669
repeat1_fold3,MMdata_1200.00s_0327_172321_2ml,465.0,93,240,0.38958333333333334,1,1,1,0.9977916479110718,0.0062482221983373165,0.9937518239021301,0.5705714821815491,0.158304363489151,0.3125661611557007,0.9999667406082153,0.9999344944953918,0.9996540546417236
repeat1_fold3,MMdata_1200.00s_0327_172321_2ml,470.0,94,240,0.39375,1,1,1,0.9984186887741089,0.00816328451037407,0.9918367266654968,0.8504431843757629,0.7305340766906738,0.5481470823287964,0.9999799728393555,0.9999608993530273,0.9997817873954773
repeat1_fold3,MMdata_1200.00s_0327_172321_2ml,475.0,95,240,0.39791666666666664,1,1,1,0.9969822764396667,0.004327429924160242,0.9956725835800171,0.5810074806213379,0.18930083513259888,0.2892184853553772,0.9999732971191406,0.999948263168335,0.9997139573097229
repeat1_fold3,MMdata_1200.00s_0327_172321_2ml,480.0,96,240,0.40208333333333335,1,1,1,0.9979974627494812,0.007379875052720308,0.9926201701164246,0.5657418966293335,0.13737159967422485,0.3485891819000244,0.9999839067459106,0.9999693036079407,0.9998190999031067
repeat1_fold3,MMdata_1200.00s_0327_172321_2ml,485.0,97,240,0.40625,1,1,1,0.9978274703025818,0.004822004586458206,0.9951779842376709,0.47613459825515747,0.07657063007354736,0.10883510112762451,0.9999679327011108,0.9999368786811829,0.9996650815010071
repeat1_fold3,MMdata_1200.00s_0327_172321_2ml,490.0,98,240,0.41041666666666665,1,1,1,0.9983553290367126,0.006991548929363489,0.9930084943771362,0.7934140563011169,0.6734784841537476,0.4084361791610718,0.9999836683273315,0.9999683499336243,0.9998181462287903
repeat1_fold3,MMdata_1200.00s_0327_172321_2ml,495.0,99,240,0.41458333333333336,1,1,1,0.9974623918533325,0.004267729818820953,0.9957322478294373,0.5813890099525452,0.19092151522636414,0.2872898578643799,0.9999767541885376,0.9999549388885498,0.9997478127479553
repeat1_fold3,MMdata_1200.00s_0327_172321_2ml,500.0,100,240,0.41875,1,1,1,0.9979566335678101,0.00632023811340332,0.9936797618865967,0.5725210905075073,0.15780797600746155,0.3264346718788147,0.9999892711639404,0.9999807476997375,0.9998741149902344
repeat1_fold3,MMdata_1200.00s_0327_172321_2ml,505.0,101,240,0.42291666666666666,1,1,1,0.9971580505371094,0.00580032542347908,0.9941996335983276,0.5463969111442566,0.11961773037910461,0.280268132686615,0.9999492168426514,0.9998995661735535,0.9994922876358032
repeat1_fold3,MMdata_1200.00s_0327_172321_2ml,510.0,102,240,0.4270833333333333,1,1,1,0.9984717965126038,0.00774011155590415,0.9922599196434021,0.8349764347076416,0.7511432766914368,0.4881983995437622,0.9999829530715942,0.9999668598175049,0.9998108744621277
repeat1_fold3,MMdata_1200.00s_0327_172321_2ml,515.0,103,240,0.43125,1,1,1,0.9971781969070435,0.0037943189963698387,0.9962056875228882,0.5685057640075684,0.17125752568244934,0.26875966787338257,0.9999819993972778,0.9999659061431885,0.9997985363006592
repeat1_fold3,MMdata_1200.00s_0327_172321_2ml,520.0,104,240,0.4354166666666667,1,1,1,0.9981825351715088,0.008294656872749329,0.9917052984237671,0.5243697762489319,0.05323976278305054,0.34698450565338135,0.9999843835830688,0.9999700784683228,0.999824047088623
repeat1_fold3,MMdata_1200.00s_0327_172321_2ml,525.0,105,240,0.4395833333333333,1,1,1,0.9979472756385803,0.004841575864702463,0.9951583743095398,0.4455510079860687,0.010361343622207642,0.11172622442245483,0.99996018409729,0.9999212026596069,0.9995934963226318
repeat1_fold3,MMdata_1200.00s_0327_172321_2ml,530.0,106,240,0.44375,1,1,1,0.9983876943588257,0.0067412275820970535,0.9932588338851929,0.55423903465271,0.17053928971290588,0.21069449186325073,0.999985933303833,0.999972939491272,0.9998406171798706
repeat1_fold3,MMdata_1200.00s_0327_172321_2ml,535.0,107,240,0.4479166666666667,1,1,1,0.9970011115074158,0.003903308417648077,0.996096670627594,0.5841063857078552,0.20969343185424805,0.2591627240180969,0.9999741315841675,0.999950110912323,0.9997223615646362
repeat1_fold3,MMdata_1200.00s_0327_172321_2ml,540.0,108,240,0.45208333333333334,1,1,1,0.9980394244194031,0.007667158730328083,0.9923328161239624,0.5694944858551025,0.1437356173992157,0.35411888360977173,0.9999843835830688,0.9999701976776123,0.9998244047164917
repeat1_fold3,MMdata_1200.00s_0327_172321_2ml,545.0,109,240,0.45625,1,1,1,0.996721088886261,0.004292664583772421,0.9957072734832764,0.4100506603717804,0.04266110062599182,0.028011798858642578,0.9999749660491943,0.9999518394470215,0.9997298717498779
repeat1_fold3,MMdata_1200.00s_0327_172321_2ml,550.0,110,240,0.46041666666666664,1,1,1,0.9983789920806885,0.0068900091573596,0.993109941482544,0.49284279346466064,0.03874877095222473,0.21445345878601074,0.9999879598617554,0.999977171421051,0.9998615980148315
repeat1_fold3,MMdata_1200.00s_0327_172321_2ml,555.0,111,240,0.46458333333333335,1,1,1,0.9978880286216736,0.004369506146758795,0.9956305027008057,0.5708026885986328,0.16341188549995422,0.2997463345527649,0.9999796152114868,0.9999605417251587,0.9997763633728027
repeat1_fold3,MMdata_1200.00s_0327_172321_2ml,560.0,112,240,0.46875,1,1,1,0.9979567527770996,0.005862327758222818,0.9941376447677612,0.4958423972129822,0.01264798641204834,0.28974080085754395,0.9999873638153076,0.9999765157699585,0.9998547434806824
repeat1_fold3,MMdata_1200.00s_0327_172321_2ml,565.0,113,240,0.47291666666666665,1,1,1,0.9972580671310425,0.004983424209058285,0.9950166344642639,0.4828557074069977,0.07653290033340454,0.12502050399780273,0.9999508857727051,0.9999027848243713,0.9995071291923523
repeat1_fold3,MMdata_1200.00s_0327_172321_2ml,570.0,114,240,0.47708333333333336,1,1,1,0.9983285069465637,0.006982236169278622,0.9930177927017212,0.6433805823326111,0.31868037581443787,0.30919188261032104,0.9999877214431763,0.999976634979248,0.999858558177948
repeat1_fold3,MMdata_1200.00s_0327_172321_2ml,575.0,115,240,0.48125,1,1,1,0.9963304400444031,0.0033982640597969294,0.9966017007827759,0.5056161880493164,0.12277805805206299,0.1288522481918335,0.9999744892120361,0.9999513626098633,0.9997234344482422
repeat1_fold3,MMdata_1200.00s_0327_172321_2ml,580.0,116,240,0.48541666666666666,1,1,1,0.998030960559845,0.006538353394716978,0.9934616088867188,0.5296475291252136,0.06879442930221558,0.32837092876434326,0.9999854564666748,0.999972403049469,0.999835193157196
repeat1_fold3,MMdata_1200.00s_0327_172321_2ml,585.0,117,240,0.4895833333333333,1,1,1,0.9976441264152527,0.0054443636909127235,0.9945555925369263,0.5169376134872437,0.07941538095474243,0.2322666049003601,0.9999587535858154,0.9999184012413025,0.999579668045044
repeat1_fold3,MMdata_1200.00s_0327_172321_2ml,590.0,118,240,0.49375,1,1,1,0.9983640313148499,0.007991604506969452,0.9920084476470947,0.8610652685165405,0.767193078994751,0.5534659624099731,0.9999867677688599,0.9999748468399048,0.999849259853363
repeat1_fold3,MMdata_1200.00s_0327_172321_2ml,595.0,119,240,0.4979166666666667,1,1,1,0.9958578944206238,0.003947648219764233,0.9960522651672363,0.6217280030250549,0.27538052201271057,0.2966812252998352,0.9999710321426392,0.9999449253082275,0.9996896982192993
repeat1_fold3,MMdata_1200.00s_0327_172321_2ml,600.0,120,240,0.5020833333333333,1,1,1,0.99801105260849,0.009137743152678013,0.990862250328064,0.5350157618522644,0.0730026364326477,0.3549426794052124,0.9999822378158569,0.9999657869338989,0.9998024702072144
repeat1_fold3,MMdata_1200.00s_0327_172321_2ml,605.0,121,240,0.50625,1,1,1,0.9974790215492249,0.006409124005585909,0.9935909509658813,0.519334077835083,0.06379044055938721,0.2800009846687317,0.9999294281005859,0.9998595714569092,0.9993178248405457
repeat1_fold3,MMdata_1200.00s_0327_172321_2ml,610.0,122,240,0.5104166666666666,1,1,1,0.9983893632888794,0.00749583076685667,0.9925042390823364,0.8363097906112671,0.7515710592269897,0.49108725786209106,0.9999861717224121,0.9999735355377197,0.9998428821563721
repeat1_fold3,MMdata_1200.00s_0327_172321_2ml,615.0,123,240,0.5145833333333333,1,1,1,0.9975101947784424,0.0037573606241494417,0.9962426424026489,0.5192059278488159,0.1211685836315155,0.1687612533569336,0.9999788999557495,0.999959409236908,0.9997690320014954
repeat1_fold3,MMdata_1200.00s_0327_172321_2ml,620.0,124,240,0.51875,1,1,1,0.9981829524040222,0.00840151309967041,0.9915984869003296,0.5358195900917053,0.07541683316230774,0.3514397144317627,0.9999845027923584,0.9999703764915466,0.9998250603675842
repeat1_fold3,MMdata_1200.00s_0327_172321_2ml,625.0,125,240,0.5229166666666667,1,1,1,0.9954356551170349,0.00598928751423955,0.9940106272697449,0.46209976077079773,0.0011371970176696777,0.17073285579681396,0.9998321533203125,0.9996653199195862,0.9985144734382629
repeat1_fold3,MMdata_1200.00s_0327_172321_2ml,630.0,126,240,0.5270833333333333,1,1,1,0.9983803033828735,0.008749089203774929,0.9912509918212891,0.8829352259635925,0.7924032211303711,0.6143423318862915,0.9999783039093018,0.9999575018882751,0.999765157699585
repeat1_fold3,MMdata_1200.00s_0327_172321_2ml,635.0,127,240,0.53125,1,1,1,0.9976567029953003,0.004710328299552202,0.99528968334198,0.6052544116973877,0.2243984043598175,0.3346553444862366,0.9999812841415405,0.99996417760849,0.9997930526733398
repeat1_fold3,MMdata_1200.00s_0327_172321_2ml,640.0,128,240,0.5354166666666667,1,1,1,0.9980617165565491,0.010930655524134636,0.989069402217865,0.5790787935256958,0.15972712635993958,0.3710877299308777,0.9999825954437256,0.9999665021896362,0.9998066425323486
repeat1_fold3,MMdata_1200.00s_0327_172321_2ml,645.0,129,240,0.5395833333333333,1,1,1,0.9977192282676697,0.007199521642178297,0.9928004741668701,0.5425400733947754,0.09851416945457458,0.31718188524246216,0.9999481439590454,0.9998970627784729,0.9994837045669556
repeat1_fold3,MMdata_1200.00s_0327_172321_2ml,650.0,130,240,0.54375,1,1,1,0.998390793800354,0.008058716543018818,0.9919412136077881,0.8742446899414062,0.7916601896286011,0.5820886492729187,0.999985933303833,0.9999731183052063,0.9998406767845154
repeat1_fold3,MMdata_1200.00s_0327_172321_2ml,655.0,131,240,0.5479166666666667,1,1,1,0.9976891279220581,0.0053954473696649075,0.9946045279502869,0.6340247392654419,0.27650871872901917,0.36555588245391846,0.9999778270721436,0.9999570846557617,0.9997591376304626
repeat1_fold3,MMdata_1200.00s_0327_172321_2ml,660.0,132,240,0.5520833333333334,1,1,1,0.997933030128479,0.005691884085536003,0.9943081736564636,0.5945726633071899,0.22367063164710999,0.27799171209335327,0.9999902248382568,0.9999827146530151,0.9998831152915955
repeat1_fold3,MMdata_1200.00s_0327_172321_2ml,665.0,133,240,0.55625,1,1,1,0.9980125427246094,0.007081781048327684,0.9929181933403015,0.5474342703819275,0.1189572811126709,0.28752565383911133,0.9999487400054932,0.9998981356620789,0.9994893670082092
repeat1_fold3,MMdata_1200.00s_0327_172321_2ml,670.0,134,240,0.5604166666666667,1,1,1,0.9983092546463013,0.007844473235309124,0.9921556115150452,0.8692946434020996,0.7808425426483154,0.5722061395645142,0.9999833106994629,0.9999676942825317,0.999814510345459
repeat1_fold3,MMdata_1200.00s_0327_172321_2ml,675.0,135,240,0.5645833333333333,1,1,1,0.9968594312667847,0.008212361484766006,0.9917876124382019,0.7075240015983582,0.4173917770385742,0.43747127056121826,0.9999690055847168,0.9999397993087769,0.999673068523407
repeat1_fold3,MMdata_1200.00s_0327_172321_2ml,680.0,136,240,0.56875,1,1,1,0.9979071617126465,0.006418786942958832,0.9935811758041382,0.5941983461380005,0.20065340399742126,0.3352890610694885,0.999988317489624,0.9999784231185913,0.9998637437820435
repeat1_fold3,MMdata_1200.00s_0327_172321_2ml,685.0,137,240,0.5729166666666666,1,1,1,0.9980255365371704,0.004971667192876339,0.9950283169746399,0.5295211672782898,0.1946621537208557,0.11345797777175903,0.9999743700027466,0.9999496936798096,0.9997267127037048
repeat1_fold3,MMdata_1200.00s_0327_172321_2ml,690.0,138,240,0.5770833333333333,1,1,1,0.9982151985168457,0.006924104411154985,0.9930758476257324,0.721522867679596,0.4988245964050293,0.3346374034881592,0.9999799728393555,0.9999608993530273,0.9997810125350952
repeat1_fold3,MMdata_1200.00s_0327_172321_2ml,695.0,139,240,0.58125,1,1,1,0.9981151819229126,0.009530638344585896,0.9904693961143494,0.628113865852356,0.2582556903362274,0.3878249526023865,0.9999719858169556,0.9999449849128723,0.9997032880783081
repeat1_fold3,MMdata_1200.00s_0327_172321_2ml,700.0,140,240,0.5854166666666667,1,1,1,0.9979797005653381,0.007782634813338518,0.9922173023223877,0.5422859191894531,0.08870971202850342,0.35085463523864746,0.9999810457229614,0.9999634027481079,0.9997908473014832
repeat1_fold3,MMdata_1200.00s_0327_172321_2ml,705.0,141,240,0.5895833333333333,1,1,1,0.997771680355072,0.004747231490910053,0.9952527284622192,0.452372670173645,0.12626656889915466,0.03683805465698242,0.9999772310256958,0.9999555945396423,0.9997531771659851
repeat1_fold3,MMdata_1200.00s_0327_172321_2ml,710.0,142,240,0.59375,1,1,1,0.9983204007148743,0.007274703588336706,0.9927252531051636,0.7876891493797302,0.647199273109436,0.40574324131011963,0.9999873638153076,0.9999760389328003,0.9998553991317749
repeat1_fold3,MMdata_1200.00s_0327_172321_2ml,715.0,143,240,0.5979166666666667,1,1,1,0.9979450106620789,0.011558008380234241,0.9884420037269592,0.677140474319458,0.3554149866104126,0.4205896258354187,0.9999701976776123,0.999941349029541,0.9996858835220337
repeat1_fold3,MMdata_1200.00s_0327_172321_2ml,720.0,144,240,0.6020833333333333,1,1,1,0.9980136156082153,0.00491548515856266,0.9950844645500183,0.5646345615386963,0.1648479402065277,0.2645658254623413,0.9999889135360718,0.9999796152114868,0.9998696446418762
repeat1_fold3,MMdata_1200.00s_0327_172321_2ml,725.0,145,240,0.60625,1,1,1,0.9980258941650391,0.005982237868010998,0.9940177202224731,0.5343213677406311,0.10032087564468384,0.26588159799575806,0.999963641166687,0.9999280571937561,0.9996252655982971
repeat1_fold3,MMdata_1200.00s_0327_172321_2ml,730.0,146,240,0.6104166666666667,1,1,1,0.9983065128326416,0.008184917271137238,0.9918150305747986,0.875796377658844,0.7944596409797668,0.5856116414070129,0.9999856948852539,0.9999725818634033,0.9998380541801453
repeat1_fold3,MMdata_1200.00s_0327_172321_2ml,735.0,147,240,0.6145833333333334,1,1,1,0.9979426264762878,0.011699116788804531,0.9883008599281311,0.6738891005516052,0.34903258085250854,0.4177951216697693,0.999968409538269,0.9999377727508545,0.9996687769889832
repeat1_fold3,MMdata_1200.00s_0327_172321_2ml,740.0,148,240,0.61875,1,1,1,0.9980787038803101,0.008851139806210995,0.991148829460144,0.5104280114173889,0.02401939034461975,0.3518805503845215,0.9999856948852539,0.9999728202819824,0.9998370409011841
repeat1_fold3,MMdata_1200.00s_0327_172321_2ml,745.0,149,240,0.6229166666666667,1,1,1,0.997963547706604,0.004674260504543781,0.9953256845474243,0.4856409430503845,0.2043095827102661,0.046988725662231445,0.9999783039093018,0.9999577403068542,0.9997636675834656
repeat1_fold3,MMdata_1200.00s_0327_172321_2ml,750.0,150,240,0.6270833333333333,1,1,1,0.9982495903968811,0.009150605648756027,0.9908493757247925,0.8843086957931519,0.7818405032157898,0.6364789009094238,0.9999792575836182,0.9999594688415527,0.9997736811637878
repeat1_fold3,MMdata_1200.00s_0327_172321_2ml,755.0,151,240,0.63125,1,1,1,0.9980923533439636,0.012548334896564484,0.9874516129493713,0.6460184454917908,0.2930627465248108,0.40206778049468994,0.9999738931655884,0.9999487996101379,0.9997215270996094
repeat1_fold3,MMdata_1200.00s_0327_172321_2ml,760.0,152,240,0.6354166666666666,1,1,1,0.997655987739563,0.004892007447779179,0.9951079487800598,0.5813298225402832,0.2243805229663849,0.22179007530212402,0.9999909400939941,0.9999844431877136,0.9998906850814819
repeat1_fold3,MMdata_1200.00s_0327_172321_2ml,765.0,153,240,0.6395833333333333,1,1,1,0.9979167580604553,0.004562190268188715,0.9954378008842468,0.5327996015548706,0.23484861850738525,0.09260588884353638,0.9999788999557495,0.9999589920043945,0.9997701048851013
repeat1_fold3,MMdata_1200.00s_0327_172321_2ml,770.0,154,240,0.64375,1,1,1,0.998235821723938,0.008521223440766335,0.9914787411689758,0.8767520785331726,0.7717794179916382,0.6130795478820801,0.9999767541885376,0.9999544024467468,0.9997494220733643
repeat1_fold3,MMdata_1200.00s_0327_172321_2ml,775.0,155,240,0.6479166666666667,1,1,1,0.9978572726249695,0.012852895073592663,0.9871470928192139,0.6923428177833557,0.38557687401771545,0.4326372742652893,0.999970555305481,0.9999421834945679,0.9996894001960754
repeat1_fold3,MMdata_1200.00s_0327_172321_2ml,780.0,156,240,0.6520833333333333,1,1,1,0.9979540109634399,0.00776815228164196,0.9922318458557129,0.5264393091201782,0.0564953088760376,0.35101598501205444,0.9999839067459106,0.9999691247940063,0.9998189806938171
repeat1_fold3,MMdata_1200.00s_0327_172321_2ml,785.0,157,240,0.65625,1,1,1,0.9978544116020203,0.004864886868745089,0.9951351284980774,0.4944442808628082,0.1621589958667755,0.0733104944229126,0.9999836683273315,0.9999687075614929,0.9998173713684082
repeat1_fold3,MMdata_1200.00s_0327_172321_2ml,790.0,158,240,0.6604166666666667,1,1,1,0.9980810880661011,0.009254809468984604,0.9907451868057251,0.8641136288642883,0.7386160492897034,0.6048498749732971,0.9999680519104004,0.9999368786811829,0.9996665716171265
repeat1_fold3,MMdata_1200.00s_0327_172321_2ml,795.0,159,240,0.6645833333333333,1,1,1,0.9979436993598938,0.011343806982040405,0.9886561632156372,0.6667826175689697,0.33489182591438293,0.41281479597091675,0.9999690055847168,0.9999390244483948,0.9996752142906189
repeat1_fold3,MMdata_1200.00s_0327_172321_2ml,800.0,160,240,0.66875,1,1,1,0.998101532459259,0.00815781019628048,0.9918421506881714,0.5736625790596008,0.15186354517936707,0.3561099171638489,0.9999865293502808,0.9999744892120361,0.9998456239700317
repeat1_fold3,MMdata_1200.00s_0327_172321_2ml,805.0,161,240,0.6729166666666667,1,1,1,0.9980742931365967,0.007181419059634209,0.9928185939788818,0.5093380808830261,0.03222775459289551,0.31279152631759644,0.9999537467956543,0.9999082684516907,0.9995342493057251
repeat1_fold3,MMdata_1200.00s_0327_172321_2ml,810.0,162,240,0.6770833333333334,1,1,1,0.9980858564376831,0.007537714205682278,0.9924622774124146,0.8736851811408997,0.7874124646186829,0.5829139947891235,0.9999771118164062,0.9999551773071289,0.9997525811195374
repeat1_fold3,MMdata_1200.00s_0327_172321_2ml,815.0,163,240,0.68125,1,1,1,0.9979074001312256,0.010763730853796005,0.9892362952232361,0.6368648409843445,0.27541568875312805,0.3938344120979309,0.9999697208404541,0.9999404549598694,0.9996812343597412
repeat1_fold3,MMdata_1200.00s_0327_172321_2ml,820.0,164,240,0.6854166666666667,1,1,1,0.997632622718811,0.006231070030480623,0.9937688708305359,0.5368123054504395,0.08541342616081238,0.32155466079711914,0.9999819993972778,0.999965488910675,0.999799907207489
repeat1_fold3,MMdata_1200.00s_0327_172321_2ml,825.0,165,240,0.6895833333333333,1,1,1,0.9978074431419373,0.005200191400945187,0.9947998523712158,0.46412304043769836,0.004877656698226929,0.17124372720718384,0.9999568462371826,0.9999146461486816,0.9995612502098083
repeat1_fold3,MMdata_1200.00s_0327_172321_2ml,830.0,166,240,0.69375,1,1,1,0.9980748891830444,0.007917892187833786,0.9920821189880371,0.8473770022392273,0.7057499289512634,0.5751492977142334,0.9999617338180542,0.9999242424964905,0.999608039855957
repeat1_fold3,MMdata_1200.00s_0327_172321_2ml,835.0,167,240,0.6979166666666666,1,1,1,0.9980102181434631,0.012013201601803303,0.9879868626594543,0.6578665375709534,0.31694525480270386,0.4078977108001709,0.999968409538269,0.9999377727508545,0.9996696710586548
repeat1_fold3,MMdata_1200.00s_0327_172321_2ml,840.0,168,240,0.7020833333333333,1,1,1,0.9980570673942566,0.006064413581043482,0.9939356446266174,0.57649827003479,0.16736075282096863,0.3226722478866577,0.9999732971191406,0.9999474883079529,0.9997158646583557
repeat1_fold3,MMdata_1200.00s_0327_172321_2ml,845.0,169,240,0.70625,1,1,1,0.997929573059082,0.009370720013976097,0.990629255771637,0.585908830165863,0.1773768663406372,0.35573405027389526,0.9999426603317261,0.9998860359191895,0.9994340538978577
repeat1_fold3,MMdata_1200.00s_0327_172321_2ml,850.0,170,240,0.7104166666666667,1,1,1,0.9964538812637329,0.011017700657248497,0.9889822602272034,0.7426139116287231,0.48735788464546204,0.4696594476699829,0.9998928308486938,0.9997864961624146,0.9990063309669495
repeat1_fold3,MMdata_1200.00s_0327_172321_2ml,855.0,171,240,0.7145833333333333,1,1,1,0.9980922341346741,0.015183215029537678,0.9848167300224304,0.6784620881080627,0.3576106131076813,0.4238823652267456,0.999966025352478,0.9999329447746277,0.9996471405029297
repeat1_fold3,MMdata_1200.00s_0327_172321_2ml,860.0,172,240,0.71875,1,1,1,0.9976382255554199,0.004514738451689482,0.9954853057861328,0.5933713912963867,0.3603697419166565,0.13244092464447021,0.9999885559082031,0.9999790787696838,0.9998663663864136
repeat1_fold3,MMdata_1200.00s_0327_172321_2ml,865.0,173,240,0.7229166666666667,1,1,1,0.9968883395195007,0.012522989884018898,0.9874769449234009,0.6075711846351624,0.218258798122406,0.37375879287719727,0.9998219609260559,0.9996445178985596,0.9984347224235535
repeat1_fold3,MMdata_1200.00s_0327_172321_2ml,870.0,174,240,0.7270833333333333,1,1,1,0.9976135492324829,0.008050339296460152,0.9919496774673462,0.8618953227996826,0.7366793155670166,0.5955412983894348,0.9999626874923706,0.9999262690544128,0.9996152520179749
repeat1_fold3,MMdata_1200.00s_0327_172321_2ml,875.0,175,240,0.73125,1,1,1,0.9980494976043701,0.010401283390820026,0.9895987510681152,0.5836078524589539,0.16893893480300903,0.3716832399368286,0.9999737739562988,0.9999486207962036,0.9997197985649109
repeat1_fold3,MMdata_1200.00s_0327_172321_2ml,880.0,176,240,0.7354166666666667,1,1,1,0.9953611493110657,0.005127761512994766,0.9948722720146179,0.9632105231285095,0.9371269345283508,0.8363489508628845,0.9999881982803345,0.9999809861183167,0.9998602867126465
repeat1_fold3,MMdata_1200.00s_0327_172321_2ml,885.0,177,240,0.7395833333333334,1,1,1,0.9983153343200684,0.006810220889747143,0.9931897521018982,0.47092491388320923,0.1466107964515686,0.04920285940170288,0.9999649524688721,0.9999309182167053,0.9996364116668701
repeat1_fold3,MMdata_1200.00s_0327_172321_2ml,890.0,178,240,0.74375,1,1,1,0.9982026815414429,0.010771612636744976,0.989228367805481,0.6356383562088013,0.2726643979549408,0.3946894407272339,0.9999762773513794,0.9999535083770752,0.9997451901435852
repeat1_fold3,MMdata_1200.00s_0327_172321_2ml,895.0,179,240,0.7479166666666667,1,1,1,0.998004138469696,0.005479477811604738,0.9945205450057983,0.5107485055923462,0.035584449768066406,0.3111536502838135,0.9999755620956421,0.9999521970748901,0.9997380375862122
repeat1_fold3,MMdata_1200.00s_0327_172321_2ml,900.0,180,240,0.7520833333333333,1,1,1,0.9968618154525757,0.005805910564959049,0.9941940903663635,0.9722157716751099,0.9519943594932556,0.8696359395980835,0.9999909400939941,0.9999862909317017,0.9998907446861267
repeat1_fold3,MMdata_1200.00s_0327_172321_2ml,905.0,181,240,0.75625,1,1,1,0.9983177185058594,0.006620461121201515,0.9933794736862183,0.6914827823638916,0.47945261001586914,0.26308465003967285,0.9999709129333496,0.9999430179595947,0.9996926188468933
repeat1_fold3,MMdata_1200.00s_0327_172321_2ml,910.0,182,240,0.7604166666666666,1,1,1,0.9981052875518799,0.005605680868029594,0.9943943023681641,0.8396213054656982,0.6978983879089355,0.5467382669448853,0.9999881982803345,0.9999780058860779,0.9998630285263062
repeat1_fold3,MMdata_1200.00s_0327_172321_2ml,915.0,183,240,0.7645833333333333,1,1,1,0.9980383515357971,0.0076395017094910145,0.992360532283783,0.514035701751709,0.031367987394332886,0.3514554500579834,0.9999630451202393,0.9999268651008606,0.9996190071105957
repeat1_fold3,MMdata_1200.00s_0327_172321_2ml,920.0,184,240,0.76875,1,1,1,0.9969431757926941,0.0030255327001214027,0.9969744682312012,0.4490843415260315,0.1290435492992401,0.03280586004257202,0.9999904632568359,0.9999845623970032,0.999885082244873
repeat1_fold3,MMdata_1200.00s_0327_172321_2ml,925.0,185,240,0.7729166666666667,1,1,1,0.9982056617736816,0.007851609028875828,0.9921483993530273,0.5189725160598755,0.1695108711719513,0.1128307580947876,0.9999489784240723,0.9998987913131714,0.9994903802871704
repeat1_fold3,MMdata_1200.00s_0327_172321_2ml,930.0,186,240,0.7770833333333333,1,1,1,0.9982743263244629,0.005303409416228533,0.9946966171264648,0.8413141369819641,0.731965184211731,0.5122556686401367,0.9999861717224121,0.9999736547470093,0.999843180179596
repeat1_fold3,MMdata_1200.00s_0327_172321_2ml,935.0,187,240,0.78125,1,1,1,0.9981890320777893,0.0089266924187541,0.9910733103752136,0.5628013014793396,0.1279207468032837,0.3631088137626648,0.9999626874923706,0.9999260902404785,0.9996159076690674
repeat1_fold3,MMdata_1200.00s_0327_172321_2ml,940.0,188,240,0.7854166666666667,1,1,1,0.9976516366004944,0.003464852459728718,0.9965351819992065,0.626198410987854,0.39193034172058105,0.1735837459564209,0.9999904632568359,0.9999836087226868,0.9998863935470581
repeat1_fold3,MMdata_1200.00s_0327_172321_2ml,945.0,189,240,0.7895833333333333,1,1,1,0.9983356595039368,0.006864333525300026,0.9931356906890869,0.6167285442352295,0.3204963505268097,0.20720165967941284,0.9999587535858154,0.9999183416366577,0.9995790123939514
repeat1_fold3,MMdata_1200.00s_0327_172321_2ml,950.0,190,240,0.79375,1,1,1,0.998282790184021,0.00691775931045413,0.9930821657180786,0.7874137163162231,0.5808164477348328,0.5042432546615601,0.9999821186065674,0.999965250492096,0.9998015761375427
repeat1_fold3,MMdata_1200.00s_0327_172321_2ml,955.0,191,240,0.7979166666666667,1,1,1,0.9977072477340698,0.007509742397814989,0.9924902319908142,0.6173223257064819,0.23793426156044006,0.3771398663520813,0.9999628067016602,0.9999266266822815,0.9996168613433838
repeat1_fold3,MMdata_1200.00s_0327_172321_2ml,960.0,192,240,0.8020833333333334,1,1,1,0.997171938419342,0.0038203548174351454,0.9961796998977661,0.7992770671844482,0.6597044467926025,0.43128418922424316,0.9999914169311523,0.9999869465827942,0.999895453453064
repeat1_fold3,MMdata_1200.00s_0327_172321_2ml,965.0,193,240,0.80625,1,1,1,0.9983428716659546,0.0079009048640728,0.9920991659164429,0.4628757834434509,0.04990530014038086,0.10724842548370361,0.9999680519104004,0.9999371767044067,0.9996656179428101
repeat1_fold3,MMdata_1200.00s_0327_172321_2ml,970.0,194,240,0.8104166666666667,1,1,1,0.9980800151824951,0.005465473514050245,0.9945344924926758,0.8586397171020508,0.7549278140068054,0.5545710325241089,0.999990701675415,0.9999834299087524,0.9998886585235596
repeat1_fold3,MMdata_1200.00s_0327_172321_2ml,975.0,195,240,0.8145833333333333,1,1,1,0.9981873631477356,0.006593761965632439,0.9934061765670776,0.5014408826828003,0.008698493242263794,0.3402441740036011,0.9999672174453735,0.9999352693557739,0.9996586441993713
repeat1_fold3,MMdata_1200.00s_0327_172321_2ml,980.0,196,240,0.81875,1,1,1,0.9973793029785156,0.0040627531707286835,0.9959372282028198,0.8840687870979309,0.8033262491226196,0.6086875200271606,0.9999912977218628,0.9999859929084778,0.9998947978019714
repeat1_fold3,MMdata_1200.00s_0327_172321_2ml,985.0,197,240,0.8229166666666666,1,1,1,0.9982994198799133,0.00798811949789524,0.9920118451118469,0.9391769170761108,0.8930240869522095,0.7607634663581848,0.9999711513519287,0.9999433755874634,0.99969482421875
repeat1_fold3,MMdata_1200.00s_0327_172321_2ml,990.0,198,240,0.8270833333333333,1,1,1,0.9981733560562134,0.00634740898385644,0.9936525821685791,0.8642091751098633,0.7457976341247559,0.5911263227462769,0.9999876022338867,0.9999767541885376,0.9998568296432495
repeat1_fold3,MMdata_1200.00s_0327_172321_2ml,995.0,199,240,0.83125,1,1,1,0.9980049729347229,0.00568907568231225,0.9943109750747681,0.561616837978363,0.13258206844329834,0.3348386883735657,0.9999712705612183,0.9999434947967529,0.9996961355209351
repeat1_fold3,MMdata_1200.00s_0327_172321_2ml,1000.0,200,240,0.8354166666666667,1,1,1,0.9973451495170593,0.004462118726223707,0.9955378770828247,0.8623661398887634,0.7590245008468628,0.5649845600128174,0.9999912977218628,0.9999867677688599,0.9998943209648132
repeat1_fold3,MMdata_1200.00s_0327_172321_2ml,1005.0,201,240,0.8395833333333333,1,1,1,0.998256504535675,0.005895974580198526,0.9941040873527527,0.848157525062561,0.7386109828948975,0.5305726528167725,0.9999593496322632,0.9999196529388428,0.999584436416626
repeat1_fold3,MMdata_1200.00s_0327_172321_2ml,1010.0,202,240,0.84375,1,1,1,0.9981288313865662,0.008222079835832119,0.9917778968811035,0.8514792323112488,0.7088282108306885,0.5950788259506226,0.9999802112579346,0.9999615550041199,0.9997828602790833
repeat1_fold3,MMdata_1200.00s_0327_172321_2ml,1015.0,203,240,0.8479166666666667,1,1,1,0.9979462027549744,0.008874071761965752,0.9911258816719055,0.5796638131141663,0.16175520420074463,0.3670805096626282,0.9999456405639648,0.999891996383667,0.9994613528251648
repeat1_fold3,MMdata_1200.00s_0327_172321_2ml,1020.0,204,240,0.8520833333333333,1,1,1,0.9977123737335205,0.004011157900094986,0.9959887862205505,0.45307493209838867,0.1029374897480011,0.04784715175628662,0.999990701675415,0.9999842047691345,0.9998883008956909
repeat1_fold3,MMdata_1200.00s_0327_172321_2ml,1025.0,205,240,0.85625,1,1,1,0.9982287287712097,0.005180956795811653,0.9948191046714783,0.7020890712738037,0.4917963147163391,0.2813159227371216,0.9999390840530396,0.9998789429664612,0.9994024038314819
repeat1_fold3,MMdata_1200.00s_0327_172321_2ml,1030.0,206,240,0.8604166666666667,1,1,1,0.998213529586792,0.008793984539806843,0.9912059903144836,0.8179018497467041,0.6402849555015564,0.5488969683647156,0.9999797344207764,0.9999606013298035,0.9997789859771729
repeat1_fold3,MMdata_1200.00s_0327_172321_2ml,1035.0,207,240,0.8645833333333334,1,1,1,0.9977078437805176,0.005661636590957642,0.99433833360672,0.5983952283859253,0.2050865888595581,0.35004091262817383,0.9999672174453735,0.9999354481697083,0.9996576309204102
repeat1_fold3,MMdata_1200.00s_0327_172321_2ml,1040.0,208,240,0.86875,1,1,1,0.9972108006477356,0.005175549536943436,0.9948244094848633,0.8606974482536316,0.7545777559280396,0.5629274845123291,0.9999909400939941,0.9999858736991882,0.9998906254768372
repeat1_fold3,MMdata_1200.00s_0327_172321_2ml,1045.0,209,240,0.8729166666666667,1,1,1,0.9981746673583984,0.006293122190982103,0.9937068819999695,0.6412103772163391,0.3943759799003601,0.20315253734588623,0.9999535083770752,0.9999079704284668,0.9995318055152893
repeat1_fold3,MMdata_1200.00s_0327_172321_2ml,1050.0,210,240,0.8770833333333333,1,1,1,0.9981659054756165,0.009084062650799751,0.9909159541130066,0.8267473578453064,0.6574651598930359,0.5631556510925293,0.9999865293502808,0.9999745488166809,0.9998459219932556
repeat1_fold3,MMdata_1200.00s_0327_172321_2ml,1055.0,211,240,0.88125,1,1,1,0.9981365203857422,0.009389844723045826,0.9906101822853088,0.6299393177032471,0.26165276765823364,0.38992786407470703,0.9999641180038452,0.9999290704727173,0.9996300935745239
repeat1_fold3,MMdata_1200.00s_0327_172321_2ml,1060.0,212,240,0.8854166666666666,1,1,1,0.9970241189002991,0.004489196930080652,0.9955108165740967,0.7743095755577087,0.6016197800636292,0.40194523334503174,0.9999909400939941,0.9999854564666748,0.9998907446861267
repeat1_fold3,MMdata_1200.00s_0327_172321_2ml,1065.0,213,240,0.8895833333333333,1,1,1,0.997077226638794,0.0052835713140666485,0.994716465473175,0.5198582410812378,0.2572700083255768,0.06877797842025757,0.9998056292533875,0.9996119737625122,0.9983070492744446
repeat1_fold3,MMdata_1200.00s_0327_172321_2ml,1070.0,214,240,0.89375,1,1,1,0.998115062713623,0.0071264272555708885,0.9928735494613647,0.8029754161834717,0.6120527386665344,0.5235271453857422,0.9999798536300659,0.9999607801437378,0.9997791051864624
repeat1_fold3,MMdata_1200.00s_0327_172321_2ml,1075.0,215,240,0.8979166666666667,1,1,1,0.9982585310935974,0.006335366517305374,0.9936646223068237,0.5383906960487366,0.08288565278053284,0.3422014117240906,0.9999797344207764,0.9999604821205139,0.9997784495353699
repeat1_fold3,MMdata_1200.00s_0327_172321_2ml,1080.0,216,240,0.9020833333333333,1,1,1,0.9977121353149414,0.005047837272286415,0.9949522018432617,0.5878048539161682,0.37296709418296814,0.12344992160797119,0.9999916553497314,0.9999865293502808,0.9998987913131714
repeat1_fold3,MMdata_1200.00s_0327_172321_2ml,1085.0,217,240,0.90625,1,1,1,0.9980733394622803,0.007854743860661983,0.9921452403068542,0.9247229695320129,0.8668413162231445,0.719852864742279,0.9999624490737915,0.9999261498451233,0.9996129870414734
repeat1_fold3,MMdata_1200.00s_0327_172321_2ml,1090.0,218,240,0.9104166666666667,1,1,1,0.9979939460754395,0.007598778698593378,0.9924012422561646,0.8125847578048706,0.6304256916046143,0.5390362739562988,0.9999831914901733,0.9999677538871765,0.999812662601471
repeat1_fold3,MMdata_1200.00s_0327_172321_2ml,1095.0,219,240,0.9145833333333333,1,1,1,0.9979376792907715,0.004171299748122692,0.9958286881446838,0.4990469515323639,0.03344660997390747,0.252743661403656,0.9999833106994629,0.9999679923057556,0.9998130798339844
repeat1_fold3,MMdata_1200.00s_0327_172321_2ml,1100.0,220,240,0.91875,1,1,1,0.9973317384719849,0.005709224846214056,0.994290828704834,0.7354521155357361,0.5276219844818115,0.3489498496055603,0.9999915361404419,0.999987006187439,0.9998965859413147
repeat1_fold3,MMdata_1200.00s_0327_172321_2ml,1105.0,221,240,0.9229166666666667,1,1,1,0.9916915893554688,0.0062124659307301044,0.9937875270843506,0.5696154236793518,0.25277045369148254,0.15187859535217285,0.9990798234939575,0.9981604814529419,0.9933013916015625
repeat1_fold3,MMdata_1200.00s_0327_172321_2ml,1110.0,222,240,0.9270833333333334,1,1,1,0.9980875849723816,0.00845599640160799,0.9915440082550049,0.8416540622711182,0.6889733076095581,0.580064058303833,0.9999788999557495,0.9999589323997498,0.9997702240943909
repeat1_fold3,MMdata_1200.00s_0327_172321_2ml,1115.0,223,240,0.93125,1,1,1,0.9981282353401184,0.0042304908856749535,0.9957695007324219,0.5932178497314453,0.232295423746109,0.25457310676574707,0.9999890327453613,0.9999797344207764,0.999872088432312
repeat1_fold3,MMdata_1200.00s_0327_172321_2ml,1120.0,224,240,0.9354166666666667,1,1,1,0.9969825148582458,0.006809472106397152,0.9931904673576355,0.9155358076095581,0.8473899364471436,0.6987140774726868,0.9999904632568359,0.9999843239784241,0.9998857378959656
repeat1_fold3,MMdata_1200.00s_0327_172321_2ml,1125.0,225,240,0.9395833333333333,1,1,1,0.9961068034172058,0.006622293498367071,0.9933777451515198,0.4536084234714508,0.04746183753013611,0.08972996473312378,0.9997794032096863,0.999559760093689,0.9981026649475098
repeat1_fold3,MMdata_1200.00s_0327_172321_2ml,1130.0,226,240,0.94375,1,1,1,0.9979960918426514,0.0076456815004348755,0.9923542737960815,0.8469030857086182,0.7016616463661194,0.5821786522865295,0.9999798536300659,0.9999608397483826,0.9997789263725281
repeat1_fold3,MMdata_1200.00s_0327_172321_2ml,1135.0,227,240,0.9479166666666666,1,1,1,0.9980959296226501,0.004059077240526676,0.9959409236907959,0.5546479821205139,0.15993231534957886,0.23094099760055542,0.9999885559082031,0.9999788403511047,0.9998672604560852
repeat1_fold3,MMdata_1200.00s_0327_172321_2ml,1140.0,228,240,0.9520833333333333,1,1,1,0.9973924160003662,0.004767408594489098,0.9952326416969299,0.4479101896286011,0.07392531633377075,0.05801808834075928,0.9999915361404419,0.999986469745636,0.999896764755249
repeat1_fold3,MMdata_1200.00s_0327_172321_2ml,1145.0,229,240,0.95625,1,1,1,0.9950679540634155,0.0073102968744933605,0.9926896691322327,0.48238736391067505,0.10436680912971497,0.09497994184494019,0.9996803998947144,0.9993619322776794,0.9973612427711487
repeat1_fold3,MMdata_1200.00s_0327_172321_2ml,1150.0,230,240,0.9604166666666667,1,1,1,0.9980802536010742,0.00782160833477974,0.9921783208847046,0.8811736106872559,0.7756274938583374,0.6302690505981445,0.9999852180480957,0.9999718070030212,0.9998323917388916
repeat1_fold3,MMdata_1200.00s_0327_172321_2ml,1155.0,231,240,0.9645833333333333,1,1,1,0.9980013966560364,0.0039152177050709724,0.9960848093032837,0.5508173704147339,0.15630704164505005,0.2223658561706543,0.9999877214431763,0.9999770522117615,0.9998581409454346
repeat1_fold3,MMdata_1200.00s_0327_172321_2ml,1160.0,232,240,0.96875,1,1,1,0.9968174695968628,0.006360688712447882,0.9936392903327942,0.9466853141784668,0.9054675698280334,0.784535825252533,0.9999905824661255,0.9999845027923584,0.9998871684074402
repeat1_fold3,MMdata_1200.00s_0327_172321_2ml,1165.0,233,240,0.9729166666666667,1,1,1,0.9975652694702148,0.010345518589019775,0.9896544218063354,0.9673352837562561,0.9407670497894287,0.8547185063362122,0.9999467134475708,0.9998945593833923,0.9994695782661438
repeat1_fold3,MMdata_1200.00s_0327_172321_2ml,1170.0,234,240,0.9770833333333333,1,1,1,0.9980121850967407,0.007812221068888903,0.9921877384185791,0.8927696943283081,0.8018487691879272,0.648283064365387,0.9999774694442749,0.9999560117721558,0.9997556209564209
repeat1_fold3,MMdata_1200.00s_0327_172321_2ml,1175.0,235,240,0.98125,1,1,1,0.9977453351020813,0.003834743285551667,0.9961652755737305,0.7700334191322327,0.6072506904602051,0.3827212452888489,0.9999911785125732,0.9999848008155823,0.999894380569458
repeat1_fold3,MMdata_1200.00s_0327_172321_2ml,1180.0,236,240,0.9854166666666667,1,1,1,0.9973708391189575,0.006515047512948513,0.9934849143028259,0.8691348433494568,0.7607287168502808,0.5921924710273743,0.9999914169311523,0.9999868273735046,0.999895453453064
repeat1_fold3,MMdata_1200.00s_0327_172321_2ml,1185.0,237,240,0.9895833333333334,1,1,1,0.9977437257766724,0.0075949570164084435,0.9924049973487854,0.8354770541191101,0.7035616636276245,0.5184757113456726,0.9998831748962402,0.9997669458389282,0.9989272952079773
repeat1_fold3,MMdata_1200.00s_0327_172321_2ml,1190.0,238,240,0.99375,1,1,1,0.9980691075325012,0.00748236570507288,0.9925175905227661,0.865534782409668,0.7420957684516907,0.6059339046478271,0.9999878406524658,0.9999773502349854,0.999859631061554
repeat1_fold3,MMdata_1200.00s_0327_172321_2ml,1195.0,239,240,0.9979166666666667,1,1,1,0.9977589845657349,0.0035578131210058928,0.9964421391487122,0.7706654667854309,0.6149559020996094,0.37884122133255005,0.9999909400939941,0.9999842047691345,0.9998915195465088
repeat1_fold3,MMdata_195.00s_0322_230906_no_secretion,0.0,0,39,0.01282051282051282,0,0,1,0.9855737090110779,0.029239801689982414,0.9707602262496948,0.9946333169937134,0.9900401830673218,0.9675771594047546,0.9999411106109619,0.9998924732208252,0.999399721622467
repeat1_fold3,MMdata_195.00s_0322_230906_no_secretion,5.0,1,39,0.038461538461538464,0,1,0,0.8539788126945496,0.0037975425366312265,0.9962024092674255,0.6371482014656067,0.2928292155265808,0.3371477723121643,0.9919078350067139,0.9843595623970032,0.9553688764572144
repeat1_fold3,MMdata_195.00s_0322_230906_no_secretion,10.0,2,39,0.0641025641025641,0,0,1,0.8880103230476379,0.00861681904643774,0.9913832545280457,0.9841467142105103,0.9716099500656128,0.9184791445732117,0.9958298802375793,0.9916678667068481,0.975357174873352
repeat1_fold3,MMdata_195.00s_0322_230906_no_secretion,15.0,3,39,0.08974358974358974,0,1,0,0.6371690034866333,0.005246568005532026,0.994753360748291,0.8576967716217041,0.7604407668113708,0.5467417240142822,0.7601882219314575,0.5204156041145325,0.4982367753982544
repeat1_fold3,MMdata_195.00s_0322_230906_no_secretion,20.0,4,39,0.11538461538461539,0,0,1,0.9459815621376038,0.014355848543345928,0.9856441020965576,0.9938417673110962,0.988621711730957,0.9634881615638733,0.9991099238395691,0.9982262849807739,0.9934649467468262
repeat1_fold3,MMdata_195.00s_0322_230906_no_secretion,25.0,5,39,0.14102564102564102,0,0,1,0.5790607929229736,0.004104370716959238,0.9958956241607666,0.5940080881118774,0.24962455034255981,0.22792690992355347,0.8173941373825073,0.6364706158638,0.558641791343689
repeat1_fold3,MMdata_195.00s_0322_230906_no_secretion,30.0,6,39,0.16666666666666666,0,0,1,0.8524271845817566,0.007092619314789772,0.9929074048995972,0.9839475154876709,0.9726751446723938,0.9162347316741943,0.9924107789993286,0.9848635792732239,0.9591630101203918
repeat1_fold3,MMdata_195.00s_0322_230906_no_secretion,35.0,7,39,0.19230769230769232,0,1,0,0.9616254568099976,0.0037122350186109543,0.9962877035140991,0.488496869802475,0.19423344731330872,0.051887452602386475,0.9996558427810669,0.9993179440498352,0.9971601366996765
repeat1_fold3,MMdata_195.00s_0322_230906_no_secretion,40.0,8,39,0.21794871794871795,0,0,1,0.9845796823501587,0.0344298854470253,0.9655701518058777,0.997700035572052,0.9958257675170898,0.9841885566711426,0.9999489784240723,0.9999005198478699,0.9994852542877197
repeat1_fold3,MMdata_195.00s_0322_230906_no_secretion,45.0,9,39,0.24358974358974358,0,1,0,0.9213272333145142,0.002617583842948079,0.9973823428153992,0.5346361398696899,0.18127769231796265,0.1374894380569458,0.9983832836151123,0.9968324899673462,0.9888204336166382
repeat1_fold3,MMdata_195.00s_0322_230906_no_secretion,50.0,10,39,0.2692307692307692,0,1,0,0.8782187700271606,0.00572562962770462,0.9942743182182312,0.988315224647522,0.9791532754898071,0.9365537166595459,0.9913177490234375,0.9826419949531555,0.9545717835426331
repeat1_fold3,MMdata_195.00s_0322_230906_no_secretion,55.0,11,39,0.2948717948717949,0,0,1,0.541679322719574,0.008039030246436596,0.9919609427452087,0.9584748148918152,0.9276397824287415,0.8211875557899475,0.6780644059181213,0.35616087913513184,0.4277803301811218
repeat1_fold3,MMdata_195.00s_0322_230906_no_secretion,60.0,12,39,0.32051282051282054,0,0,1,0.9435605406761169,0.02418193779885769,0.9758180379867554,0.9971900582313538,0.9948317408561707,0.9812928438186646,0.9989379048347473,0.9978780150413513,0.9923989176750183
repeat1_fold3,MMdata_195.00s_0322_230906_no_secretion,65.0,13,39,0.34615384615384615,0,1,0,0.7188090085983276,0.003941182978451252,0.9960588216781616,0.7073969841003418,0.44682377576828003,0.3577992916107178,0.9368870854377747,0.8766257166862488,0.7751109600067139
repeat1_fold3,MMdata_195.00s_0322_230906_no_secretion,70.0,14,39,0.3717948717948718,0,0,1,0.9782816767692566,0.011957711540162563,0.9880422353744507,0.8484613299369812,0.736713707447052,0.5333974361419678,0.9999128580093384,0.9998363256454468,0.9991498589515686
repeat1_fold3,MMdata_195.00s_0322_230906_no_secretion,75.0,15,39,0.3974358974358974,0,1,0,0.6440003514289856,0.004387216176837683,0.9956127405166626,0.8966336846351624,0.8275506496429443,0.6376417875289917,0.7779028415679932,0.5558714866638184,0.517436683177948
repeat1_fold3,MMdata_195.00s_0322_230906_no_secretion,80.0,16,39,0.4230769230769231,0,0,1,0.9712716341018677,0.02094920352101326,0.9790508151054382,0.9949362277984619,0.990731418132782,0.9689411520957947,0.999763548374176,0.9995412230491638,0.9979394674301147
repeat1_fold3,MMdata_195.00s_0322_230906_no_secretion,85.0,17,39,0.44871794871794873,0,1,0,0.7452819347381592,0.004007648676633835,0.9959923624992371,0.6248437762260437,0.27432572841644287,0.31500422954559326,0.9393910765647888,0.8792311549186707,0.7894715070724487
repeat1_fold3,MMdata_195.00s_0322_230906_no_secretion,90.0,18,39,0.47435897435897434,0,0,1,0.9431225061416626,0.008095809258520603,0.9919041991233826,0.9750887751579285,0.957719087600708,0.8799795508384705,0.9992627501487732,0.9985460042953491,0.9944043159484863
repeat1_fold3,MMdata_195.00s_0322_230906_no_secretion,95.0,19,39,0.5,0,1,0,0.5610499382019043,0.005982286296784878,0.9940177202224731,0.9302599430084229,0.8820849061012268,0.7304795980453491,0.5796604752540588,0.15938732028007507,0.38008278608322144
repeat1_fold3,MMdata_195.00s_0322_230906_no_secretion,100.0,20,39,0.5256410256410257,0,0,1,0.7427576184272766,0.007546508684754372,0.9924535155296326,0.9533843994140625,0.9106907248497009,0.8162345290184021,0.9458994269371033,0.8918830156326294,0.807898759841919
repeat1_fold3,MMdata_195.00s_0322_230906_no_secretion,105.0,21,39,0.5512820512820513,0,1,0,0.813265860080719,0.0029375706799328327,0.9970623850822449,0.5110140442848206,0.11841130256652832,0.14836084842681885,0.9797265529632568,0.959662139415741,0.9087343811988831
repeat1_fold3,MMdata_195.00s_0322_230906_no_secretion,110.0,22,39,0.5769230769230769,0,1,0,0.563965380191803,0.00504578510299325,0.9949541687965393,0.9741601347923279,0.9543278813362122,0.878044843673706,0.5648565888404846,0.12976133823394775,0.37630605697631836
repeat1_fold3,MMdata_195.00s_0322_230906_no_secretion,115.0,23,39,0.6025641025641025,0,0,1,0.8765877485275269,0.008472614921629429,0.9915273785591125,0.9775488972663879,0.9614312052726746,0.8900541663169861,0.9941131472587585,0.9882447123527527,0.9670274257659912
repeat1_fold3,MMdata_195.00s_0322_230906_no_secretion,120.0,24,39,0.6282051282051282,0,0,1,0.9749817252159119,0.026521019637584686,0.9734790325164795,0.9965883493423462,0.9937994480133057,0.9777832627296448,0.9998205304145813,0.999650776386261,0.9983928799629211
repeat1_fold3,MMdata_195.00s_0322_230906_no_secretion,125.0,25,39,0.6538461538461539,0,1,0,0.6221624612808228,0.004547488410025835,0.9954525828361511,0.6469471454620361,0.3167577385902405,0.33188289403915405,0.7463858723640442,0.4937889873981476,0.4785239100456238
repeat1_fold3,MMdata_195.00s_0322_230906_no_secretion,130.0,26,39,0.6794871794871795,0,0,1,0.9418978095054626,0.007418700028210878,0.9925812482833862,0.9569705724716187,0.9280679225921631,0.8136817216873169,0.9992539286613464,0.9985519647598267,0.9942792654037476
repeat1_fold3,MMdata_195.00s_0322_230906_no_secretion,135.0,27,39,0.7051282051282052,0,0,1,0.9785928130149841,0.008313757367432117,0.9916861653327942,0.9265820980072021,0.8817766308784485,0.7164782285690308,0.999914288520813,0.9998519420623779,0.9991453886032104
repeat1_fold3,MMdata_195.00s_0322_230906_no_secretion,140.0,28,39,0.7307692307692307,0,0,1,0.9290685057640076,0.010807003825902939,0.9891930222511292,0.9806318283081055,0.9635561108589172,0.906597912311554,0.9982258677482605,0.9964800477027893,0.9880246520042419
repeat1_fold3,MMdata_195.00s_0322_230906_no_secretion,145.0,29,39,0.7564102564102564,0,1,0,0.8236274123191833,0.0029006521217525005,0.9970993995666504,0.5896276831626892,0.24893057346343994,0.21361052989959717,0.9833725094795227,0.9670099020004272,0.9217504262924194
repeat1_fold3,MMdata_195.00s_0322_230906_no_secretion,150.0,30,39,0.782051282051282,0,0,1,0.6959700584411621,0.004439215641468763,0.9955607652664185,0.9638658165931702,0.9372968673706055,0.8394878506660461,0.9328686594963074,0.8657916188240051,0.7755395174026489
repeat1_fold3,MMdata_195.00s_0322_230906_no_secretion,155.0,31,39,0.8076923076923077,0,0,1,0.9417383670806885,0.01418053638190031,0.9858194589614868,0.9919708967208862,0.9861379861831665,0.9531724452972412,0.9990729093551636,0.9981566667556763,0.993209958076477
repeat1_fold3,MMdata_195.00s_0322_230906_no_secretion,160.0,32,39,0.8333333333333334,0,0,1,0.8762243986129761,0.012271246872842312,0.9877287149429321,0.9925950169563293,0.9862203001976013,0.9575005769729614,0.9933969974517822,0.9868325591087341,0.9636205434799194
repeat1_fold3,MMdata_195.00s_0322_230906_no_secretion,165.0,33,39,0.8589743589743589,0,0,1,0.6297302842140198,0.003681556321680546,0.9963184595108032,0.4675716757774353,0.06663164496421814,0.10008835792541504,0.8783923983573914,0.7573303580284119,0.6599259376525879
repeat1_fold3,MMdata_195.00s_0322_230906_no_secretion,170.0,34,39,0.8846153846153846,0,0,1,0.5151123404502869,0.003068124409765005,0.9969319105148315,0.7381792068481445,0.5678472518920898,0.32243990898132324,0.6564306020736694,0.3129977881908417,0.4132767915725708
repeat1_fold3,MMdata_195.00s_0322_230906_no_secretion,175.0,35,39,0.9102564102564102,0,0,1,0.8641051054000854,0.00637325644493103,0.9936267137527466,0.9673475623130798,0.9461202621459961,0.8498256802558899,0.9929153919219971,0.9858686327934265,0.9614391922950745
repeat1_fold3,MMdata_195.00s_0322_230906_no_secretion,180.0,36,39,0.9358974358974359,0,1,0,0.8891012668609619,0.004416644107550383,0.9955833554267883,0.7595531940460205,0.534657895565033,0.4454665184020996,0.9966458678245544,0.9934040307998657,0.9791098833084106
repeat1_fold3,MMdata_195.00s_0322_230906_no_secretion,185.0,37,39,0.9615384615384616,0,1,0,0.6924981474876404,0.0033445691224187613,0.9966554641723633,0.5860584378242493,0.23409876227378845,0.22352218627929688,0.8813190460205078,0.7633894085884094,0.6642665863037109
repeat1_fold3,MMdata_195.00s_0322_230906_no_secretion,190.0,38,39,0.9871794871794872,0,0,1,0.9454326033592224,0.009666983969509602,0.9903330206871033,0.9798064231872559,0.9638630151748657,0.9006177186965942,0.9992546439170837,0.9985155463218689,0.9944024085998535
repeat1_fold3,MMdata_235.00s_0320_224031_no_secretion,0.0,0,47,0.010638297872340425,0,0,1,0.9920090436935425,0.036820195615291595,0.9631797671318054,0.9966607093811035,0.9939863681793213,0.9781163334846497,0.9999868869781494,0.9999770522117615,0.9998469352722168
repeat1_fold3,MMdata_235.00s_0320_224031_no_secretion,5.0,1,47,0.031914893617021274,0,0,1,0.9948261380195618,0.055985718965530396,0.9440142512321472,0.9977874755859375,0.9960802793502808,0.9845942854881287,0.9999884366989136,0.9999797940254211,0.9998643398284912
repeat1_fold3,MMdata_235.00s_0320_224031_no_secretion,10.0,2,47,0.05319148936170213,0,0,1,0.9950857758522034,0.04728580266237259,0.9527142643928528,0.9979208111763,0.9963798522949219,0.9853389263153076,0.999984860420227,0.9999719262123108,0.9998275637626648
repeat1_fold3,MMdata_235.00s_0320_224031_no_secretion,15.0,3,47,0.07446808510638298,0,0,1,0.9917743802070618,0.01777937449514866,0.9822205901145935,0.9874576926231384,0.9784531593322754,0.9318749904632568,0.9999834299087524,0.9999751448631287,0.9998087882995605
repeat1_fold3,MMdata_235.00s_0320_224031_no_secretion,20.0,4,47,0.09574468085106383,0,0,1,0.9926647543907166,0.03131144121289253,0.9686886072158813,0.9949663281440735,0.9909765720367432,0.9688453674316406,0.9999880790710449,0.9999805688858032,0.999858558177948
repeat1_fold3,MMdata_235.00s_0320_224031_no_secretion,25.0,5,47,0.11702127659574468,0,0,1,0.9952884912490845,0.05934017151594162,0.9406598806381226,0.9979709982872009,0.9964362382888794,0.9856786727905273,0.9999840259552002,0.999970018863678,0.9998195767402649
repeat1_fold3,MMdata_235.00s_0320_224031_no_secretion,30.0,6,47,0.13829787234042554,0,0,1,0.9949852228164673,0.04909800738096237,0.950901985168457,0.9980340600013733,0.996564507484436,0.9860497117042542,0.9999858140945435,0.9999739527702332,0.9998369216918945
repeat1_fold3,MMdata_235.00s_0320_224031_no_secretion,35.0,7,47,0.1595744680851064,0,0,1,0.9913687109947205,0.009714415296912193,0.9902855753898621,0.9210573434829712,0.8704330325126648,0.7017112970352173,0.9999808073043823,0.9999700784683228,0.9997810125350952
repeat1_fold3,MMdata_235.00s_0320_224031_no_secretion,40.0,8,47,0.18085106382978725,0,0,1,0.9924883842468262,0.03727594390511513,0.9627240300178528,0.9956496357917786,0.9921303391456604,0.9725853204727173,0.9999878406524658,0.9999797344207764,0.9998568892478943
repeat1_fold3,MMdata_235.00s_0320_224031_no_secretion,45.0,9,47,0.20212765957446807,0,0,1,0.9950082302093506,0.05612875521183014,0.9438712000846863,0.9977331161499023,0.9960217475891113,0.9842256903648376,0.9999860525131226,0.9999744892120361,0.9998389482498169
repeat1_fold3,MMdata_235.00s_0320_224031_no_secretion,50.0,10,47,0.22340425531914893,0,0,1,0.9947047829627991,0.05115324631333351,0.9488467574119568,0.9980902075767517,0.9966147541999817,0.9864484667778015,0.9999892711639404,0.9999815225601196,0.9998722672462463
repeat1_fold3,MMdata_235.00s_0320_224031_no_secretion,55.0,11,47,0.24468085106382978,0,0,1,0.9904366135597229,0.011789919808506966,0.9882100820541382,0.9603196382522583,0.9332466721534729,0.8254769444465637,0.9999815225601196,0.9999697208404541,0.9997888207435608
repeat1_fold3,MMdata_235.00s_0320_224031_no_secretion,60.0,12,47,0.26595744680851063,0,0,1,0.9930341243743896,0.031717292964458466,0.9682826995849609,0.9951328635215759,0.991304874420166,0.9696910977363586,0.9999885559082031,0.9999824166297913,0.9998630881309509
repeat1_fold3,MMdata_235.00s_0320_224031_no_secretion,65.0,13,47,0.2872340425531915,0,0,1,0.9949958324432373,0.05218296870589256,0.9478170275688171,0.9976009726524353,0.9958123564720154,0.9834069013595581,0.9999856948852539,0.9999738335609436,0.9998363852500916
repeat1_fold3,MMdata_235.00s_0320_224031_no_secretion,70.0,14,47,0.30851063829787234,0,0,1,0.9940927624702454,0.0321175716817379,0.9678824543952942,0.9958950281143188,0.9928664565086365,0.9735872149467468,0.9999856948852539,0.9999751448631287,0.9998350143432617
repeat1_fold3,MMdata_235.00s_0320_224031_no_secretion,75.0,15,47,0.32978723404255317,0,0,1,0.9903923273086548,0.013672607019543648,0.9863274097442627,0.9799404740333557,0.9658898711204529,0.8994035124778748,0.9999814033508301,0.9999691843986511,0.9997867345809937
repeat1_fold3,MMdata_235.00s_0320_224031_no_secretion,80.0,16,47,0.35106382978723405,0,0,1,0.9937718510627747,0.03173421695828438,0.9682657122612,0.9933841824531555,0.9882100820541382,0.9606208801269531,0.9999891519546509,0.999983012676239,0.9998709559440613
repeat1_fold3,MMdata_235.00s_0320_224031_no_secretion,85.0,17,47,0.3723404255319149,0,0,1,0.995005190372467,0.05454598739743233,0.9454540014266968,0.9976460337638855,0.9958814978599548,0.9836870431900024,0.9999847412109375,0.999971866607666,0.9998269081115723
repeat1_fold3,MMdata_235.00s_0320_224031_no_secretion,90.0,18,47,0.39361702127659576,0,0,1,0.9948012828826904,0.054215677082538605,0.9457843899726868,0.9980979561805725,0.9966397285461426,0.9864832162857056,0.9999884366989136,0.9999796152114868,0.9998637437820435
repeat1_fold3,MMdata_235.00s_0320_224031_no_secretion,95.0,19,47,0.4148936170212766,0,0,1,0.9918122291564941,0.01726360432803631,0.982736349105835,0.9871422052383423,0.9781933426856995,0.9302274584770203,0.9999839067459106,0.9999756813049316,0.9998130202293396
repeat1_fold3,MMdata_235.00s_0320_224031_no_secretion,100.0,20,47,0.43617021276595747,0,0,1,0.9936528205871582,0.03026607818901539,0.9697339534759521,0.9928234815597534,0.9872323870658875,0.9577921628952026,0.9999890327453613,0.9999829530715942,0.9998697638511658
repeat1_fold3,MMdata_235.00s_0320_224031_no_secretion,105.0,21,47,0.4574468085106383,0,0,1,0.9952025413513184,0.05571798235177994,0.944282054901123,0.9977045655250549,0.9960046410560608,0.9840201139450073,0.9999816417694092,0.9999653100967407,0.9997959733009338
repeat1_fold3,MMdata_235.00s_0320_224031_no_secretion,110.0,22,47,0.4787234042553192,0,0,1,0.9944461584091187,0.06268788129091263,0.937312126159668,0.9984709620475769,0.9972638487815857,0.9888700246810913,0.9999903440475464,0.9999843239784241,0.9998843669891357
repeat1_fold3,MMdata_235.00s_0320_224031_no_secretion,115.0,23,47,0.5,0,0,1,0.9919643402099609,0.02196374721825123,0.9780362248420715,0.9926890730857849,0.987464189529419,0.9566605687141418,0.9999849796295166,0.9999767541885376,0.9998249411582947
repeat1_fold3,MMdata_235.00s_0320_224031_no_secretion,120.0,24,47,0.5212765957446809,0,0,1,0.9930805563926697,0.024552980437874794,0.9754469990730286,0.9902627468109131,0.9829429984092712,0.9451603889465332,0.9999861717224121,0.999977707862854,0.9998387694358826
repeat1_fold3,MMdata_235.00s_0320_224031_no_secretion,125.0,25,47,0.5425531914893617,0,0,1,0.9946236610412598,0.04657710716128349,0.9534228444099426,0.9973160624504089,0.9953664541244507,0.9816626310348511,0.9999833106994629,0.9999693632125854,0.9998116493225098
repeat1_fold3,MMdata_235.00s_0320_224031_no_secretion,130.0,26,47,0.5638297872340425,0,0,1,0.9939308166503906,0.03982393071055412,0.9601760506629944,0.9974742531776428,0.995578944683075,0.9826611876487732,0.9999879598617554,0.9999799728393555,0.9998583793640137
repeat1_fold3,MMdata_235.00s_0320_224031_no_secretion,135.0,27,47,0.5851063829787234,0,0,1,0.9921521544456482,0.01928822323679924,0.9807117581367493,0.9900844097137451,0.9828715324401855,0.9440911412239075,0.9999860525131226,0.999978244304657,0.9998370409011841
repeat1_fold3,MMdata_235.00s_0320_224031_no_secretion,140.0,28,47,0.6063829787234043,0,0,1,0.9929284453392029,0.032674770802259445,0.9673252701759338,0.9939742684364319,0.9892210960388184,0.9636669158935547,0.9999881982803345,0.9999818205833435,0.9998593926429749
repeat1_fold3,MMdata_235.00s_0320_224031_no_secretion,145.0,29,47,0.6276595744680851,0,0,1,0.9949904084205627,0.047900427132844925,0.9520995020866394,0.9972368478775024,0.9952153563499451,0.9812082648277283,0.999982476234436,0.9999671578407288,0.9998040795326233
repeat1_fold3,MMdata_235.00s_0320_224031_no_secretion,150.0,30,47,0.648936170212766,0,0,1,0.9945220947265625,0.04880046471953392,0.9511995315551758,0.9977344274520874,0.9959823489189148,0.9842778444290161,0.99998939037323,0.9999821186065674,0.9998739957809448
repeat1_fold3,MMdata_235.00s_0320_224031_no_secretion,155.0,31,47,0.6702127659574468,0,0,1,0.9905096292495728,0.018293730914592743,0.9817062020301819,0.9888688325881958,0.9808167219161987,0.9383752346038818,0.9999817609786987,0.9999697804450989,0.9997907280921936
repeat1_fold3,MMdata_235.00s_0320_224031_no_secretion,160.0,32,47,0.6914893617021277,0,0,1,0.9932732582092285,0.029373088851571083,0.9706268906593323,0.9926567673683167,0.9869452118873596,0.9569542407989502,0.9999881982803345,0.9999818205833435,0.9998598694801331
repeat1_fold3,MMdata_235.00s_0320_224031_no_secretion,165.0,33,47,0.7127659574468085,0,0,1,0.9953044652938843,0.04713895171880722,0.9528610110282898,0.9967582821846008,0.9943892955780029,0.9784228205680847,0.9999771118164062,0.9999558925628662,0.9997510313987732
repeat1_fold3,MMdata_235.00s_0320_224031_no_secretion,170.0,34,47,0.7340425531914894,0,0,1,0.9945998191833496,0.05249170958995819,0.9475082755088806,0.9980939030647278,0.9966371059417725,0.9864532947540283,0.999988317489624,0.9999797940254211,0.99986332654953
repeat1_fold3,MMdata_235.00s_0320_224031_no_secretion,175.0,35,47,0.7553191489361702,0,0,1,0.9928165674209595,0.025090152397751808,0.9749098420143127,0.9939078092575073,0.9893824458122253,0.9630246162414551,0.9999873638153076,0.9999809265136719,0.9998510479927063
repeat1_fold3,MMdata_235.00s_0320_224031_no_secretion,180.0,36,47,0.776595744680851,0,0,1,0.9929772019386292,0.029455065727233887,0.9705449342727661,0.9933614730834961,0.9882112145423889,0.9604590535163879,0.9999873638153076,0.9999807476997375,0.9998510479927063
repeat1_fold3,MMdata_235.00s_0320_224031_no_secretion,185.0,37,47,0.7978723404255319,0,0,1,0.9948092699050903,0.045277852565050125,0.9547221660614014,0.9966158270835876,0.9941911101341248,0.9775646924972534,0.9999544620513916,0.9999104142189026,0.9995376467704773
repeat1_fold3,MMdata_235.00s_0320_224031_no_secretion,190.0,38,47,0.8191489361702128,0,0,1,0.9935989379882812,0.025473877787590027,0.9745261669158936,0.9952757358551025,0.9919322729110718,0.9700839519500732,0.9999841451644897,0.999972403049469,0.9998176693916321
repeat1_fold3,MMdata_235.00s_0320_224031_no_secretion,195.0,39,47,0.8404255319148937,0,0,1,0.9926106333732605,0.026311473920941353,0.973688542842865,0.9942580461502075,0.9899647235870361,0.9648674726486206,0.9999864101409912,0.9999796152114868,0.999840497970581
repeat1_fold3,MMdata_235.00s_0320_224031_no_secretion,200.0,40,47,0.8617021276595744,0,0,1,0.9926367998123169,0.029141006991267204,0.9708589911460876,0.9924715757369995,0.9863834977149963,0.9563252329826355,0.9999878406524658,0.9999805092811584,0.9998572468757629
repeat1_fold3,MMdata_235.00s_0320_224031_no_secretion,205.0,41,47,0.8829787234042553,0,0,1,0.9948091506958008,0.0455733947455883,0.9544265866279602,0.9968360662460327,0.9945591688156128,0.9788392186164856,0.9999780654907227,0.9999583959579468,0.9997596144676208
repeat1_fold3,MMdata_235.00s_0320_224031_no_secretion,210.0,42,47,0.9042553191489362,0,0,1,0.9933345317840576,0.04664115607738495,0.9533588290214539,0.9980779886245728,0.9966015815734863,0.9863627552986145,0.9999886751174927,0.9999826550483704,0.9998644590377808
repeat1_fold3,MMdata_235.00s_0320_224031_no_secretion,215.0,43,47,0.925531914893617,0,0,1,0.9936796426773071,0.032551221549510956,0.9674487709999084,0.9955288767814636,0.9922203421592712,0.9715888500213623,0.9999860525131226,0.9999765753746033,0.9998369216918945
repeat1_fold3,MMdata_235.00s_0320_224031_no_secretion,220.0,44,47,0.9468085106382979,0,0,1,0.9924665093421936,0.032762397080659866,0.9672375917434692,0.9940623641014099,0.9892686009407043,0.9642558097839355,0.9999877214431763,0.9999800324440002,0.9998547434806824
repeat1_fold3,MMdata_235.00s_0320_224031_no_secretion,225.0,45,47,0.9680851063829787,0,0,1,0.9755666851997375,0.015346870757639408,0.9846531748771667,0.8601844906806946,0.7731266617774963,0.5473465919494629,0.9977667331695557,0.9955397844314575,0.9855207204818726
repeat1_fold3,MMdata_235.00s_0320_224031_no_secretion,230.0,46,47,0.9893617021276596,0,0,1,0.989707350730896,0.015523229725658894,0.9844767451286316,0.9814753532409668,0.9684517979621887,0.9057826995849609,0.9999737739562988,0.9999592900276184,0.9997084736824036
repeat1_fold3,MMdata_442.75s_0327_203239_4ml,0.0,0,88,0.005681818181818182,2,2,1,0.9999552965164185,0.0325186513364315,0.9674813747406006,0.8253878951072693,0.6548833250999451,0.5607316493988037,0.9998961687088013,0.9998272061347961,0.9989789724349976
repeat1_fold3,MMdata_442.75s_0327_203239_4ml,5.0,1,88,0.017045454545454544,2,2,1,0.9999616146087646,0.02026435360312462,0.9797356128692627,0.9485787153244019,0.9172275066375732,0.7842059135437012,0.9997304081916809,0.9994986057281494,0.9976382851600647
repeat1_fold3,MMdata_442.75s_0327_203239_4ml,10.0,2,88,0.028409090909090908,2,2,1,0.9999599456787109,0.0475744865834713,0.9524255394935608,0.8217113018035889,0.6441229581832886,0.5691224932670593,0.9999037981033325,0.9998294115066528,0.9990553855895996
repeat1_fold3,MMdata_442.75s_0327_203239_4ml,15.0,3,88,0.03977272727272727,2,2,1,0.9999619722366333,0.02734345756471157,0.9726564884185791,0.8152217864990234,0.6344192624092102,0.5469220876693726,0.9998998641967773,0.9998388290405273,0.9990085959434509
repeat1_fold3,MMdata_442.75s_0327_203239_4ml,20.0,4,88,0.05113636363636364,2,2,1,0.9999538660049438,0.046008046716451645,0.9539920091629028,0.8426195383071899,0.688031792640686,0.5910043716430664,0.9999068975448608,0.9998547434806824,0.9990708827972412
repeat1_fold3,MMdata_442.75s_0327_203239_4ml,25.0,5,88,0.0625,2,2,1,0.9999666213989258,0.016162188723683357,0.9838377833366394,0.679705798625946,0.45648908615112305,0.25034666061401367,0.9998675584793091,0.999782145023346,0.998725175857544
repeat1_fold3,MMdata_442.75s_0327_203239_4ml,30.0,6,88,0.07386363636363637,2,2,1,0.9999573230743408,0.041342705488204956,0.9586573243141174,0.816821813583374,0.6346588134765625,0.5608409643173218,0.9998873472213745,0.9997918605804443,0.9989213347434998
repeat1_fold3,MMdata_442.75s_0327_203239_4ml,35.0,7,88,0.08522727272727272,2,2,1,0.999963641166687,0.030732933431863785,0.9692670702934265,0.816990315914154,0.6374144554138184,0.55126953125,0.9998767375946045,0.9997894167900085,0.9988102316856384
repeat1_fold3,MMdata_442.75s_0327_203239_4ml,40.0,8,88,0.09659090909090909,2,2,1,0.999950647354126,0.0575345940887928,0.9424653649330139,0.8494817018508911,0.7001844644546509,0.6079583764076233,0.9999159574508667,0.9998661279678345,0.9991541504859924
repeat1_fold3,MMdata_442.75s_0327_203239_4ml,45.0,9,88,0.10795454545454546,2,2,1,0.9999046325683594,0.023831406608223915,0.9761685729026794,0.9343609809875488,0.8927326798439026,0.7402965426445007,0.9956412315368652,0.9912947416305542,0.9743985533714294
repeat1_fold3,MMdata_442.75s_0327_203239_4ml,50.0,10,88,0.11931818181818182,2,2,1,0.9999573230743408,0.0451740063726902,0.9548259377479553,0.8208560347557068,0.6424573659896851,0.5677069425582886,0.9998817443847656,0.9997807145118713,0.9988754391670227
repeat1_fold3,MMdata_442.75s_0327_203239_4ml,55.0,11,88,0.13068181818181818,2,2,1,0.9999662637710571,0.02918124943971634,0.9708187580108643,0.827109158039093,0.6588903069496155,0.5613377094268799,0.9998451471328735,0.9997194409370422,0.9985545873641968
repeat1_fold3,MMdata_442.75s_0327_203239_4ml,60.0,12,88,0.14204545454545456,2,2,1,0.9999479055404663,0.053549353033304214,0.9464506506919861,0.8397938013076782,0.6807944774627686,0.593019962310791,0.9998952150344849,0.9998108744621277,0.9989842772483826
repeat1_fold3,MMdata_442.75s_0327_203239_4ml,65.0,13,88,0.1534090909090909,2,2,1,0.9999476671218872,0.01332496665418148,0.9866750836372375,0.7466077208518982,0.5892369747161865,0.33173108100891113,0.9996662139892578,0.9993603229522705,0.9971769452095032
repeat1_fold3,MMdata_442.75s_0327_203239_4ml,70.0,14,88,0.16477272727272727,2,2,1,0.9999641180038452,0.04882127791643143,0.9511787295341492,0.8293086290359497,0.6594482660293579,0.5792558193206787,0.9999171495437622,0.9998674392700195,0.9991645812988281
repeat1_fold3,MMdata_442.75s_0327_203239_4ml,75.0,15,88,0.17613636363636365,2,2,1,0.99996018409729,0.03794326260685921,0.9620568156242371,0.8226720690727234,0.6469495892524719,0.5662997961044312,0.9999104738235474,0.9998511672019958,0.999106764793396
repeat1_fold3,MMdata_442.75s_0327_203239_4ml,80.0,16,88,0.1875,2,2,1,0.9999511241912842,0.05196657404303551,0.9480333924293518,0.845194935798645,0.691780686378479,0.6005028486251831,0.9999053478240967,0.9998354315757751,0.9990665912628174
repeat1_fold3,MMdata_442.75s_0327_203239_4ml,85.0,17,88,0.19886363636363635,2,2,1,0.9999462366104126,0.013195760548114777,0.9868042469024658,0.49878403544425964,0.18103942275047302,0.06941384077072144,0.9997034668922424,0.9994215965270996,0.9974846243858337
repeat1_fold3,MMdata_442.75s_0327_203239_4ml,90.0,18,88,0.21022727272727273,2,2,1,0.9999535083770752,0.0572376511991024,0.9427623748779297,0.8142668604850769,0.6289921998977661,0.5601844787597656,0.9998996257781982,0.9998170733451843,0.999025285243988
repeat1_fold3,MMdata_442.75s_0327_203239_4ml,95.0,19,88,0.2215909090909091,2,2,1,0.9999598264694214,0.02996733784675598,0.9700326919555664,0.8312540650367737,0.6669872999191284,0.5680315494537354,0.9998201727867126,0.9996669888496399,0.99835604429245
repeat1_fold3,MMdata_442.75s_0327_203239_4ml,100.0,20,88,0.23295454545454544,2,2,1,0.9999513626098633,0.050544049590826035,0.949455976486206,0.8404145836830139,0.6820908188819885,0.5937186479568481,0.9998953342437744,0.9998199939727783,0.9989752769470215
repeat1_fold3,MMdata_442.75s_0327_203239_4ml,105.0,21,88,0.24431818181818182,2,2,1,0.9998795986175537,0.025609584525227547,0.97439044713974,0.9517446756362915,0.9218252301216125,0.7948415279388428,0.9925313591957092,0.9850739240646362,0.9598594307899475
repeat1_fold3,MMdata_442.75s_0327_203239_4ml,110.0,22,88,0.2556818181818182,2,2,1,0.9999399185180664,0.05077691748738289,0.9492231011390686,0.8133221864700317,0.6271433234214783,0.5586941838264465,0.9998358488082886,0.9996837377548218,0.9985092878341675
repeat1_fold3,MMdata_442.75s_0327_203239_4ml,115.0,23,88,0.26704545454545453,2,2,1,0.999954342842102,0.03404988721013069,0.965950071811676,0.8325267434120178,0.6670220494270325,0.5789585113525391,0.999893069267273,0.9998060464859009,0.998965859413147
repeat1_fold3,MMdata_442.75s_0327_203239_4ml,120.0,24,88,0.2784090909090909,2,2,1,0.9999569654464722,0.04271003231406212,0.95728999376297,0.8384313583374023,0.6788938641548157,0.5875076055526733,0.9998898506164551,0.9998054504394531,0.9989310503005981
repeat1_fold3,MMdata_442.75s_0327_203239_4ml,125.0,25,88,0.2897727272727273,2,2,1,0.999970555305481,0.018731387332081795,0.981268584728241,0.8970600962638855,0.8310075998306274,0.6371251344680786,0.9997144341468811,0.9994534850120544,0.9975423812866211
repeat1_fold3,MMdata_442.75s_0327_203239_4ml,130.0,26,88,0.30113636363636365,2,2,1,0.9999066591262817,0.042348720133304596,0.9576513171195984,0.8114137649536133,0.623475193977356,0.5553590655326843,0.9995666146278381,0.9991388916969299,0.9965234994888306
repeat1_fold3,MMdata_442.75s_0327_203239_4ml,135.0,27,88,0.3125,2,2,1,0.9999628067016602,0.03546374291181564,0.964536190032959,0.8248087763786316,0.6523890495300293,0.5646651983261108,0.9999127388000488,0.9998654127120972,0.9991240501403809
repeat1_fold3,MMdata_442.75s_0327_203239_4ml,140.0,28,88,0.32386363636363635,2,2,1,0.999962568283081,0.04090193659067154,0.9590980410575867,0.8527405858039856,0.7086526155471802,0.6056530475616455,0.9998663663864136,0.9997620582580566,0.9987289905548096
repeat1_fold3,MMdata_442.75s_0327_203239_4ml,145.0,29,88,0.3352272727272727,2,2,1,0.9999692440032959,0.017362073063850403,0.9826379418373108,0.4394588768482208,0.06821557879447937,0.04946833848953247,0.999897837638855,0.999835193157196,0.9989902377128601
repeat1_fold3,MMdata_442.75s_0327_203239_4ml,150.0,30,88,0.3465909090909091,2,2,1,0.9998867511749268,0.04095812514424324,0.9590418934822083,0.8206105828285217,0.6418689489364624,0.5678591132164001,0.9995104074478149,0.9990267753601074,0.9961289763450623
repeat1_fold3,MMdata_442.75s_0327_203239_4ml,155.0,31,88,0.35795454545454547,2,2,1,0.9999511241912842,0.03182259574532509,0.9681774377822876,0.8085963129997253,0.6194193959236145,0.5445315837860107,0.99988853931427,0.9998020529747009,0.9989213347434998
repeat1_fold3,MMdata_442.75s_0327_203239_4ml,160.0,32,88,0.3693181818181818,2,2,1,0.9999476671218872,0.026710931211709976,0.9732890725135803,0.817348837852478,0.660617470741272,0.49938011169433594,0.9990969896316528,0.9982085227966309,0.9933496117591858
repeat1_fold3,MMdata_442.75s_0327_203239_4ml,165.0,33,88,0.3806818181818182,2,2,1,0.9999710321426392,0.016235701739788055,0.9837642312049866,0.441535621881485,0.06582021713256836,0.053935348987579346,0.9998898506164551,0.999817967414856,0.9989210367202759
repeat1_fold3,MMdata_442.75s_0327_203239_4ml,170.0,34,88,0.39204545454545453,2,2,1,0.9999309778213501,0.04332723096013069,0.956672728061676,0.8257654905319214,0.6521875262260437,0.5750488638877869,0.9997768998146057,0.9995633959770203,0.9980526566505432
repeat1_fold3,MMdata_442.75s_0327_203239_4ml,175.0,35,88,0.4034090909090909,2,2,1,0.9999517202377319,0.036778468638658524,0.963221549987793,0.8131735324859619,0.6281577944755554,0.5523574352264404,0.9999072551727295,0.9998462200164795,0.9990777969360352
repeat1_fold3,MMdata_442.75s_0327_203239_4ml,180.0,36,88,0.4147727272727273,2,2,1,0.9999614953994751,0.027394631877541542,0.972605288028717,0.840283215045929,0.697573184967041,0.5509254932403564,0.9997552037239075,0.9995349645614624,0.9978513717651367
repeat1_fold3,MMdata_442.75s_0327_203239_4ml,185.0,37,88,0.42613636363636365,2,2,1,0.9999703168869019,0.01804875023663044,0.9819512367248535,0.4893410801887512,0.1469876766204834,0.07463377714157104,0.9998778104782104,0.9997860789299011,0.9988251328468323
repeat1_fold3,MMdata_442.75s_0327_203239_4ml,190.0,38,88,0.4375,2,2,1,0.9999412298202515,0.045471955090761185,0.9545280337333679,0.8286380767822266,0.657946765422821,0.579081654548645,0.9998296499252319,0.999671459197998,0.9984599947929382
repeat1_fold3,MMdata_442.75s_0327_203239_4ml,195.0,39,88,0.44886363636363635,2,2,1,0.9999610185623169,0.039298780262470245,0.9607012271881104,0.8154019117355347,0.6329692602157593,0.5539157390594482,0.9998499155044556,0.9997260570526123,0.9985971450805664
repeat1_fold3,MMdata_442.75s_0327_203239_4ml,200.0,40,88,0.4602272727272727,2,2,1,0.9999648332595825,0.03120516426861286,0.9687947630882263,0.8291963338851929,0.6737902164459229,0.5367873907089233,0.9996923208236694,0.9994025826454163,0.9973923563957214
repeat1_fold3,MMdata_442.75s_0327_203239_4ml,205.0,41,88,0.4715909090909091,2,2,1,0.9999549388885498,0.015708353370428085,0.984291672706604,0.5464418530464172,0.2769656777381897,0.0942002534866333,0.9998562335968018,0.9997332096099854,0.9986577033996582
repeat1_fold3,MMdata_442.75s_0327_203239_4ml,210.0,42,88,0.48295454545454547,2,2,1,0.9999181032180786,0.04269890859723091,0.9573010802268982,0.8243986964225769,0.6494358777999878,0.573205828666687,0.9996764659881592,0.9993608593940735,0.9973047971725464
repeat1_fold3,MMdata_442.75s_0327_203239_4ml,215.0,43,88,0.4943181818181818,2,2,1,0.9999582767486572,0.03818904235959053,0.9618109464645386,0.8053531050682068,0.6129583120346069,0.5401715040206909,0.9999061822891235,0.9998494982719421,0.9990656971931458
repeat1_fold3,MMdata_442.75s_0327_203239_4ml,220.0,44,88,0.5056818181818182,2,2,1,0.9999634027481079,0.028526131063699722,0.9714738726615906,0.8439165949821472,0.6963842511177063,0.5755869150161743,0.9998990297317505,0.9998421669006348,0.998999834060669
repeat1_fold3,MMdata_442.75s_0327_203239_4ml,225.0,45,88,0.5170454545454546,2,2,1,0.9999574422836304,0.0172761008143425,0.9827238917350769,0.5444650053977966,0.23028677701950073,0.11586427688598633,0.9998971223831177,0.999826967716217,0.9989879727363586
repeat1_fold3,MMdata_442.75s_0327_203239_4ml,230.0,46,88,0.5284090909090909,2,2,1,0.9999302625656128,0.037448227405548096,0.9625517725944519,0.8270677328109741,0.6551534533500671,0.5751480460166931,0.9997813105583191,0.9995737075805664,0.998083770275116
repeat1_fold3,MMdata_442.75s_0327_203239_4ml,235.0,47,88,0.5397727272727273,2,2,1,0.9999600648880005,0.03268735855817795,0.9673126935958862,0.8016948699951172,0.6071956753730774,0.5295348167419434,0.9998100399971008,0.9996439814567566,0.9982797503471375
repeat1_fold3,MMdata_442.75s_0327_203239_4ml,240.0,48,88,0.5511363636363636,2,2,1,0.9999440908432007,0.04714023321866989,0.9528598189353943,0.8380003571510315,0.6772931218147278,0.5899350643157959,0.9998350143432617,0.9996810555458069,0.9985056519508362
repeat1_fold3,MMdata_442.75s_0327_203239_4ml,245.0,49,88,0.5625,2,2,1,0.999964714050293,0.018855983391404152,0.9811440706253052,0.589419960975647,0.3094349205493927,0.14997345209121704,0.9998810291290283,0.9997957944869995,0.9988487362861633
repeat1_fold3,MMdata_442.75s_0327_203239_4ml,250.0,50,88,0.5738636363636364,2,2,1,0.999907374382019,0.043940503150224686,0.9560595750808716,0.8144345283508301,0.6295173168182373,0.5594052076339722,0.9997007846832275,0.9994096755981445,0.9974836111068726
repeat1_fold3,MMdata_442.75s_0327_203239_4ml,255.0,51,88,0.5852272727272727,2,2,1,0.9999524354934692,0.03850364685058594,0.9614964127540588,0.8059654831886292,0.6137138605117798,0.542917788028717,0.9999063014984131,0.9998589754104614,0.9990645051002502
repeat1_fold3,MMdata_442.75s_0327_203239_4ml,260.0,52,88,0.5965909090909091,2,2,1,0.9999558925628662,0.055898524820804596,0.9441015124320984,0.8404520153999329,0.6818971633911133,0.5949859619140625,0.9999107122421265,0.9998434782028198,0.9991155862808228
repeat1_fold3,MMdata_442.75s_0327_203239_4ml,265.0,53,88,0.6079545454545454,2,2,1,0.999931812286377,0.021049872040748596,0.9789501428604126,0.7114693522453308,0.5098288059234619,0.2924134135246277,0.9983684420585632,0.9967483878135681,0.9889214634895325
repeat1_fold3,MMdata_442.75s_0327_203239_4ml,270.0,54,88,0.6193181818181818,2,2,1,0.9999555349349976,0.04030384495854378,0.9596961140632629,0.8280114531517029,0.6573763489723206,0.5749813318252563,0.9999006986618042,0.9998294115066528,0.9990227818489075
repeat1_fold3,MMdata_442.75s_0327_203239_4ml,275.0,55,88,0.6306818181818182,2,2,1,0.9999551773071289,0.03635753318667412,0.9636424779891968,0.8118377923965454,0.6267588138580322,0.5455348491668701,0.999665379524231,0.9993487596511841,0.9971939921379089
repeat1_fold3,MMdata_442.75s_0327_203239_4ml,280.0,56,88,0.6420454545454546,2,2,1,0.9999607801437378,0.050173670053482056,0.9498263597488403,0.8450356721878052,0.6916124224662781,0.5996192097663879,0.9999121427536011,0.9998562335968018,0.9991203546524048
repeat1_fold3,MMdata_442.75s_0327_203239_4ml,285.0,57,88,0.6534090909090909,2,2,1,0.9999619722366333,0.017079001292586327,0.9829210638999939,0.5694198608398438,0.30332985520362854,0.11722028255462646,0.9998663663864136,0.9997696280479431,0.9987223744392395
repeat1_fold3,MMdata_442.75s_0327_203239_4ml,290.0,58,88,0.6647727272727273,2,2,1,0.999947190284729,0.03517821803689003,0.9648217558860779,0.8155806064605713,0.632596492767334,0.5572343468666077,0.9998700618743896,0.9997576475143433,0.9987762570381165
repeat1_fold3,MMdata_442.75s_0327_203239_4ml,295.0,59,88,0.6761363636363636,2,2,1,0.9999570846557617,0.03469289466738701,0.9653071761131287,0.8082027435302734,0.6189851760864258,0.5426080226898193,0.9998865127563477,0.9998078346252441,0.9988948702812195
repeat1_fold3,MMdata_442.75s_0327_203239_4ml,300.0,60,88,0.6875,2,2,1,0.9999614953994751,0.05370335653424263,0.9462965726852417,0.840263843536377,0.6819702982902527,0.5927057862281799,0.9999068975448608,0.9998492002487183,0.9990725517272949
repeat1_fold3,MMdata_442.75s_0327_203239_4ml,305.0,61,88,0.6988636363636364,2,2,1,0.9999573230743408,0.018484195694327354,0.9815157651901245,0.5068150162696838,0.2134242057800293,0.06612318754196167,0.9994865655899048,0.9989880919456482,0.9959322810173035
repeat1_fold3,MMdata_442.75s_0327_203239_4ml,310.0,62,88,0.7102272727272727,2,2,1,0.9998904466629028,0.038207367062568665,0.9617925882339478,0.813188910484314,0.6271993517875671,0.5568557977676392,0.9995555281639099,0.9991175532341003,0.9964426755905151
repeat1_fold3,MMdata_442.75s_0327_203239_4ml,315.0,63,88,0.7215909090909091,2,2,1,0.9999533891677856,0.032762087881565094,0.9672379493713379,0.8016204237937927,0.6060080528259277,0.5333037972450256,0.9998986721038818,0.999826967716217,0.9990043640136719
repeat1_fold3,MMdata_442.75s_0327_203239_4ml,320.0,64,88,0.7329545454545454,2,2,1,0.999955415725708,0.05503090098500252,0.944969117641449,0.8479745984077454,0.6970251798629761,0.606225311756134,0.9999148845672607,0.9998584389686584,0.9991472959518433
repeat1_fold3,MMdata_442.75s_0327_203239_4ml,325.0,65,88,0.7443181818181818,2,2,1,0.9999103546142578,0.023704640567302704,0.9762953519821167,0.9620537161827087,0.9382534027099609,0.8303113579750061,0.9969726800918579,0.9939621686935425,0.9811722636222839
repeat1_fold3,MMdata_442.75s_0327_203239_4ml,330.0,66,88,0.7556818181818182,2,2,1,0.9999463558197021,0.03432323783636093,0.9656767845153809,0.8331995606422424,0.6679555177688599,0.5816531181335449,0.9998857975006104,0.9997972249984741,0.9988975524902344
repeat1_fold3,MMdata_442.75s_0327_203239_4ml,335.0,67,88,0.7670454545454546,2,2,1,0.9999593496322632,0.04213590547442436,0.9578641057014465,0.8024019598960876,0.606212317943573,0.5399461984634399,0.9999090433120728,0.9998607039451599,0.9990891218185425
repeat1_fold3,MMdata_442.75s_0327_203239_4ml,340.0,68,88,0.7784090909090909,2,2,1,0.999958872795105,0.05007323622703552,0.9499267935752869,0.8414760231971741,0.6844010949134827,0.5945252180099487,0.9999122619628906,0.9998556971549988,0.9991220235824585
repeat1_fold3,MMdata_442.75s_0327_203239_4ml,345.0,69,88,0.7897727272727273,2,2,1,0.999955415725708,0.019005373120307922,0.9809946417808533,0.525547981262207,0.24461722373962402,0.07828420400619507,0.9994949102401733,0.9990050792694092,0.9959877729415894
repeat1_fold3,MMdata_442.75s_0327_203239_4ml,350.0,70,88,0.8011363636363636,2,2,1,0.9999394416809082,0.03769783303141594,0.9623021483421326,0.826071560382843,0.6531906723976135,0.5735886096954346,0.9998425245285034,0.9997009038925171,0.9985553622245789
repeat1_fold3,MMdata_442.75s_0327_203239_4ml,355.0,71,88,0.8125,2,2,1,0.9999637603759766,0.03813006356358528,0.9618698954582214,0.8142744302749634,0.6305607557296753,0.5530086755752563,0.9998992681503296,0.9998420476913452,0.9990021586418152
repeat1_fold3,MMdata_442.75s_0327_203239_4ml,360.0,72,88,0.8238636363636364,2,2,1,0.999958872795105,0.05013175308704376,0.9498683214187622,0.8606472015380859,0.7228802442550659,0.6245613098144531,0.9999068975448608,0.9998517632484436,0.9990715384483337
repeat1_fold3,MMdata_442.75s_0327_203239_4ml,365.0,73,88,0.8352272727272727,2,2,1,0.9999550580978394,0.017806140705943108,0.9821938276290894,0.6758091449737549,0.45770350098609924,0.2400032877922058,0.9996160268783569,0.9992493391036987,0.9968379735946655
repeat1_fold3,MMdata_442.75s_0327_203239_4ml,370.0,74,88,0.8465909090909091,2,2,1,0.9999222755432129,0.03201007843017578,0.9679898619651794,0.8287761807441711,0.6588544845581055,0.5763094425201416,0.9996954202651978,0.999400794506073,0.9974374771118164
repeat1_fold3,MMdata_442.75s_0327_203239_4ml,375.0,75,88,0.8579545454545454,2,2,1,0.9999617338180542,0.03450804576277733,0.9654918909072876,0.8067689538002014,0.616877019405365,0.5378398299217224,0.9999018907546997,0.9998462796211243,0.9990257024765015
repeat1_fold3,MMdata_442.75s_0327_203239_4ml,380.0,76,88,0.8693181818181818,2,2,1,0.9999617338180542,0.05144110321998596,0.9485588669776917,0.8486223220825195,0.698819637298584,0.6050940155982971,0.9998971223831177,0.9998244047164917,0.9989895224571228
repeat1_fold3,MMdata_442.75s_0327_203239_4ml,385.0,77,88,0.8806818181818182,2,2,1,0.9999312162399292,0.0184297077357769,0.981570303440094,0.8217147588729858,0.6981658935546875,0.473216712474823,0.9984410405158997,0.9968957304954529,0.989338755607605
repeat1_fold3,MMdata_442.75s_0327_203239_4ml,390.0,78,88,0.8920454545454546,2,2,1,0.9999494552612305,0.03495873138308525,0.9650412797927856,0.8237681984901428,0.649167537689209,0.5677343606948853,0.9998804330825806,0.999782145023346,0.9988574385643005
repeat1_fold3,MMdata_442.75s_0327_203239_4ml,395.0,79,88,0.9034090909090909,2,2,1,0.9999622106552124,0.028228038921952248,0.9717720150947571,0.8111639022827148,0.6292629241943359,0.5319072604179382,0.9998527765274048,0.9997400641441345,0.99861079454422
repeat1_fold3,MMdata_442.75s_0327_203239_4ml,400.0,80,88,0.9147727272727273,2,2,1,0.9999573230743408,0.043853603303432465,0.9561464190483093,0.8319205641746521,0.666244626045227,0.5763540267944336,0.9999103546142578,0.9998628497123718,0.9991012215614319
repeat1_fold3,MMdata_442.75s_0327_203239_4ml,405.0,81,88,0.9261363636363636,2,2,1,0.9999521970748901,0.016265690326690674,0.9837342500686646,0.6483571529388428,0.32605427503585815,0.3178586959838867,0.9998867511749268,0.9997936487197876,0.9989120364189148
repeat1_fold3,MMdata_442.75s_0327_203239_4ml,410.0,82,88,0.9375,2,2,1,0.9999468326568604,0.04658355936408043,0.9534164667129517,0.8211770057678223,0.6430683135986328,0.5683083534240723,0.9998742341995239,0.9997658729553223,0.9988110065460205
repeat1_fold3,MMdata_442.75s_0327_203239_4ml,415.0,83,88,0.9488636363636364,2,2,1,0.9999655485153198,0.03213976323604584,0.967860221862793,0.8219892382621765,0.6476852893829346,0.5572749376296997,0.9998635053634644,0.9997610449790955,0.9987006783485413
repeat1_fold3,MMdata_442.75s_0327_203239_4ml,420.0,84,88,0.9602272727272727,2,2,1,0.999953031539917,0.04401186481118202,0.9559880495071411,0.8296182155609131,0.6611640453338623,0.5748758316040039,0.9998995065689087,0.9998200535774231,0.9990189671516418
repeat1_fold3,MMdata_442.75s_0327_203239_4ml,425.0,85,88,0.9715909090909091,2,2,1,0.9999536275863647,0.01779719442129135,0.9822027683258057,0.4715058505535126,0.08728772401809692,0.0885469913482666,0.9992495179176331,0.9985139966011047,0.9943364858627319
repeat1_fold3,MMdata_442.75s_0327_203239_4ml,430.0,86,88,0.9829545454545454,2,2,1,0.999932050704956,0.03792509809136391,0.962074875831604,0.8167111873626709,0.6344467401504517,0.5606464743614197,0.9997742772102356,0.9995580911636353,0.9980340003967285
repeat1_fold3,MMdata_442.75s_0327_203239_4ml,435.0,87,88,0.9943181818181818,2,2,1,0.9999659061431885,0.029167572036385536,0.9708324670791626,0.812198281288147,0.6299906373023987,0.537429690361023,0.9998735189437866,0.9997823238372803,0.9987832903862
repeat1_fold3,MMdata_600.00s_0327_185444_2ml,0.0,0,120,0.004166666666666667,1,1,1,0.997276246547699,0.01588497683405876,0.9841150045394897,0.5152305960655212,0.03104543685913086,0.3653869032859802,0.9999502897262573,0.999901533126831,0.9995014667510986
repeat1_fold3,MMdata_600.00s_0327_185444_2ml,5.0,1,120,0.0125,1,1,1,0.997368574142456,0.00588914193212986,0.9941108822822571,0.5665367245674133,0.13958173990249634,0.3464004397392273,0.9999892711639404,0.9999812245368958,0.9998734593391418
repeat1_fold3,MMdata_600.00s_0327_185444_2ml,10.0,2,120,0.020833333333333332,1,1,1,0.9974877834320068,0.007397234905511141,0.9926027655601501,0.5710569024085999,0.14611980319023132,0.357621967792511,0.9999881982803345,0.9999784827232361,0.999862551689148
repeat1_fold3,MMdata_600.00s_0327_185444_2ml,15.0,3,120,0.029166666666666667,1,1,1,0.998027503490448,0.004775970242917538,0.9952240586280823,0.44549304246902466,0.07005217671394348,0.05698305368423462,0.9999685287475586,0.9999380111694336,0.9996709823608398
repeat1_fold3,MMdata_600.00s_0327_185444_2ml,20.0,4,120,0.0375,1,1,1,0.9970793724060059,0.01286478340625763,0.9871352314949036,0.5410226583480835,0.08289626240730286,0.36649131774902344,0.9999529123306274,0.9999069571495056,0.9995256066322327
repeat1_fold3,MMdata_600.00s_0327_185444_2ml,25.0,5,120,0.04583333333333333,1,1,1,0.9978033900260925,0.010563917458057404,0.9894360303878784,0.6149989366531372,0.23112952709197998,0.3863294720649719,0.9999831914901733,0.9999678134918213,0.9998120069503784
repeat1_fold3,MMdata_600.00s_0327_185444_2ml,30.0,6,120,0.05416666666666667,1,1,1,0.9976801872253418,0.01092001423239708,0.989080011844635,0.6466349959373474,0.2946443557739258,0.4006044268608093,0.9999808073043823,0.9999629855155945,0.9997884035110474
repeat1_fold3,MMdata_600.00s_0327_185444_2ml,35.0,7,120,0.0625,1,1,1,0.9964220523834229,0.005134622100740671,0.994865357875824,0.40922918915748596,0.0641314685344696,0.019070208072662354,0.9999011754989624,0.9998034238815308,0.9990754723548889
repeat1_fold3,MMdata_600.00s_0327_185444_2ml,40.0,8,120,0.07083333333333333,1,1,1,0.9970887303352356,0.012111232616007328,0.987888753414154,0.6195125579833984,0.24012237787246704,0.3884875178337097,0.9999406337738037,0.9998822808265686,0.9994156956672668
repeat1_fold3,MMdata_600.00s_0327_185444_2ml,45.0,9,120,0.07916666666666666,1,1,1,0.9976310729980469,0.004288778640329838,0.9957112073898315,0.5166113376617432,0.060060858726501465,0.275209903717041,0.9999889135360718,0.999980092048645,0.9998701810836792
repeat1_fold3,MMdata_600.00s_0327_185444_2ml,50.0,10,120,0.0875,1,1,1,0.9973210692405701,0.005628857761621475,0.9943711161613464,0.5670394897460938,0.14283627271652222,0.33829277753829956,0.999988317489624,0.9999789595603943,0.9998632073402405
repeat1_fold3,MMdata_600.00s_0327_185444_2ml,55.0,11,120,0.09583333333333334,1,1,1,0.9954221844673157,0.005603855475783348,0.9943962097167969,0.4424305558204651,0.13599467277526855,0.025830447673797607,0.9997078776359558,0.9994165897369385,0.9975658655166626
repeat1_fold3,MMdata_600.00s_0327_185444_2ml,60.0,12,120,0.10416666666666667,1,1,1,0.997122585773468,0.013732798397541046,0.9862672090530396,0.5723430514335632,0.14547449350357056,0.37339603900909424,0.9999438524246216,0.9998887181282043,0.9994438290596008
repeat1_fold3,MMdata_600.00s_0327_185444_2ml,65.0,13,120,0.1125,1,1,1,0.9978681802749634,0.006423697341233492,0.9935763478279114,0.5538078546524048,0.11384302377700806,0.3445082902908325,0.9999889135360718,0.9999799132347107,0.9998704791069031
repeat1_fold3,MMdata_600.00s_0327_185444_2ml,70.0,14,120,0.12083333333333333,1,1,1,0.9974640607833862,0.0062317936681210995,0.9937682151794434,0.5311649441719055,0.07061904668807983,0.33291471004486084,0.9999860525131226,0.9999740719795227,0.9998408555984497
repeat1_fold3,MMdata_600.00s_0327_185444_2ml,75.0,15,120,0.12916666666666668,1,1,1,0.9961385130882263,0.005857246927917004,0.9941427111625671,0.5222728848457336,0.24543863534927368,0.07407897710800171,0.9998490810394287,0.9996991157531738,0.9986485838890076
repeat1_fold3,MMdata_600.00s_0327_185444_2ml,80.0,16,120,0.1375,1,1,1,0.9971916079521179,0.01168968714773655,0.9883103370666504,0.5709857940673828,0.14303162693977356,0.37151867151260376,0.9999520778656006,0.9999052882194519,0.9995183348655701
repeat1_fold3,MMdata_600.00s_0327_185444_2ml,85.0,17,120,0.14583333333333334,1,1,1,0.9977390766143799,0.0067069027572870255,0.9932931661605835,0.5575383901596069,0.12039056420326233,0.3489145040512085,0.99998939037323,0.9999809265136719,0.9998746514320374
repeat1_fold3,MMdata_600.00s_0327_185444_2ml,90.0,18,120,0.15416666666666667,1,1,1,0.9973529577255249,0.004797682166099548,0.9952023029327393,0.5426270961761475,0.1104741096496582,0.283547043800354,0.9999895095825195,0.9999815225601196,0.9998757839202881
repeat1_fold3,MMdata_600.00s_0327_185444_2ml,95.0,19,120,0.1625,1,1,1,0.9972585439682007,0.005441011395305395,0.9945589900016785,0.6615230441093445,0.44185009598731995,0.2177642583847046,0.9998685121536255,0.9997376799583435,0.9988072514533997
repeat1_fold3,MMdata_600.00s_0327_185444_2ml,100.0,20,120,0.17083333333333334,1,1,1,0.9972558617591858,0.012381546199321747,0.9876184463500977,0.5732224583625793,0.14740237593650818,0.3726794719696045,0.9999490976333618,0.9998992085456848,0.9994909763336182
repeat1_fold3,MMdata_600.00s_0327_185444_2ml,105.0,21,120,0.17916666666666667,1,1,1,0.9977613687515259,0.0059590633027255535,0.9940409064292908,0.5132232904434204,0.03810352087020874,0.31930845975875854,0.9999886751174927,0.9999793767929077,0.9998669624328613
repeat1_fold3,MMdata_600.00s_0327_185444_2ml,110.0,22,120,0.1875,1,1,1,0.9970880150794983,0.004620274528861046,0.9953796863555908,0.5268535017967224,0.08065155148506165,0.2762872576713562,0.99998939037323,0.9999816417694092,0.9998745322227478
repeat1_fold3,MMdata_600.00s_0327_185444_2ml,115.0,23,120,0.19583333333333333,1,1,1,0.9980823993682861,0.004960150457918644,0.9950398802757263,0.6382919549942017,0.39548659324645996,0.19584524631500244,0.9999749660491943,0.9999510049819946,0.9997313618659973
repeat1_fold3,MMdata_600.00s_0327_185444_2ml,120.0,24,120,0.20416666666666666,1,1,1,0.996232807636261,0.015527918934822083,0.9844720959663391,0.5311053395271301,0.06284704804420471,0.3664292097091675,0.9998958110809326,0.9997925162315369,0.999030590057373
repeat1_fold3,MMdata_600.00s_0327_185444_2ml,125.0,25,120,0.2125,1,1,1,0.9979789853096008,0.00728486618027091,0.9927151799201965,0.5486811995506287,0.10150614380836487,0.3519452214241028,0.9999873638153076,0.9999764561653137,0.9998540282249451
repeat1_fold3,MMdata_600.00s_0327_185444_2ml,130.0,26,120,0.22083333333333333,1,1,1,0.9967664480209351,0.005652667488902807,0.9943472743034363,0.5378384590148926,0.08531683683395386,0.32903891801834106,0.9999881982803345,0.9999794960021973,0.999861478805542
repeat1_fold3,MMdata_600.00s_0327_185444_2ml,135.0,27,120,0.22916666666666666,1,1,1,0.9981580376625061,0.005870005581527948,0.99413001537323,0.8656485676765442,0.7728210091590881,0.5652220845222473,0.9999756813049316,0.9999525547027588,0.9997386932373047
repeat1_fold3,MMdata_600.00s_0327_185444_2ml,140.0,28,120,0.2375,1,1,1,0.9966687560081482,0.012412991374731064,0.9875870943069458,0.537420928478241,0.07576146721839905,0.36557865142822266,0.9999141693115234,0.9998292922973633,0.9991862177848816
repeat1_fold3,MMdata_600.00s_0327_185444_2ml,145.0,29,120,0.24583333333333332,1,1,1,0.9975653886795044,0.007689553312957287,0.9923104047775269,0.5536941289901733,0.11124452948570251,0.354156494140625,0.9999829530715942,0.9999675750732422,0.9998093843460083
repeat1_fold3,MMdata_600.00s_0327_185444_2ml,150.0,30,120,0.25416666666666665,1,1,1,0.9973854422569275,0.0062555596232414246,0.993744432926178,0.5454935431480408,0.09729471802711487,0.3425828814506531,0.9999854564666748,0.9999728798866272,0.999833881855011
repeat1_fold3,MMdata_600.00s_0327_185444_2ml,155.0,31,120,0.2625,1,1,1,0.9977142810821533,0.00665760412812233,0.9933424592018127,0.5038200616836548,0.02576884627342224,0.2982898950576782,0.999921441078186,0.9998435974121094,0.9992488026618958
repeat1_fold3,MMdata_600.00s_0327_185444_2ml,160.0,32,120,0.2708333333333333,1,1,1,0.9954540729522705,0.01558873150497675,0.9844112396240234,0.5299398303031921,0.06046825647354126,0.36658716201782227,0.9998892545700073,0.9997797012329102,0.9989755153656006
repeat1_fold3,MMdata_600.00s_0327_185444_2ml,165.0,33,120,0.2791666666666667,1,1,1,0.997958779335022,0.0052277580834925175,0.9947722554206848,0.5709859132766724,0.16254237294197083,0.3031300902366638,0.9999878406524658,0.9999773502349854,0.9998587369918823
repeat1_fold3,MMdata_600.00s_0327_185444_2ml,170.0,34,120,0.2875,1,1,1,0.9973318576812744,0.006828515790402889,0.9931714534759521,0.5650357007980347,0.13539206981658936,0.35065150260925293,0.999987006187439,0.9999761581420898,0.9998502731323242
repeat1_fold3,MMdata_600.00s_0327_185444_2ml,175.0,35,120,0.29583333333333334,1,1,1,0.9980387091636658,0.005826192907989025,0.9941738247871399,0.4752330780029297,0.15797728300094604,0.049619197845458984,0.9999593496322632,0.999919593334198,0.9995846748352051
repeat1_fold3,MMdata_600.00s_0327_185444_2ml,180.0,36,120,0.30416666666666664,1,1,1,0.9968326687812805,0.015548596158623695,0.984451413154602,0.5049841403961182,0.010612726211547852,0.36463212966918945,0.9999189376831055,0.9998387694358826,0.9992266893386841
repeat1_fold3,MMdata_600.00s_0327_185444_2ml,185.0,37,120,0.3125,1,1,1,0.9978203773498535,0.007459336891770363,0.9925406575202942,0.5149751901626587,0.03442254662513733,0.3463500142097473,0.999988317489624,0.9999784827232361,0.999864399433136
repeat1_fold3,MMdata_600.00s_0327_185444_2ml,190.0,38,120,0.32083333333333336,1,1,1,0.9971500039100647,0.004490596242249012,0.9955093860626221,0.4928910732269287,0.014829039573669434,0.26788240671157837,0.9999885559082031,0.999979555606842,0.9998650550842285
repeat1_fold3,MMdata_600.00s_0327_185444_2ml,195.0,39,120,0.32916666666666666,1,1,1,0.9979808926582336,0.005903866607695818,0.9940961599349976,0.7335636019706726,0.5613077878952026,0.3148149251937866,0.9999531507492065,0.999907374382019,0.9995282888412476
repeat1_fold3,MMdata_600.00s_0327_185444_2ml,200.0,40,120,0.3375,1,1,1,0.9965826869010925,0.01811113767325878,0.9818888306617737,0.5780595541000366,0.1566002070903778,0.3768029808998108,0.9999046325683594,0.9998101592063904,0.9991050958633423
repeat1_fold3,MMdata_600.00s_0327_185444_2ml,205.0,41,120,0.3458333333333333,1,1,1,0.9979118704795837,0.006278051063418388,0.9937219023704529,0.517092764377594,0.04427841305732727,0.32497692108154297,0.9999896287918091,0.9999812841415405,0.9998772144317627
repeat1_fold3,MMdata_600.00s_0327_185444_2ml,210.0,42,120,0.3541666666666667,1,1,1,0.9975560903549194,0.0066699073649942875,0.9933300614356995,0.5480220913887024,0.10241612792015076,0.3427979350090027,0.9999771118164062,0.9999555945396423,0.9997512698173523
repeat1_fold3,MMdata_600.00s_0327_185444_2ml,215.0,43,120,0.3625,1,1,1,0.9982833862304688,0.005639148410409689,0.9943608641624451,0.5299355983734131,0.19111505150794983,0.11731737852096558,0.9999617338180542,0.99992436170578,0.9996070265769958
repeat1_fold3,MMdata_600.00s_0327_185444_2ml,220.0,44,120,0.37083333333333335,1,1,1,0.9943435192108154,0.015962332487106323,0.9840376377105713,0.5106155872344971,0.021847128868103027,0.364970862865448,0.999782383441925,0.999565601348877,0.9981258511543274
repeat1_fold3,MMdata_600.00s_0327_185444_2ml,225.0,45,120,0.37916666666666665,1,1,1,0.9976880550384521,0.005117769818753004,0.9948822259902954,0.5580886602401733,0.13312378525733948,0.30979853868484497,0.999990701675415,0.9999839067459106,0.9998891949653625
repeat1_fold3,MMdata_600.00s_0327_185444_2ml,230.0,46,120,0.3875,1,1,1,0.9974518418312073,0.007112525869160891,0.9928874373435974,0.5810806155204773,0.1674058735370636,0.35543543100357056,0.9999808073043823,0.9999632835388184,0.9997880458831787
repeat1_fold3,MMdata_600.00s_0327_185444_2ml,235.0,47,120,0.3958333333333333,1,1,1,0.9980888962745667,0.0053800600580871105,0.9946199655532837,0.6875128149986267,0.4811627268791199,0.2524028420448303,0.9999762773513794,0.9999538660049438,0.999743640422821
repeat1_fold3,MMdata_600.00s_0327_185444_2ml,240.0,48,120,0.4041666666666667,1,1,1,0.9962772727012634,0.0191841758787632,0.9808158278465271,0.6045394539833069,0.20951354503631592,0.3860219717025757,0.9998902082443237,0.9997813105583191,0.998984694480896
repeat1_fold3,MMdata_600.00s_0327_185444_2ml,245.0,49,120,0.4125,1,1,1,0.9975510239601135,0.004271109122782946,0.9957289099693298,0.5422572493553162,0.14296144247055054,0.21317821741104126,0.9999908208847046,0.9999842643737793,0.999890148639679
repeat1_fold3,MMdata_600.00s_0327_185444_2ml,250.0,50,120,0.42083333333333334,1,1,1,0.9976872205734253,0.007598807569593191,0.9924012422561646,0.5971495509147644,0.19802221655845642,0.3671149015426636,0.9999799728393555,0.9999611973762512,0.9997796416282654
repeat1_fold3,MMdata_600.00s_0327_185444_2ml,255.0,51,120,0.42916666666666664,1,1,1,0.9982210993766785,0.00590303260833025,0.9940969944000244,0.569713830947876,0.20699936151504517,0.2076801061630249,0.9999747276306152,0.9999505877494812,0.9997298717498779
repeat1_fold3,MMdata_600.00s_0327_185444_2ml,260.0,52,120,0.4375,1,1,1,0.9954012632369995,0.011863424442708492,0.9881366491317749,0.5254913568496704,0.05209243297576904,0.36312568187713623,0.9998748302459717,0.9997507929801941,0.9988567233085632
repeat1_fold3,MMdata_600.00s_0327_185444_2ml,265.0,53,120,0.44583333333333336,1,1,1,0.9979302883148193,0.006994412746280432,0.9930055737495422,0.5140315294265747,0.03488299250602722,0.3367806077003479,0.9999881982803345,0.9999780654907227,0.9998624920845032
repeat1_fold3,MMdata_600.00s_0327_185444_2ml,270.0,54,120,0.45416666666666666,1,1,1,0.9970205426216125,0.00527263805270195,0.9947273135185242,0.5723734498023987,0.15842664241790771,0.32352548837661743,0.9999856948852539,0.999973714351654,0.999836266040802
repeat1_fold3,MMdata_600.00s_0327_185444_2ml,275.0,55,120,0.4625,1,1,1,0.9981191754341125,0.006075039505958557,0.9939249157905579,0.7377725839614868,0.5632321238517761,0.3241681456565857,0.9999680519104004,0.999937117099762,0.999665379524231
repeat1_fold3,MMdata_600.00s_0327_185444_2ml,280.0,56,120,0.4708333333333333,1,1,1,0.9956181049346924,0.017168274149298668,0.9828316569328308,0.5968207120895386,0.1941591501235962,0.38263559341430664,0.9998838901519775,0.9997689127922058,0.9989317059516907
repeat1_fold3,MMdata_600.00s_0327_185444_2ml,285.0,57,120,0.4791666666666667,1,1,1,0.9971970319747925,0.005468561314046383,0.9945313930511475,0.5406205654144287,0.09459751844406128,0.31708651781082153,0.9999809265136719,0.999963641166687,0.9997883439064026
repeat1_fold3,MMdata_600.00s_0327_185444_2ml,290.0,58,120,0.4875,1,1,1,0.9976688027381897,0.006522947456687689,0.9934770464897156,0.5777809619903564,0.16212573647499084,0.34932267665863037,0.9999798536300659,0.9999610781669617,0.9997791647911072
repeat1_fold3,MMdata_600.00s_0327_185444_2ml,295.0,59,120,0.49583333333333335,1,1,1,0.9980247020721436,0.006746906321495771,0.9932530522346497,0.5700867176055908,0.25574514269828796,0.15025758743286133,0.9999607801437378,0.9999227523803711,0.9995970726013184
repeat1_fold3,MMdata_600.00s_0327_185444_2ml,300.0,60,120,0.5041666666666667,1,1,1,0.9962083101272583,0.01555583719164133,0.9844441413879395,0.5265170931816101,0.053665995597839355,0.36596959829330444,0.9998955726623535,0.9997920989990234,0.999028742313385
repeat1_fold3,MMdata_600.00s_0327_185444_2ml,305.0,61,120,0.5125,1,1,1,0.9975172281265259,0.004169901832938194,0.9958301186561584,0.5146291255950928,0.2604231834411621,0.06372296810150146,0.9999915361404419,0.9999861121177673,0.9998975396156311
repeat1_fold3,MMdata_600.00s_0327_185444_2ml,310.0,62,120,0.5208333333333334,1,1,1,0.9972891807556152,0.009130476042628288,0.9908695220947266,0.6186882257461548,0.23971381783485413,0.38200145959854126,0.9999583959579468,0.9999178647994995,0.9995759129524231
repeat1_fold3,MMdata_600.00s_0327_185444_2ml,315.0,63,120,0.5291666666666667,1,1,1,0.997545063495636,0.006678455043584108,0.9933214783668518,0.5682825446128845,0.18664684891700745,0.236552894115448,0.9998824596405029,0.9997658133506775,0.9989204406738281
repeat1_fold3,MMdata_600.00s_0327_185444_2ml,320.0,64,120,0.5375,1,1,1,0.9953076243400574,0.01947435550391674,0.9805256724357605,0.5415345430374146,0.08350333571434021,0.36906713247299194,0.9998301267623901,0.9996611475944519,0.9984986782073975
repeat1_fold3,MMdata_600.00s_0327_185444_2ml,325.0,65,120,0.5458333333333333,1,1,1,0.9980859756469727,0.008267362602055073,0.9917325973510742,0.5071976184844971,0.0172538161277771,0.3531702160835266,0.9999878406524658,0.999977171421051,0.9998589158058167
repeat1_fold3,MMdata_600.00s_0327_185444_2ml,330.0,66,120,0.5541666666666667,1,1,1,0.9973964691162109,0.009647228755056858,0.9903528094291687,0.6128638386726379,0.2277117669582367,0.3811354637145996,0.9999687671661377,0.9999386668205261,0.9996718764305115
repeat1_fold3,MMdata_600.00s_0327_185444_2ml,335.0,67,120,0.5625,1,1,1,0.9979761242866516,0.0059044575318694115,0.9940955638885498,0.5237331986427307,0.20624306797981262,0.09414321184158325,0.9999620914459229,0.9999252557754517,0.9996094107627869
repeat1_fold3,MMdata_600.00s_0327_185444_2ml,340.0,68,120,0.5708333333333333,1,1,1,0.9959920048713684,0.018802639096975327,0.9811972975730896,0.587781548500061,0.17601647973060608,0.3799469470977783,0.9998524188995361,0.9997056126594543,0.9986764788627625
repeat1_fold3,MMdata_600.00s_0327_185444_2ml,345.0,69,120,0.5791666666666667,1,1,1,0.9979066848754883,0.0052785989828407764,0.9947214126586914,0.5803879499435425,0.1766628623008728,0.31935954093933105,0.9999903440475464,0.9999827742576599,0.9998853206634521
repeat1_fold3,MMdata_600.00s_0327_185444_2ml,350.0,70,120,0.5875,1,1,1,0.9973835349082947,0.007751574739813805,0.9922484159469604,0.6174449324607849,0.2384777069091797,0.37591761350631714,0.9999743700027466,0.999950110912323,0.9997255206108093
repeat1_fold3,MMdata_600.00s_0327_185444_2ml,355.0,71,120,0.5958333333333333,1,1,1,0.9982315897941589,0.006494690198451281,0.9935052394866943,0.6891980171203613,0.4552682638168335,0.27763432264328003,0.9999688863754272,0.9999389052391052,0.9996734857559204
repeat1_fold3,MMdata_600.00s_0327_185444_2ml,360.0,72,120,0.6041666666666666,1,1,1,0.9957751631736755,0.016503021121025085,0.9834970235824585,0.5837740898132324,0.16812929511070251,0.37790125608444214,0.9998643398284912,0.999729573726654,0.9987723231315613
repeat1_fold3,MMdata_600.00s_0327_185444_2ml,365.0,73,120,0.6125,1,1,1,0.9978873133659363,0.005259166471660137,0.9947408437728882,0.5440587401390076,0.10131010413169861,0.31823331117630005,0.9999896287918091,0.999981164932251,0.9998775720596313
repeat1_fold3,MMdata_600.00s_0327_185444_2ml,370.0,74,120,0.6208333333333333,1,1,1,0.9972902536392212,0.008526366204023361,0.9914736747741699,0.644426703453064,0.2920413017272949,0.3910216689109802,0.9999721050262451,0.9999455213546753,0.9997029900550842
repeat1_fold3,MMdata_600.00s_0327_185444_2ml,375.0,75,120,0.6291666666666667,1,1,1,0.9977954626083374,0.006661487277597189,0.9933385252952576,0.748212993144989,0.5583108067512512,0.3585546016693115,0.9999735355377197,0.9999485611915588,0.9997162818908691
repeat1_fold3,MMdata_600.00s_0327_185444_2ml,380.0,76,120,0.6375,1,1,1,0.9977952241897583,0.01313752494752407,0.9868624210357666,0.5744096636772156,0.1495952010154724,0.3740274906158447,0.999953031539917,0.9999067783355713,0.9995276927947998
repeat1_fold3,MMdata_600.00s_0327_185444_2ml,385.0,77,120,0.6458333333333334,1,1,1,0.9978535771369934,0.004313735291361809,0.9956862926483154,0.6273786425590515,0.30774280428886414,0.2602372169494629,0.9999910593032837,0.9999845623970032,0.9998931288719177
repeat1_fold3,MMdata_600.00s_0327_185444_2ml,390.0,78,120,0.6541666666666667,1,1,1,0.9974174499511719,0.007202231790870428,0.9927977919578552,0.5786546468734741,0.16171953082084656,0.3580828905105591,0.9999769926071167,0.9999553561210632,0.9997503757476807
repeat1_fold3,MMdata_600.00s_0327_185444_2ml,395.0,79,120,0.6625,1,1,1,0.9981697797775269,0.007047912571579218,0.9929520487785339,0.8806899785995483,0.7903341054916382,0.6070828437805176,0.9999798536300659,0.9999610185623169,0.9997786283493042
repeat1_fold3,MMdata_600.00s_0327_185444_2ml,400.0,80,120,0.6708333333333333,1,1,1,0.9951779842376709,0.020016364753246307,0.9799836277961731,0.5890416502952576,0.17848771810531616,0.38066422939300537,0.9998020529747009,0.9996048808097839,0.9982789158821106
repeat1_fold3,MMdata_600.00s_0327_185444_2ml,405.0,81,120,0.6791666666666667,1,1,1,0.997326135635376,0.006239852402359247,0.9937601685523987,0.5431175231933594,0.09435838460922241,0.3353345990180969,0.9999784231185913,0.9999583959579468,0.9997642040252686
repeat1_fold3,MMdata_600.00s_0327_185444_2ml,410.0,82,120,0.6875,1,1,1,0.9955350160598755,0.008834460750222206,0.9911655783653259,0.6424844861030579,0.28826072812080383,0.3895184397697449,0.9999377727508545,0.9998775124549866,0.9993869662284851
repeat1_fold3,MMdata_600.00s_0327_185444_2ml,415.0,83,120,0.6958333333333333,1,1,1,0.9968811273574829,0.006778618786484003,0.9932214021682739,0.620629072189331,0.3562932312488556,0.183945894241333,0.9999446868896484,0.9998912215232849,0.9994494318962097
repeat1_fold3,MMdata_600.00s_0327_185444_2ml,420.0,84,120,0.7041666666666667,1,1,1,0.9979776740074158,0.008101413026452065,0.9918985366821289,0.5818284749984741,0.1659361720085144,0.36843305826187134,0.9999805688858032,0.999962329864502,0.9997867941856384
repeat1_fold3,MMdata_600.00s_0327_185444_2ml,425.0,85,120,0.7125,1,1,1,0.9977783560752869,0.007568977307528257,0.9924310445785522,0.5100741982460022,0.023897647857666016,0.34922653436660767,0.9999862909317017,0.9999741315841675,0.9998429417610168
repeat1_fold3,MMdata_600.00s_0327_185444_2ml,430.0,86,120,0.7208333333333333,1,1,1,0.9966803789138794,0.008229984901845455,0.9917700290679932,0.6400349736213684,0.2837125360965729,0.38672304153442383,0.9999579191207886,0.9999173879623413,0.9995702505111694
repeat1_fold3,MMdata_600.00s_0327_185444_2ml,435.0,87,120,0.7291666666666666,1,1,1,0.9968504309654236,0.006673920433968306,0.9933260679244995,0.610142171382904,0.31785497069358826,0.19167882204055786,0.9999384880065918,0.9998785257339478,0.9993942975997925
repeat1_fold3,MMdata_600.00s_0327_185444_2ml,440.0,88,120,0.7375,1,1,1,0.9973226189613342,0.012895448133349419,0.9871045351028442,0.5687804222106934,0.13835695385932922,0.37242406606674194,0.9999386072158813,0.9998780488967896,0.9993981122970581
repeat1_fold3,MMdata_600.00s_0327_185444_2ml,445.0,89,120,0.7458333333333333,1,1,1,0.9978604912757874,0.007122052367776632,0.9928779006004333,0.5530228614807129,0.11028245091438293,0.3523937463760376,0.9999876022338867,0.9999768137931824,0.9998562932014465
repeat1_fold3,MMdata_600.00s_0327_185444_2ml,450.0,90,120,0.7541666666666667,1,1,1,0.9973057508468628,0.007066116202622652,0.9929338693618774,0.5938597321510315,0.19369056820869446,0.35687363147735596,0.9999735355377197,0.9999485611915588,0.9997174143791199
repeat1_fold3,MMdata_600.00s_0327_185444_2ml,455.0,91,120,0.7625,1,1,1,0.9976048469543457,0.007019262760877609,0.9929807186126709,0.6606758236885071,0.3979117274284363,0.2519984841346741,0.999953031539917,0.9999073147773743,0.9995259642601013
repeat1_fold3,MMdata_600.00s_0327_185444_2ml,460.0,92,120,0.7708333333333334,1,1,1,0.9975295662879944,0.005331044550985098,0.9946689009666443,0.5930583477020264,0.19363132119178772,0.35084640979766846,0.9999849796295166,0.9999715685844421,0.9998293519020081
repeat1_fold3,MMdata_600.00s_0327_185444_2ml,465.0,93,120,0.7791666666666667,1,1,1,0.9979673027992249,0.004324667155742645,0.995675265789032,0.577785074710846,0.2249266803264618,0.20846331119537354,0.9999884366989136,0.9999785423278809,0.999864935874939
repeat1_fold3,MMdata_600.00s_0327_185444_2ml,470.0,94,120,0.7875,1,1,1,0.9970048069953918,0.00759007828310132,0.9924099445343018,0.5970166325569153,0.19932034611701965,0.3606777787208557,0.9999548196792603,0.9999107718467712,0.9995422959327698
repeat1_fold3,MMdata_600.00s_0327_185444_2ml,475.0,95,120,0.7958333333333333,1,1,1,0.9976794123649597,0.008709876798093319,0.9912900924682617,0.9726344347000122,0.9525086283683777,0.871407687664032,0.9999874830245972,0.9999771118164062,0.9998544454574585
repeat1_fold3,MMdata_600.00s_0327_185444_2ml,480.0,96,120,0.8041666666666667,1,1,1,0.9979488253593445,0.007671629544347525,0.9923283457756042,0.599679708480835,0.20186811685562134,0.3734210133552551,0.999977707862854,0.999956488609314,0.9997586607933044
repeat1_fold3,MMdata_600.00s_0327_185444_2ml,485.0,97,120,0.8125,1,1,1,0.9980124235153198,0.005949162412434816,0.9940508008003235,0.5756802558898926,0.15961062908172607,0.3425113558769226,0.9999849796295166,0.999971330165863,0.9998307824134827
repeat1_fold3,MMdata_600.00s_0327_185444_2ml,490.0,98,120,0.8208333333333333,1,1,1,0.9970487952232361,0.009306082502007484,0.990693986415863,0.6373040080070496,0.27728238701820374,0.3894581198692322,0.9999452829360962,0.9998915791511536,0.9994563460350037
repeat1_fold3,MMdata_600.00s_0327_185444_2ml,495.0,99,120,0.8291666666666667,1,1,1,0.9969044327735901,0.006674062926322222,0.99332594871521,0.6470831036567688,0.38415661454200745,0.22665822505950928,0.9999316930770874,0.9998648166656494,0.999335765838623
repeat1_fold3,MMdata_600.00s_0327_185444_2ml,500.0,100,120,0.8375,1,1,1,0.9939163327217102,0.01849406212568283,0.9815058708190918,0.6111290454864502,0.22267761826515198,0.3887510895729065,0.9997615218162537,0.9995239973068237,0.9979668855667114
repeat1_fold3,MMdata_600.00s_0327_185444_2ml,505.0,101,120,0.8458333333333333,1,1,1,0.9979774355888367,0.004836707841604948,0.9951633214950562,0.5894783139228821,0.2084013819694519,0.2872873544692993,0.999988317489624,0.9999783635139465,0.9998642802238464
repeat1_fold3,MMdata_600.00s_0327_185444_2ml,510.0,102,120,0.8541666666666666,1,1,1,0.9974421262741089,0.011133762076497078,0.9888662695884705,0.6814185976982117,0.36429890990257263,0.42188525199890137,0.9999642372131348,0.9999295473098755,0.9996296763420105
repeat1_fold3,MMdata_600.00s_0327_185444_2ml,515.0,103,120,0.8625,1,1,1,0.995540201663971,0.0066899764351546764,0.9933099746704102,0.46762582659721375,0.03280642628669739,0.1401810646057129,0.9999010562896729,0.9998041391372681,0.9990701675415039
repeat1_fold3,MMdata_600.00s_0327_185444_2ml,520.0,104,120,0.8708333333333333,1,1,1,0.9979732632637024,0.008674591779708862,0.9913254380226135,0.6247336864471436,0.2513062655925751,0.3871234059333801,0.9999812841415405,0.9999638199806213,0.9997939467430115
repeat1_fold3,MMdata_600.00s_0327_185444_2ml,525.0,105,120,0.8791666666666667,1,1,1,0.9974159002304077,0.0048383972607553005,0.9951615929603577,0.5056554079055786,0.0252610445022583,0.31130796670913696,0.9999872446060181,0.999976634979248,0.9998525977134705
repeat1_fold3,MMdata_600.00s_0327_185444_2ml,530.0,106,120,0.8875,1,1,1,0.9964524507522583,0.008930523879826069,0.9910694360733032,0.676490068435669,0.35592740774154663,0.4117414951324463,0.9999538660049438,0.9999092817306519,0.9995328187942505
repeat1_fold3,MMdata_600.00s_0327_185444_2ml,535.0,107,120,0.8958333333333334,1,1,1,0.9978051781654358,0.0068961200304329395,0.9931038022041321,0.8603224754333496,0.7511166334152222,0.5652263164520264,0.9999783039093018,0.9999581575393677,0.999763548374176
repeat1_fold3,MMdata_600.00s_0327_185444_2ml,540.0,108,120,0.9041666666666667,1,1,1,0.9979872703552246,0.015521146357059479,0.984478771686554,0.610637903213501,0.22180768847465515,0.3878626227378845,0.9999681711196899,0.9999372959136963,0.9996676445007324
repeat1_fold3,MMdata_600.00s_0327_185444_2ml,545.0,109,120,0.9125,1,1,1,0.998024582862854,0.006382735911756754,0.9936172962188721,0.5159841775894165,0.04163631796836853,0.32638615369796753,0.9999805688858032,0.9999622702598572,0.9997864365577698
repeat1_fold3,MMdata_600.00s_0327_185444_2ml,550.0,110,120,0.9208333333333333,1,1,1,0.9953994154930115,0.010928185656666756,0.9890718460083008,0.7042298316955566,0.4100720286369324,0.43815577030181885,0.9999364614486694,0.9998748898506165,0.9993758797645569
repeat1_fold3,MMdata_600.00s_0327_185444_2ml,555.0,111,120,0.9291666666666667,1,1,1,0.9974300265312195,0.009227797389030457,0.9907722473144531,0.9777274131774902,0.9606345295906067,0.8918309211730957,0.9999860525131226,0.9999741911888123,0.9998400807380676
repeat1_fold3,MMdata_600.00s_0327_185444_2ml,560.0,112,120,0.9375,1,1,1,0.9977331161499023,0.013252626173198223,0.9867473840713501,0.6403206586837769,0.281277060508728,0.4011557698249817,0.9999775886535645,0.9999563097953796,0.9997566342353821
repeat1_fold3,MMdata_600.00s_0327_185444_2ml,565.0,113,120,0.9458333333333333,1,1,1,0.997474730014801,0.005611222703009844,0.9943887591362,0.5767019987106323,0.1683443784713745,0.32099002599716187,0.9999686479568481,0.9999385476112366,0.9996713399887085
repeat1_fold3,MMdata_600.00s_0327_185444_2ml,570.0,114,120,0.9541666666666667,1,1,1,0.99732506275177,0.00999568123370409,0.9900043606758118,0.6596465706825256,0.3215983510017395,0.4037194848060608,0.9999595880508423,0.9999203085899353,0.9995867013931274
repeat1_fold3,MMdata_600.00s_0327_185444_2ml,575.0,115,120,0.9625,1,1,1,0.9915008544921875,0.006671790033578873,0.9933282136917114,0.7489503622055054,0.5500316619873047,0.3703612685203552,0.9997879862785339,0.999579668045044,0.9981578588485718
repeat1_fold3,MMdata_600.00s_0327_185444_2ml,580.0,116,120,0.9708333333333333,1,1,1,0.9981021285057068,0.0099744638428092,0.990025520324707,0.61055588722229,0.22256538271903992,0.38278818130493164,0.9999816417694092,0.9999644756317139,0.9997974634170532
repeat1_fold3,MMdata_600.00s_0327_185444_2ml,585.0,117,120,0.9791666666666666,1,1,1,0.9979939460754395,0.008813700638711452,0.9911863207817078,0.6083840727806091,0.21906602382659912,0.37779390811920166,0.9999700784683228,0.9999411106109619,0.999685525894165
repeat1_fold3,MMdata_600.00s_0327_185444_2ml,590.0,118,120,0.9875,1,1,1,0.9978237152099609,0.01003432460129261,0.9899656772613525,0.6126905083656311,0.2280639410018921,0.3778120279312134,0.9999589920043945,0.9999189376831055,0.9995821118354797
repeat1_fold3,MMdata_600.00s_0327_185444_2ml,595.0,119,120,0.9958333333333333,1,1,1,0.9977362155914307,0.008386732079088688,0.9916132688522339,0.9634502530097961,0.933548629283905,0.8414784669876099,0.9999866485595703,0.9999749064445496,0.9998467564582825
