session,window_index,start_sec,expected_label,board_label,board_prob_argmax,local_label,local_prob_argmax,prediction_matches_board,board_prob_0,local_prob_0,delta_prob_0,board_relative_logit_0,local_relative_logit_0,delta_relative_logit_0,board_prob_2,local_prob_2,delta_prob_2,board_relative_logit_2,local_relative_logit_2,delta_relative_logit_2,board_prob_4,local_prob_4,delta_prob_4,board_relative_logit_4,local_relative_logit_4,delta_relative_logit_4
MMdata_1136.50s_0327_183428_2ml,0,0.0,2,4,4,2,2,0,0.00016504491213709116,0.0006906616617925465,0.0005256167496554554,-4.27390893445336,-2.9127749358120534,1.3611339986413062,0.010188953951001167,0.9963229894638062,0.986134035512805,-0.15106709960352038,4.361401766549745,4.512468866153266,0.9896460175514221,0.0029863230884075165,-0.9866596944630146,4.424976034056879,-1.448626830737692,-5.873602864794571
MMdata_1136.50s_0327_183428_2ml,1,5.0,2,4,4,2,2,0,7.333025860134512e-05,0.0006587784737348557,0.0005854482151335105,-4.493052954792991,-3.047377551530965,1.445675403262026,0.0038565665017813444,0.9952681660652161,0.9914115995634347,-0.5304937241327963,4.273002619123496,4.803496343256293,0.996070146560669,0.00407301913946867,-0.9919971274212003,5.023546678925788,-1.2256250675925306,-6.249171746518319
MMdata_1136.50s_0327_183428_2ml,2,10.0,2,4,4,2,2,0,7.611007458763197e-05,0.0006016832194291055,0.0005255731448414735,-4.4933026799584415,-3.306985690290266,1.1863169896681756,0.004158887080848217,0.9919706583023071,0.9878117712214589,-0.4924805334141711,4.100732023978054,4.593212557392225,0.995764970779419,0.007427691947668791,-0.9883372788317502,4.9857832133726125,-0.7937463336877864,-5.779529547060399
MMdata_1136.50s_0327_183428_2ml,3,15.0,2,4,4,2,2,0,9.10798626136966e-05,0.0007131184102036059,0.0006220385475899093,-4.423697160251039,-2.9312070238485166,1.4924901364025223,0.004836731124669313,0.9959207773208618,0.9910840461961925,-0.45143950896311846,4.310568488869666,4.762007997832784,0.9950721859931946,0.0033660426270216703,-0.9917061433661729,4.8751366692141564,-1.3793614650211499,-6.254498134235306
MMdata_1136.50s_0327_183428_2ml,4,20.0,2,4,4,2,2,0,0.00017737914458848536,0.0006605786620639265,0.0004831995174754411,-4.2617711878340465,-3.135107123063124,1.1266640647709227,0.011361525394022465,0.9940043091773987,0.9826427837833762,-0.10207272838712722,4.181273486161484,4.283346214548612,0.9884611368179321,0.005335068330168724,-0.9831260684877634,4.363843916221175,-1.0461663630983606,-5.410010279319535
MMdata_1136.50s_0327_183428_2ml,5,25.0,2,4,4,2,2,0,7.646503217983991e-05,0.000658179575111717,0.0005817145429318771,-4.498773588714562,-3.1031737386134743,1.395599850101088,0.0042677028104662895,0.9945317506790161,0.9902640478685498,-0.47677615139833573,4.2173757598304284,4.694151911228764,0.9956557750701904,0.004809986334294081,-0.9908457887358963,4.975549740112897,-1.114202021216954,-6.089751761329851
MMdata_1136.50s_0327_183428_2ml,6,30.0,2,4,4,2,2,0,7.62939962442033e-05,0.0006198091432452202,0.0005435151470010169,-4.478070606098062,-3.349391098995727,1.1286795071023352,0.003991674166172743,0.9904148578643799,0.9864231836982071,-0.5206988427092023,4.0270764865134305,4.547775329222633,0.9959320425987244,0.008965304121375084,-0.9869667384773493,4.998769448807265,-0.6776853875177027,-5.676454836324968
MMdata_1136.50s_0327_183428_2ml,7,35.0,2,4,4,2,2,0,8.859562512952834e-05,0.0007385874050669372,0.0006499917799374089,-4.4204877730906755,-2.80097797702493,1.6195097960657456,0.004531227983534336,0.9968206882476807,0.9922894602641463,-0.4858219919270619,4.4066087546057435,4.892430746532805,0.995380163192749,0.0024408134631812572,-0.9929393497295678,4.906309765017737,-1.6056307775808127,-6.51194054259855
MMdata_1136.50s_0327_183428_2ml,8,40.0,2,4,4,2,2,0,0.0001743265165714547,0.0006628455594182014,0.0004885190428467467,-4.255495698263782,-3.167376075567905,1.088119622695877,0.010762615129351616,0.9934159517288208,0.9826533365994692,-0.13259192506430217,4.14498664267161,4.277578567735913,0.9890630841255188,0.005921277683228254,-0.9831418064422905,4.388087623328086,-0.9776105671037065,-5.365698190431792
MMdata_1136.50s_0327_183428_2ml,9,45.0,2,4,4,2,2,0,7.708474004175514e-05,0.000671408895868808,0.0005943241558270529,-4.489648153365355,-2.9302439603214365,1.5594041930439184,0.004219832830131054,0.9963546991348267,0.9921348663046956,-0.48700269758121006,4.372236302289389,4.859238999870599,0.9957030415534973,0.002973901340737939,-0.9927291402127594,4.976650850946566,-1.4419923419679517,-6.418643192914518
MMdata_1136.50s_0327_183428_2ml,10,50.0,2,4,4,2,2,0,7.212186028482392e-05,0.0006296819192357361,0.0005575600589509122,-4.4911607329479954,-3.3623143317985926,1.1288464011494028,0.0037088387180119753,0.9897448420524597,0.9860360033344477,-0.5510438326597429,3.997673320008537,4.54871715266828,0.9962190985679626,0.009625490754842758,-0.9865936078131199,5.042204565607739,-0.6353589882099433,-5.6775635538176825
MMdata_1136.50s_0327_183428_2ml,11,55.0,2,4,4,2,2,0,8.188045467250049e-05,0.0008301421767100692,0.0007482617220375687,-4.42524703812708,-2.7960731955426077,1.6291738425844722,0.003923599608242512,0.9961292743682861,0.9922056747600436,-0.5557425729738403,4.293962142782137,4.849704715755977,0.9959944486618042,0.003040512092411518,-0.9929539365693927,4.980989611100919,-1.49788894723953,-6.478878558340449
MMdata_1136.50s_0327_183428_2ml,12,60.0,2,4,4,2,2,0,0.00018380465917289257,0.000672333815600723,0.0004885291564278305,-4.238387725469763,-2.996976681130266,1.2414110443394968,0.011373304761946201,0.9956821203231812,0.984308815561235,-0.1132370834193166,4.303451681603385,4.416688765022702,0.9884428381919861,0.0036455285735428333,-0.9847973096184433,4.35162480888908,-1.3064750004731183,-5.658099809362199
MMdata_1136.50s_0327_183428_2ml,13,65.0,2,4,4,2,2,0,7.094888132996857e-05,0.0007174845086410642,0.0006465356273110956,-4.499468475941053,-2.8146455263057097,1.6848229496353433,0.003679645946249366,0.9968829154968262,0.9932032695505768,-0.5508562961271846,4.421991722271877,4.972848018399062,0.9962493777275085,0.0023995840456336737,-0.9938497936818749,5.050324772068237,-1.6073461959661683,-6.657670968034405
MMdata_1136.50s_0327_183428_2ml,14,70.0,2,4,4,2,2,0,7.63994175940752e-05,0.0006117894663475454,0.0005353900487534702,-4.475012815084578,-3.2416359930199077,1.2333768220646704,0.003966060932725668,0.993083119392395,0.9891170584596694,-0.5254592153785866,4.150545437742471,4.6760046531210575,0.9959575533866882,0.006305104121565819,-0.9896524492651224,5.000472030463166,-0.9089094447225623,-5.909381475185728
MMdata_1136.50s_0327_183428_2ml,15,75.0,2,4,4,2,2,0,8.296408486785367e-05,0.0009609229164198041,0.0008779588315519504,-4.42212611637857,-2.880358826203487,1.5417672901750832,0.003990874160081148,0.9937806725502014,0.9897897983901203,-0.5487683444652971,4.0610187898190695,4.609787134284367,0.9959261417388916,0.005258457735180855,-0.9906676840037107,4.970894460843867,-1.1806599636155823,-6.15155442445945
MMdata_1136.50s_0327_183428_2ml,16,80.0,2,4,4,2,2,0,0.00016269719344563782,0.0006726411520503461,0.0005099439586047083,-4.265467801664499,-3.0611613927872314,1.204306408877268,0.009648269042372704,0.9949002861976624,0.9852520171552896,-0.18282476147132698,4.238024422478403,4.42084918394973,0.9901890158653259,0.004427145700901747,-0.9857618701644242,4.448292563135825,-1.176863029691173,-5.6251555928269985
MMdata_1136.50s_0327_183428_2ml,17,85.0,2,4,4,2,2,0,5.7764580560615286e-05,0.0006616607424803078,0.0006038961619196925,-4.49897796359293,-3.0734262351300075,1.4255517284629224,0.0024324841797351837,0.9948940277099609,0.9924615435302258,-0.7586854480348872,4.242212319541739,5.000897767576626,0.9975097179412842,0.004444368649274111,-0.9930653492920101,5.257663411627817,-1.1687860844117317,-6.426449496039549
MMdata_1136.50s_0327_183428_2ml,18,90.0,2,4,4,2,2,0,6.026102346368134e-05,0.0006171184359118342,0.0005568574124481529,-4.537063084351032,-3.366413878321201,1.1706492060298306,0.0029693071264773607,0.9900258779525757,0.9870565708260983,-0.6396646882072199,4.014011522833266,4.6536762110404855,0.9969704151153564,0.009356973692774773,-0.9876134414225817,5.176727772558251,-0.6475976445120644,-5.824325417070315
MMdata_1136.50s_0327_183428_2ml,19,95.0,2,4,4,2,2,0,9.126790973823518e-05,0.000810567697044462,0.0007192997873062268,-4.4099947799528545,-2.715454429010438,1.6945403509424164,0.004660299979150295,0.9969151020050049,0.9922548020258546,-0.4769589260047056,4.399231600125271,4.876190526129976,0.9952484965324402,0.0022742648143321276,-0.9929742317181081,4.886953705957559,-1.6837771711148317,-6.570730877072391
MMdata_1136.50s_0327_183428_2ml,20,100.0,2,4,4,2,2,0,0.00016665086150169373,0.0007176861399784684,0.0005510352784767747,-4.242285719338549,-2.8949114707831916,1.347374248555357,0.009440860711038113,0.9962257146835327,0.9867848539724946,-0.20538426160612744,4.340785318747621,4.546169580353748,0.9903925657272339,0.0030566351488232613,-0.9873359305784106,4.447669980944677,-1.4458738479644309,-5.893543828909108
MMdata_1136.50s_0327_183428_2ml,21,105.0,2,4,4,2,2,0,7.946960249682888e-05,0.0006357774254865944,0.0005563078229897656,-4.483382221963378,-3.0188235639678487,1.4645586579955294,0.00440227659419179,0.9958842396736145,0.9914819630794227,-0.4688797181075808,4.337714198453798,4.806593916561379,0.9955182671546936,0.0034799787681549788,-0.9920382883865386,4.952261940070957,-1.3188906344859506,-6.271152574556908
MMdata_1136.50s_0327_183428_2ml,22,110.0,2,4,4,2,2,0,5.124761810293421e-05,0.0006401437567546964,0.0005888961386517622,-4.5629981197574,-3.3865824559293434,1.1764156638280565,0.0023197061382234097,0.9886487126350403,0.9863290064968169,-0.7504714685767171,3.9558191260148354,4.706290594591552,0.9976291060447693,0.010711128823459148,-0.9869179772213101,5.313469588334117,-0.5692366700854925,-5.88270625841961
MMdata_1136.50s_0327_183428_2ml,23,115.0,2,4,4,2,2,0,7.952682062750682e-05,0.0007942640804685652,0.0007147372598410584,-4.420977475884205,-2.7279853788613124,1.6929920970228922,0.0036531684454530478,0.9969384670257568,0.9932852985803038,-0.5937216697615071,4.407042949051158,5.000764618812665,0.9962673783302307,0.0022672973573207855,-0.9940000809729099,5.014699145645712,-1.6790575701898458,-6.6937567158355575
MMdata_1136.50s_0327_183428_2ml,24,120.0,2,4,4,2,2,0,0.00016998937644530088,0.0006934304255992174,0.0005234410491539165,-4.232703683548581,-3.018534426117232,1.2141692574313492,0.009545599110424519,0.9951674938201904,0.9856218947097659,-0.20460412601971356,4.250481000209399,4.455085126229113,0.9902843832969666,0.004139121156185865,-0.9861452621407807,4.437307809568293,-1.2319465740921691,-5.669254383660462
MMdata_1136.50s_0327_183428_2ml,25,125.0,2,4,4,2,2,0,8.222425094572827e-05,0.0006608355324715376,0.0005786112815258093,-4.480733253927318,-2.901056051658136,1.579677202269182,0.004676756449043751,0.9967005848884583,0.9920238284394145,-0.4398234539627124,4.417644643461082,4.857468097423794,0.9952410459518433,0.002638517413288355,-0.9926025285385549,4.92055670789003,-1.5165885918029458,-6.437145299692975
MMdata_1136.50s_0327_183428_2ml,26,130.0,2,4,4,2,2,0,6.164252408780158e-05,0.0006057670107111335,0.0005441244866233319,-4.5285864290713524,-3.3405589934161597,1.1880274356551928,0.003029183018952608,0.9910599589347839,0.9880307759158313,-0.6338901561082304,4.059475880163912,4.693366036272143,0.9969092011451721,0.008334322832524776,-0.9885748783126473,5.162476585179582,-0.7189168867477527,-5.881393471927335
MMdata_1136.50s_0327_183428_2ml,27,135.0,2,4,4,2,2,0,0.00010256631503580138,0.000738617149181664,0.0006360508341458626,-4.392870428279632,-2.9616528157430633,1.4312176125365683,0.005596153903752565,0.9953025579452515,0.9897064040414989,-0.3935451557536558,4.244369511866536,4.6379146676201914,0.9943013191223145,0.003958877641707659,-0.9903424414806068,4.786415584033288,-1.2827166961234733,-6.0691322801567615
MMdata_1136.50s_0327_183428_2ml,28,140.0,2,4,4,2,2,0,0.0001591335458215326,0.0006876321276649833,0.0005284985818434507,-4.251171580743515,-3.065221997370175,1.1859495833733398,0.008835447020828724,0.9946277737617493,0.9857923267409205,-0.23438836120441575,4.211647855287117,4.446036216491533,0.9910054206848145,0.004684667102992535,-0.9863207535818219,4.485559941947929,-1.14642585791694,-5.631985799864869
MMdata_1136.50s_0327_183428_2ml,29,145.0,2,4,4,2,2,0,7.653169450350106e-05,0.0007393484702333808,0.0006628167757298797,-4.485797862482749,-2.7922295856948587,1.6935682767878903,0.004111279733479023,0.9968782663345337,0.9927669866010547,-0.5020131950483497,4.414385003081205,4.916398198129555,0.9958121180534363,0.002382352016866207,-0.9934297660365701,4.987811057531098,-1.622155417386348,-6.609966474917446
MMdata_1136.50s_0327_183428_2ml,30,150.0,2,4,4,2,2,0,6.787597521906719e-05,0.0005942906136624515,0.0005264146384433843,-4.516010134394334,-3.293018988882314,1.2229911455120206,0.003538637887686491,0.9924601912498474,0.9889215533621609,-0.5621951258213347,4.127554743975256,4.68974986979659,0.9963935017585754,0.006945516914129257,-0.9894479848444462,5.078205260215671,-0.8345357550929435,-5.912741015308614
MMdata_1136.50s_0327_183428_2ml,31,155.0,2,4,4,2,2,0,0.00010738633864093572,0.0009390586637891829,0.0008316723251482472,-4.390421711619797,-2.757677326106272,1.6327443855135249,0.00609265873208642,0.9955917000770569,0.9894990413449705,-0.3520148460209933,4.208537234724891,4.560552080745884,0.9937999844551086,0.0034692557528615,-0.9903307287022471,4.74243655764079,-1.4508599086186198,-6.19329646625941
MMdata_1136.50s_0327_183428_2ml,32,160.0,2,4,4,2,2,0,0.00018339809321332723,0.0006625336245633662,0.00047913553135003895,-4.236554157891293,-2.9806102176934974,1.2559439401977954,0.011259632185101509,0.9959681034088135,0.984708471223712,-0.11923408524709966,4.334788983040146,4.4540230682872455,0.988556981086731,0.003369443118572235,-0.9851875379681587,4.355788243138392,-1.3541787653466475,-5.709967008485039
MMdata_1136.50s_0327_183428_2ml,33,165.0,2,4,4,2,2,0,7.473070581909269e-05,0.000762327981647104,0.0006875972758280113,-4.4888261202110895,-3.3104527719449344,1.1783733482661551,0.003955205902457237,0.9871304631233215,0.9831752572208643,-0.5199292428810534,3.8557278340273946,4.375657076908448,0.9959701299667358,0.012107187882065773,-0.9838629420846701,5.0087553630921455,-0.5452750620824593,-5.554030425174605
MMdata_1136.50s_0327_183428_2ml,34,170.0,2,4,4,2,2,0,7.066053512971848e-05,0.0005861060926690698,0.0005154455575393513,-4.495306925718881,-3.2779506003320087,1.2173563253868727,0.003604240482673049,0.9929602742195129,0.9893560337368399,-0.5633277978220681,4.156994517373201,4.720322315195269,0.9963250756263733,0.006453691050410271,-0.989871384575963,5.0586347235409495,-0.8790439170411934,-5.937678640582143
MMdata_1136.50s_0327_183428_2ml,35,175.0,2,4,4,2,2,0,9.102263720706105e-05,0.0008010510355234146,0.0007100283983163536,-4.409549378106088,-2.845554971642751,1.5639944064633369,0.004628949332982302,0.9959140419960022,0.9912850926630199,-0.4805724187973768,4.279936598183304,4.760509016980681,0.9952800273895264,0.0032849214039742947,-0.9919951059855521,4.890121796903466,-1.4343816265405511,-6.324503423444017
MMdata_1136.50s_0327_183428_2ml,36,180.0,2,4,4,2,2,0,0.00017323806241620332,0.0007347034988924861,0.0005614654364762828,-4.27090569907776,-2.996922827985884,1.2739828710918761,0.011135722510516644,0.9949093461036682,0.9837736235931516,-0.10765896694413435,4.2140170596039335,4.321676026548068,0.988690972328186,0.004355939570814371,-0.9843350327573717,4.378564666021895,-1.2170942316180495,-5.595658897639945
MMdata_1136.50s_0327_183428_2ml,37,185.0,2,4,4,2,2,0,8.03659568191506e-05,0.0006565813673660159,0.0005762154105468653,-4.48786481464893,-3.0535509213581733,1.4343138932907564,0.004563842434436083,0.9952217936515808,0.9906579512171447,-0.4485352916996792,4.270123350920394,4.718658642620073,0.9953558444976807,0.004121717065572739,-0.9912341274321079,4.93640010634861,-1.2165724295622198,-6.15297253591083
MMdata_1136.50s_0327_183428_2ml,38,190.0,2,4,4,2,2,0,6.246502016438171e-05,0.0005957609391771257,0.000533295919012744,-4.5371802736068805,-3.311095945218077,1.2260843283888034,0.003192321863025427,0.9920321702957153,0.9888398484326899,-0.6032832085340898,4.106575392420185,4.709858600954274,0.996745228767395,0.007372085936367512,-0.9893731428310275,5.14046348214097,-0.7954794472021085,-5.935942929343079
MMdata_1136.50s_0327_183428_2ml,39,195.0,2,4,4,2,2,0,0.00011110796185676008,0.000983047066256404,0.0008719391043996438,-4.363435456250332,-2.7668517698287305,1.5965836864216012,0.006014599930495024,0.9951070547103882,0.9890924547798932,-0.3719926999795531,4.153096833976988,4.525089533956541,0.9938742518424988,0.0039098868146538734,-0.9899643650278449,4.735428156229884,-1.3862450641482589,-6.121673220378143
MMdata_1136.50s_0327_183428_2ml,40,200.0,2,4,4,2,2,0,0.00018700466898735613,0.0006766995065845549,0.0004896948375971988,-4.2570010818299835,-3.0676036920257657,1.1893973898042178,0.012462633661925793,0.9947545528411865,0.9822919191792607,-0.057644526877671076,4.225420299034242,4.2830648259119135,0.9873504042625427,0.004568838980048895,-0.9827815652824938,4.314645608707653,-1.1578166070084777,-5.4724622157161305
MMdata_1136.50s_0327_183428_2ml,41,205.0,2,4,4,2,2,0,7.578864460811019e-05,0.0008279022295027971,0.0007521135848946869,-4.492933154168152,-3.3794118585195783,1.1135212956485736,0.00411909818649292,0.9815099239349365,0.9773908257484436,-0.4974920967025751,3.698540478013578,4.196032574716153,0.9958051443099976,0.017662134021520615,-0.9781430102884769,4.990425250870726,-0.3191286194940002,-5.309553870364726
MMdata_1136.50s_0327_183428_2ml,42,210.0,2,4,4,2,2,0,5.4594085668213665e-05,0.0005947853205725551,0.0005401912349043414,-4.556993177984611,-3.3049659603613737,1.2520272176232377,0.0025862506590783596,0.9921923279762268,0.9896060773171484,-0.698954249874224,4.114505751442665,4.813460001316889,0.9973590970039368,0.007212902419269085,-0.9901461945846677,5.2559474278588345,-0.8095397910812903,-6.065487218940125
MMdata_1136.50s_0327_183428_2ml,43,215.0,2,4,4,2,2,0,0.00012739583326037973,0.0008107550675049424,0.0006833592342445627,-4.353907859963666,-2.736889715244649,1.617018144719017,0.007697623688727617,0.9967623949050903,0.9890647712163627,-0.2525399482466142,4.377411989682079,4.629951937928693,0.9921749234199524,0.002426811261102557,-0.9897481121588498,4.606447808210279,-1.640522274437429,-6.246970082647708
MMdata_1136.50s_0327_183428_2ml,44,220.0,2,4,4,2,2,0,0.00017644614854361862,0.0006682477542199194,0.0004918016056763008,-4.265449047911699,-2.9293696294681224,1.3360794184435765,0.011367102153599262,0.996393620967865,0.9850265188142657,-0.09998608382576801,4.377869036477029,4.477855120302797,0.9884564876556396,0.0029381318017840385,-0.9855183558538556,4.365435131737466,-1.4484994070089083,-5.813934538746374
MMdata_1136.50s_0327_183428_2ml,45,225.0,2,4,4,2,2,0,7.69199468777515e-05,0.0006519408780150115,0.00057502093113726,-4.468202777987457,-3.023748545505293,1.4444542324821645,0.003938881680369377,0.9956334233283997,0.9916945416480303,-0.5323158835581427,4.3074319945236885,4.839747878081831,0.9959841966629028,0.003714572871103883,-0.992269623791799,5.000518661545599,-1.2836834490183957,-6.284202110563995
MMdata_1136.50s_0327_183428_2ml,46,230.0,2,4,4,2,2,0,4.08354499086272e-05,0.0005806420231238008,0.0005398065732151736,-4.597939122110872,-3.2557411993652137,1.3421979227456582,0.0016344876494258642,0.9934968948364258,0.9918624071869999,-0.9084050266241883,4.189110588366292,5.09751561499048,0.9983246922492981,0.005922454409301281,-0.9924022378399968,5.506344148735058,-0.9333693890010784,-6.439713537736137
MMdata_1136.50s_0327_183428_2ml,47,235.0,2,4,4,2,2,0,0.00011730886035365984,0.0008485975558869541,0.0007312886955332942,-4.360156865273857,-2.7825441083845,1.5776127568893568,0.006643300410360098,0.9961005449295044,0.9894572445191443,-0.3236029851822302,4.285474319218505,4.609077304400735,0.9932394027709961,0.0030509214848279953,-0.9901884812861681,4.683759850456085,-1.5029302108340046,-6.18669006129009
MMdata_1136.50s_0327_183428_2ml,48,240.0,2,4,4,2,2,0,0.00017228822980541736,0.0006814583903178573,0.0005091701605124399,-4.266750505045601,-2.9783601655541716,1.2883903394914293,0.010874620638787746,0.9957771301269531,0.9849025094881654,-0.12173236247265962,4.308683387794707,4.4304157502673664,0.9889531135559082,0.0035413813311606646,-0.9854117322247475,4.388482867518262,-1.3303232222405361,-5.7188060897587984
MMdata_1136.50s_0327_183428_2ml,49,245.0,2,4,4,2,2,0,8.777462790021673e-05,0.0006822785944677889,0.0005945039665675722,-4.451145824263011,-3.096658296197612,1.3544875280653992,0.004877801053225994,0.9942476749420166,0.9893698738887906,-0.4334685136152734,4.187645257646558,4.6211137712618315,0.9950344562530518,0.005070067476481199,-0.9899643887765706,4.884614337878285,-1.0909869614489454,-5.975601299327231
MMdata_1136.50s_0327_183428_2ml,50,250.0,2,4,4,2,2,0,4.9345242587151006e-05,0.0005874168709851801,0.0005380716283980291,-4.57772365695659,-3.2803830881672367,1.2973405687893536,0.002247655065730214,0.9928820133209229,0.9906343582551926,-0.7589222579840786,4.152249289581329,4.911171547565408,0.9977030158042908,0.0065305838361382484,-0.9911724319681525,5.336645914940671,-0.8718662014140914,-6.208512116354762
MMdata_1136.50s_0327_183428_2ml,51,255.0,2,4,4,2,2,0,9.541564213577658e-05,0.0009314616909250617,0.0008360460487892851,-4.388863589225325,-2.6946193815456505,1.6942442076796747,0.004781233612447977,0.9962453246116638,0.9914640909992158,-0.47465224781926363,4.280374371568008,4.755026619387271,0.9951233267784119,0.002823180751875043,-0.9923001460265368,4.863515837044588,-1.5857549900223562,-6.449270827066944
MMdata_1136.50s_0327_183428_2ml,52,260.0,2,4,4,2,2,0,0.0001594786299392581,0.0007142135873436928,0.0005547349574044347,-4.273934567536869,-2.8431482330903446,1.4307863344465241,0.009507411159574986,0.9966952800750732,0.9871878689154983,-0.18601760370127796,4.3978700727582405,4.5838876764595184,0.9903331398963928,0.0025905058719217777,-0.987742634024471,4.459952171238147,-1.554721839667895,-6.014674010906042
MMdata_1136.50s_0327_183428_2ml,53,265.0,2,4,4,2,2,0,7.918993651401252e-05,0.0006208796985447407,0.0005416897620307282,-4.456167720565785,-3.0571215796683378,1.3990461408974468,0.004027116112411022,0.9956554174423218,0.9916283013299108,-0.5272111531832442,4.322897589598093,4.850108742781337,0.9958937168121338,0.003723736619576812,-0.992169980192557,4.983378873749028,-1.2657760099297546,-6.2491548836787825
MMdata_1136.50s_0327_183428_2ml,54,270.0,2,4,4,2,2,0,5.117944601806812e-05,0.000586096488405019,0.0005349170423869509,-4.574329368543878,-3.267225473097646,1.3071038954462315,0.002393714152276516,0.9931661486625671,0.9907724345102906,-0.7290658977625917,4.167943343831165,4.897009241593756,0.9975550770759583,0.006247845944017172,-0.9913072311319411,5.303395266306467,-0.9007178707335193,-6.204113137039986
MMdata_1136.50s_0327_183428_2ml,55,275.0,2,4,4,2,2,0,9.022150334203616e-05,0.0007971087470650673,0.0007068872437230311,-4.392966605473762,-2.9344552843925715,1.4585113210811906,0.004325792659074068,0.9949518442153931,0.990626051556319,-0.5228837240358963,4.195003217819133,4.7178869418550295,0.9955839514732361,0.00425095297396183,-0.9913329984992743,4.915850329509659,-1.2605479334265626,-6.176398262936222
MMdata_1136.50s_0327_183428_2ml,56,280.0,2,4,4,2,2,0,0.00015389091277029365,0.0007460631313733757,0.000592172218603082,-4.275673893734631,-2.8182980283178125,1.457375865416818,0.008893605321645737,0.9966301321983337,0.987736526876688,-0.2188300922220474,4.379026747922879,4.597856840144926,0.9909524917602539,0.0026238015852868557,-0.988328690174967,4.494503985956678,-1.5607287196050654,-6.055232705561743
MMdata_1136.50s_0327_183428_2ml,57,285.0,2,4,4,2,2,0,8.435886411461979e-05,0.0006475760601460934,0.0005632171960314736,-4.459180200192335,-3.000912354460633,1.4582678457317018,0.004614226520061493,0.9959312081336975,0.991316981613636,-0.4573605593697758,4.337284857499899,4.794645416869675,0.995301365852356,0.0034213007893413305,-0.9918800650630146,4.9165407595621105,-1.3363725030392644,-6.252913262601375
MMdata_1136.50s_0327_183428_2ml,58,290.0,2,4,4,2,2,0,5.7327666581841186e-05,0.0005668593221344054,0.0005095316555525642,-4.553669937354353,-3.1582275989091455,1.395442338445208,0.002824118360877037,0.9952274560928345,0.9924033377319574,-0.6565017716993182,4.312387826361872,4.96888959806119,0.9971185922622681,0.004205626435577869,-0.9929129658266902,5.210171709053672,-1.154160227452726,-6.364331936506398
MMdata_1136.50s_0327_183428_2ml,59,295.0,2,4,4,2,2,0,8.913047349778935e-05,0.0009592109126970172,0.0008700804391992278,-4.386530733439433,-2.628120585332238,1.7584101481071954,0.00414029648527503,0.996589183807373,0.992448887322098,-0.5481093449522101,4.317862345823122,4.865971690775332,0.9957705140113831,0.002451584441587329,-0.9933189295697957,4.934640078391644,-1.6897417604908842,-6.624381838882528
MMdata_1136.50s_0327_183428_2ml,60,300.0,2,4,4,2,2,0,0.00016369072545785457,0.0007338912691920996,0.000570200543734245,-4.261608454813848,-2.806738857047449,1.4548695977663986,0.009654107503592968,0.9968141913414001,0.9871600838378072,-0.18444853004984285,4.40721992374018,4.591668453790023,0.9901822209358215,0.002451900392770767,-0.9877303205430508,4.4460569848636915,-1.6004810666927298,-6.046538051556421
MMdata_1136.50s_0327_183428_2ml,61,305.0,2,4,4,2,2,0,7.812184048816562e-05,0.0006503594922833145,0.0005722376517951488,-4.463671347752172,-3.182093997375218,1.2815773503769536,0.004008361138403416,0.9933918118476868,0.9893834507092834,-0.5258032701418536,4.149261166636207,4.675064436778061,0.9959134459495544,0.005957773420959711,-0.9899556725285947,4.989474617894026,-0.9671671692609882,-5.956641787155014
MMdata_1136.50s_0327_183428_2ml,62,310.0,2,4,4,2,2,0,6.622303044423461e-05,0.0005674784770235419,0.0005012554465793073,-4.512906195479801,-3.208450667786882,1.3044555276929195,0.0033364847768098116,0.9945288300514221,0.9911923452746123,-0.5932614201185853,4.260370875876087,4.8536322959946725,0.9965973496437073,0.004903641063719988,-0.9916937085799873,5.106167615598386,-1.0519202080892054,-6.158087823687591
MMdata_1136.50s_0327_183428_2ml,63,315.0,2,4,4,2,2,0,0.0001020114723360166,0.0017917708028107882,0.0016897593304747716,-4.38209595620627,-2.1574582490781378,2.2246377071281325,0.00535841379314661,0.9961228966712952,0.9907644828781486,-0.42075796089507556,4.163207984971121,4.583965945866197,0.9945395588874817,0.0020853003952652216,-0.9924542584922165,4.802853917101347,-2.0057497358929846,-6.808603652994331
MMdata_1136.50s_0327_183428_2ml,64,320.0,2,4,4,2,2,0,0.00016623192641418427,0.0006960993050597608,0.0005298673786455765,-4.2519437325114415,-2.9519233609398903,1.3000203715715513,0.00967185478657484,0.9958908557891846,0.9862190010026097,-0.1883523144526169,4.313977257241055,4.5023295716936715,0.9901618957519531,0.0034130506683140993,-0.986748845083639,4.440296046964059,-1.3620538963011652,-5.802349943265225
MMdata_1136.50s_0327_183428_2ml,65,325.0,2,4,4,2,2,0,8.434488700004295e-05,0.000674313516356051,0.000589968629356008,-4.4601590097991055,-2.987872613419407,1.4722863963796984,0.004626318346709013,0.9957576394081116,0.9911313210614026,-0.4555565432102169,4.309691399050974,4.765247942261191,0.9952893257141113,0.0035679589491337538,-0.9917213667649776,4.915715553009322,-1.321818785631569,-6.2375343386408915
MMdata_1136.50s_0327_183428_2ml,66,330.0,2,4,4,2,2,0,5.356300971470773e-05,0.0005673411651514471,0.0005137781554367393,-4.548266083283562,-3.20506599406103,1.343200089222532,0.0024247567635029554,0.9945811629295349,0.992156406166032,-0.7356383012261603,4.264050166694778,4.999688467920938,0.997521698474884,0.004851497244089842,-0.9926702012307942,5.283904384509723,-1.0589841726337479,-6.342888557143471
MMdata_1136.50s_0327_183428_2ml,67,335.0,2,4,4,2,2,0,0.00010050787386717275,0.0008566852775402367,0.000756177403673064,-4.381813819120756,-2.712947569089086,1.6688662500316704,0.005196361802518368,0.9966211318969727,0.9914247700944543,-0.4363358841519389,4.346107785765778,4.782443669917717,0.9947031140327454,0.0025221272371709347,-0.9921809867955744,4.818149703272695,-1.6331602166766919,-6.451309919949387
MMdata_1136.50s_0327_183428_2ml,68,340.0,2,4,4,2,2,0,0.00018895938410423696,0.0007796118734404445,0.0005906524893362075,-4.240817378246963,-2.8241329048801207,1.4166844733668427,0.012117286212742329,0.9963037967681885,0.9841865105554461,-0.07996114658113118,4.328878404326652,4.408839550907783,0.9876937866210938,0.0029166284948587418,-0.984777158126235,4.320778524828093,-1.5047454994465301,-5.825524024274623
MMdata_1136.50s_0327_183428_2ml,69,345.0,2,4,4,2,2,0,8.817786874715239e-05,0.0007628382882103324,0.00067466041946318,-4.460221087802947,-3.2406667295929674,1.2195543582099795,0.005059513729065657,0.9894266128540039,0.9843670991249382,-0.4105514414072431,3.9271680790292125,4.337719520436456,0.9948523640632629,0.009810528717935085,-0.9850418353453279,4.870772529210192,-0.686501349436246,-5.557273878646438
MMdata_1136.50s_0327_183428_2ml,70,350.0,2,4,4,2,2,0,5.0031299906549975e-05,0.0005683375056833029,0.0005183062057767529,-4.566978322568287,-3.1629341378748865,1.4040441846934009,0.002237270586192608,0.9951436519622803,0.9929063813760877,-0.7666152166905844,4.304992799275577,5.071608015966161,0.9977127313613892,0.004288065247237682,-0.9934246661141515,5.333593539258871,-1.1420586614006885,-6.475652200659559
MMdata_1136.50s_0327_183428_2ml,71,355.0,2,4,4,2,2,0,0.00010428707173559815,0.0008874628692865372,0.000783175797550939,-4.376119632048289,-2.6419307476774874,1.734188884370802,0.005501437000930309,0.9969258904457092,0.9914244534447789,-0.41050242370225654,4.382134282900998,4.792636706603255,0.9943943023681641,0.0021865798626095057,-0.9922077225055546,4.786622055750546,-1.7402035352235101,-6.526825590974056
MMdata_1136.50s_0327_183428_2ml,72,360.0,2,4,4,2,2,0,0.00018300802912563086,0.000726453261449933,0.0005434452323243022,-4.2573566557381435,-2.9654003890711884,1.291956266666955,0.011942019686102867,0.9954010248184204,0.9834590051323175,-0.07906815703874681,4.2573264388094865,4.336394595848233,0.9878750443458557,0.003872472560033202,-0.9840025717858225,4.336424812776891,-1.291926049738298,-5.628350862515189
MMdata_1136.50s_0327_183428_2ml,73,365.0,2,4,4,2,2,0,8.6925872892607e-05,0.0006872239173389971,0.0006002980444463901,-4.459400980715872,-2.9582945864396155,1.5011063942762561,0.004904003813862801,0.9959222078323364,0.9910182040184736,-0.42664944514431724,4.320469668382449,4.747119113526766,0.9950090646743774,0.0033906593453139067,-0.9916184053290635,4.886050425860189,-1.3621750819428327,-6.2482255078030216
MMdata_1136.50s_0327_183428_2ml,74,370.0,2,4,4,2,2,0,5.327114922692999e-05,0.0005610017688013613,0.0005077306195744313,-4.559829526878212,-3.120109586782992,1.4397199400952196,0.002483210526406765,0.9957669973373413,0.9932837868109345,-0.7179168521689974,4.36143492553823,5.0793517777072275,0.9974634647369385,0.00367206078954041,-0.9937914039473981,5.277746379047212,-1.2413253387552388,-6.519071717802451
MMdata_1136.50s_0327_183428_2ml,75,375.0,2,4,4,2,2,0,0.00012721236271318048,0.0008227445650845766,0.0006955322023713961,-4.354189093632534,-2.701384387818874,1.6528047058136597,0.007681822869926691,0.9969310164451599,0.9892491935752332,-0.25343478012413545,4.398406685593496,4.651841465717632,0.9921908974647522,0.002246228512376547,-0.9899446689523757,4.60762387375667,-1.6970222977746214,-6.304646171531291
MMdata_1136.50s_0327_183428_2ml,76,380.0,2,4,4,2,2,0,0.0001947101263795048,0.000733350170776248,0.0005386400443967432,-4.257016945474521,-2.821617465401949,1.4353994800725722,0.013526148162782192,0.9967064261436462,0.983180277980864,-0.016148874667793578,4.392970772388801,4.4091196470565945,0.9862791299819946,0.002560319844633341,-0.9837188101373613,4.273165820142315,-1.571353306986853,-5.844519127129168
MMdata_1136.50s_0327_183428_2ml,77,385.0,2,4,4,2,2,0,8.618207357358187e-05,0.000666099542286247,0.0005799174687126651,-4.463127120047015,-2.9361728365872013,1.5269542834598138,0.0048744771629571915,0.996354341506958,0.9914798643440008,-0.4278211838495798,4.374246279011359,4.802067462860939,0.9950394034385681,0.002979582641273737,-0.9920598207972944,4.890948303896594,-1.438073442424158,-6.329021746320752
MMdata_1136.50s_0327_183428_2ml,78,390.0,2,4,4,2,2,0,6.144946382846683e-05,0.0005702452035620809,0.000508795739733614,-4.530729971740452,-3.2132174098961253,1.3175125618443264,0.0030296591576188803,0.9944063425064087,0.9913766833487898,-0.6327396794430209,4.2506173374717955,4.883357016914816,0.996908962726593,0.005023508798331022,-0.991885453928262,5.163469651183471,-1.0373999275756702,-6.200869578759141
MMdata_1136.50s_0327_183428_2ml,79,395.0,2,4,4,2,2,0,0.0001080516231013462,0.0008148550987243652,0.000706803475623019,-4.363530192790325,-2.765061632070818,1.5984685607195068,0.0056879837065935135,0.9965169429779053,0.9908289592713118,-0.4000281904360108,4.3439494844486575,4.743977674884668,0.9942039847373962,0.002668265951797366,-0.9915357187855989,4.763558383226335,-1.5788878523778402,-6.342446235604175
MMdata_1136.50s_0327_183428_2ml,80,400.0,2,4,4,2,2,0,0.00019795612024609,0.000886138470377773,0.000688182350131683,-4.253381255699807,-2.7752040122931216,1.4781772434066855,0.013833588920533657,0.9958587288856506,0.982025139965117,-0.006571753352237586,4.249283450243745,4.255855203595982,0.9859684705734253,0.0032551635522395372,-0.9827133070211858,4.259953009052044,-1.474079437950623,-5.734032447002667
MMdata_1136.50s_0327_183428_2ml,81,405.0,2,4,4,2,2,0,7.873826689319685e-05,0.0006744485581293702,0.0005957102912361734,-4.4564580561234015,-3.0667821145491603,1.3896759415742412,0.003984606359153986,0.9947984218597412,0.9908138155005872,-0.5323935251900505,4.229617883904666,4.7620114090947165,0.9959366321563721,0.004527122247964144,-0.9914095099084079,4.988851581313451,-1.1628357693555067,-6.151687350668958
MMdata_1136.50s_0327_183428_2ml,82,410.0,2,4,4,2,2,0,5.386612247093581e-05,0.0005669888923875988,0.000513122769916663,-4.5458729793585,-3.2234957136487488,1.3223772657097514,0.002434760332107544,0.994310736656189,0.9918759763240814,-0.7347711296495278,4.245969622076545,4.9807407517260724,0.9975113868713379,0.005122313741594553,-0.9923890731297433,5.280644109008027,-1.0224739084277967,-6.303118017435824
MMdata_1136.50s_0327_183428_2ml,83,415.0,2,4,4,2,2,0,8.999506826512516e-05,0.0008322637877427042,0.000742268719477579,-4.38119797027029,-2.852116263864498,1.5290817064057922,0.004154080059379339,0.9955500364303589,0.9913959563709795,-0.5491065649541609,4.2347849568248535,4.783891521779014,0.9957558512687683,0.003617711830884218,-0.9921381394378841,4.930304535224449,-1.3826686929603555,-6.312973228184805
MMdata_1136.50s_0327_183428_2ml,84,420.0,2,4,4,2,2,0,0.00020611209038179368,0.0007943924865685403,0.0005882803961867467,-4.248248412591117,-2.8112851346684122,1.4369632779227048,0.014782166108489037,0.9962917566299438,0.9815095905214548,0.024508179031473176,4.322932632655566,4.298424453624093,0.9850116968154907,0.0029138056561350822,-0.9820978911593556,4.223740233559644,-1.5116474979871537,-5.735387731546798
MMdata_1136.50s_0327_183428_2ml,85,425.0,2,4,4,2,2,0,8.623240137239918e-05,0.0006969893584027886,0.0006107569570303895,-4.436380382874238,-2.907888318070187,1.528492064804051,0.004502200521528721,0.9963059425354004,0.9918037420138717,-0.48110481488845824,4.357151199620232,4.838256014508691,0.9954115748405457,0.002997085452079773,-0.9924144893884659,4.917485197762696,-1.4492628815500455,-6.366748079312742
MMdata_1136.50s_0327_183428_2ml,86,430.0,2,4,4,2,2,0,4.929726856062189e-05,0.0005636653513647616,0.0005143680828041397,-4.568370205601898,-3.1118953140582466,1.4564748915436514,0.002181068528443575,0.9958198070526123,0.9936387385241687,-0.7786686943050718,4.364965562774212,5.143634257079284,0.9977697134017944,0.0036165860947221518,-0.9941531273070723,5.34703889990697,-1.2530702487159662,-6.600109148622936
MMdata_1136.50s_0327_183428_2ml,87,435.0,2,4,4,2,2,0,9.567847155267373e-05,0.0007503111846745014,0.0006546327131218277,-4.376623448203813,-3.06144148723925,1.315181960964563,0.004633588250726461,0.9937299489974976,0.9890963607467711,-0.49652991662400936,4.1272912470212955,4.623821163645305,0.9952707886695862,0.005519705358892679,-0.9897510833106935,4.8731533648278225,-1.0658497597820444,-5.939003124609867
MMdata_1136.50s_0327_183428_2ml,88,440.0,2,4,4,2,2,0,0.00020056581706739962,0.0007127065910026431,0.0005121407739352435,-4.259102818479941,-2.8315499783808358,1.4275528400991053,0.01445575151592493,0.996796190738678,0.982340439222753,0.018602367097052763,4.4116818047379205,4.393079437640868,0.9853436350822449,0.0024911207146942616,-0.9828525143675506,4.240500451382887,-1.5801318263570865,-5.820632277739973
MMdata_1136.50s_0327_183428_2ml,89,445.0,2,4,4,2,2,0,7.774740515742451e-05,0.0006693669711239636,0.0005916195659665391,-4.4643772462277145,-2.9931489850580384,1.471228261169676,0.00397832365706563,0.9957587122917175,0.9917803886346519,-0.5292266046887963,4.311778818880542,4.841005423569339,0.9959439635276794,0.003571895183995366,-0.9923720683436841,4.993603850916511,-1.3186298338225058,-6.312233684739017
MMdata_1136.50s_0327_183428_2ml,90,450.0,2,4,4,2,2,0,5.2485243941191584e-05,0.0005624048644676805,0.0005099196205264889,-4.533384677420605,-3.1783805971041135,1.3550040803164913,0.002226060489192605,0.9950390458106995,0.9928129853215069,-0.785928034317144,4.299934670348194,5.085862704665338,0.9977214932441711,0.00439863046631217,-0.993322862777859,5.319312711737748,-1.1215540732440816,-6.4408667849818295
MMdata_1136.50s_0327_183428_2ml,91,455.0,2,4,4,2,2,0,9.898368443828076e-05,0.0007884015212766826,0.0006894178368384019,-4.37253971429162,-3.349664088771036,1.0228756255205842,0.004900195635855198,0.9846082329750061,0.9797080373391509,-0.47046433820442246,3.7803275143947452,4.250791852599168,0.9950007796287537,0.014603378251194954,-0.9803974013775587,4.843004052496044,-0.4306634256237092,-5.273667478119753
MMdata_1136.50s_0327_183428_2ml,92,460.0,2,4,4,2,2,0,0.00019551886362023652,0.0007523022941313684,0.0005567834305111319,-4.260676415093758,-2.8263472359345165,1.4343291791592412,0.013793043792247772,0.9965142607688904,0.9827212169766426,-0.0044136079382184334,4.362533263403379,4.3669468713415975,0.9860115051269531,0.002733394270762801,-0.9832781108561903,4.265090023031976,-1.5361860274688617,-5.801276050500838
MMdata_1136.50s_0327_183428_2ml,93,465.0,2,4,4,2,2,0,7.192579505499452e-05,0.0007229804177768528,0.0006510546227218583,-4.465360771203758,-2.816469938342335,1.6488908328614231,0.0034129514824599028,0.9968270659446716,0.9934141144622117,-0.6056630012309245,4.4124805040254484,5.018143505256373,0.9965150356292725,0.002449995605275035,-0.9940650400239974,5.0710237724346845,-1.5960105656831134,-6.667034338117798
MMdata_1136.50s_0327_183428_2ml,94,470.0,2,4,4,2,2,0,3.378245673957281e-05,0.0005594369722530246,0.0005256545155134518,-4.618815753129844,-3.1455040144927287,1.4733117386371157,0.0011904003331437707,0.9954988360404968,0.994308435707353,-1.056712445564357,4.338564347494143,5.3952767930585,0.9987757802009583,0.003941728267818689,-0.9948340519331396,5.675528198694203,-1.193060333001414,-6.868588531695617
MMdata_1136.50s_0327_183428_2ml,95,475.0,2,4,4,2,2,0,9.57720767473802e-05,0.0006983551429584622,0.000602583066211082,-4.368992523735986,-3.088410229652718,1.2805822940832678,0.004537144210189581,0.9941189289093018,0.9895817846991122,-0.51091062725133,4.172474121451705,4.683384748703035,0.9953670501708984,0.005182662047445774,-0.9901843881234527,4.8799031509873165,-1.084063891798987,-5.963967042786304
MMdata_1136.50s_0327_183428_2ml,96,480.0,2,4,4,2,2,0,0.00017792619473766536,0.0007267685141414404,0.000548842319403775,-4.272302184997053,-2.858144821941824,1.4141573630552289,0.011803930625319481,0.9964667558670044,0.9846628252416849,-0.07748315417086271,4.365218220871227,4.442701375042089,0.9880181550979614,0.0028064607176929712,-0.9852116943802685,4.349785339167914,-1.5070733989294025,-5.8568587380973165
MMdata_1136.50s_0327_183428_2ml,97,485.0,2,4,4,2,2,0,8.241229079430923e-05,0.000699480646289885,0.0006170683554955758,-4.455881575673934,-2.8501803336072173,1.6057012420667167,0.00435924855992198,0.9967628717422485,0.9924036231823266,-0.48756118874360865,4.41174971946215,4.899310908205758,0.9955582618713379,0.0025375366676598787,-0.993020725203678,4.943442764417541,-1.5615693858549324,-6.505012150272473
MMdata_1136.50s_0327_183428_2ml,98,490.0,2,4,4,2,2,0,3.9885570004116744e-05,0.0005632891552522779,0.0005234035852481611,-4.594100335446661,-3.18897056044307,1.4051297750035907,0.0015413317596539855,0.9948810338973999,0.9933397021377459,-0.9397128391998786,4.287614791082412,5.22732763028229,0.9984188079833984,0.0045556314289569855,-0.9938631765544415,5.5338131746465375,-1.0986442306393416,-6.632457405285879
MMdata_1136.50s_0327_183428_2ml,99,495.0,2,4,4,2,2,0,0.00010444544750498608,0.0007397739682346582,0.0006353285207296722,-4.366694275963423,-3.105053648816358,1.2616406271470648,0.005363570060580969,0.9931407570838928,0.9877771870233119,-0.4279740891897985,4.097229342286833,4.525203431476632,0.9945319890975952,0.006119420286267996,-0.9884125688113272,4.794668365153222,-0.9921756934704744,-5.786844058623696
MMdata_1136.50s_0327_183428_2ml,100,500.0,2,4,4,2,2,0,0.00019403068290557712,0.0007312391535378993,0.0005372084706323221,-4.236465608533961,-2.773817228457686,1.462648380076275,0.012617157772183418,0.9970640540122986,0.9844468962401152,-0.061669019818568316,4.444012499507737,4.505681519326306,0.9871887564659119,0.002204734832048416,-0.9849840216338634,4.298134628352528,-1.6701952710500505,-5.968329899402579
MMdata_1136.50s_0327_183428_2ml,101,505.0,2,4,4,2,2,0,8.312968566315249e-05,0.0006946423673070967,0.0006115126816439442,-4.455334341849115,-2.990559952216141,1.4647743896329741,0.004428508225828409,0.9954873919487,0.9910588837228715,-0.4799181453935004,4.277030651436927,4.756948796830428,0.9954883456230164,0.0038180167321115732,-0.9916703288909048,4.935252487242615,-1.2864706992207857,-6.221723186463401
MMdata_1136.50s_0327_183428_2ml,102,510.0,2,4,4,2,2,0,5.382291055866517e-05,0.0005720854387618601,0.000518262528203195,-4.533622459306479,-3.231022287804741,1.3026001715017381,0.00234292377717793,0.9940927624702454,0.9917498386930674,-0.7601667768116238,4.229275167194149,4.9894419440057725,0.9976032376289368,0.00533507252112031,-0.9922681651078165,5.293789236118103,-0.9982528793894065,-6.29204211550751
MMdata_1136.50s_0327_183428_2ml,103,515.0,2,4,4,2,2,0,0.00012450585199985653,0.0007866205996833742,0.0006621147476835176,-4.349861921166306,-3.292669454333303,1.0571924668330026,0.007260419894009829,0.9869901537895203,0.9797297338955104,-0.28402169719448533,3.841999840223079,4.126021537417564,0.9926151037216187,0.01222312729805708,-0.9803919764235616,4.633883618360789,-0.5493303858897769,-5.183214004250566
MMdata_1136.50s_0327_183428_2ml,104,520.0,2,4,4,2,2,0,0.00017366489919368178,0.0006729751476086676,0.0004993102484149858,-4.259209023463795,-2.8582541205753174,1.4009549028884773,0.010801142081618309,0.9969209432601929,0.9861198011785746,-0.12892944329028744,4.442464229411268,4.571393672701555,0.9890251755714417,0.002406075829640031,-0.9866190997418016,4.388138466754081,-1.5842101088359488,-5.97234857559003
MMdata_1136.50s_0327_183428_2ml,105,525.0,2,4,4,2,2,0,7.256362005136907e-05,0.0008449132437817752,0.0007723496237304062,-4.459925750765065,-2.684272920063612,1.7756528307014534,0.003417588071897626,0.9969045519828796,0.993486963910982,-0.6076991066605926,4.388903437069165,4.996602543729757,0.996509850025177,0.0022504294756799936,-0.994259420549497,5.067624857425657,-1.704630517005553,-6.77225537443121
MMdata_1136.50s_0327_183428_2ml,106,530.0,2,4,4,2,2,0,5.683493509422988e-05,0.0005641408497467637,0.0005073059146525338,-4.534075880664613,-3.1964144718142657,1.3376614088503471,0.0026167717296630144,0.9947627186775208,0.9921459469478577,-0.7045303990332448,4.27854108828279,4.983071487316034,0.9973263740539551,0.004673164803534746,-0.9926532092504203,5.238606279697859,-1.0821266164685222,-6.320732896166382
MMdata_1136.50s_0327_183428_2ml,107,535.0,2,4,4,2,2,0,0.0001281794538954273,0.0009705265983939171,0.0008423471444984898,-4.3354003666089564,-3.23396163764523,1.1014387289637266,0.007369306404143572,0.9833701848983765,0.9760008784942329,-0.28375276217020406,3.6869404683373963,3.9706932305076004,0.9925024509429932,0.01565932109951973,-0.9768431298434734,4.6191531287791605,-0.4529788306921665,-5.072131959471327
MMdata_1136.50s_0327_183428_2ml,108,540.0,2,4,4,2,2,0,0.00021682889200747013,0.0007901884964667261,0.0005733596044592559,-4.24165074944282,-2.8342261630141348,1.407424586428685,0.016059715300798416,0.9961208701133728,0.9800611548125744,0.06330998427427392,4.30512620160282,4.241816217328546,0.9837234020233154,0.0030889844056218863,-0.9806344176176935,4.178340765168546,-1.4709000385886855,-5.649240803757231
MMdata_1136.50s_0327_183428_2ml,109,545.0,2,4,4,2,2,0,9.305057028541341e-05,0.0007032169378362596,0.0006101663675508462,-4.463190885393491,-2.896902816269061,1.5662880691244299,0.005688184406608343,0.9963448643684387,0.9906566799618304,-0.35018760602178833,4.359280476854347,4.7094680828761355,0.9942187070846558,0.0029518594965338707,-0.9912668475881219,4.813378491415279,-1.4623776605852878,-6.275756152000567
MMdata_1136.50s_0327_183428_2ml,110,550.0,2,4,4,2,2,0,6.612824654439464e-05,0.0005668900557793677,0.000500761809234973,-4.502691686572507,-3.0665819713871993,1.4361097151853075,0.00322618056088686,0.9962413311004639,0.993015150539577,-0.6152334449898813,4.404997456356538,5.0202309013464195,0.9967076778411865,0.0031917730811983347,-0.9935159047599882,5.117925131562388,-1.3384154849693397,-6.456340616531728
MMdata_1136.50s_0327_183428_2ml,111,555.0,2,4,4,2,2,0,0.00013918308832217008,0.0008923104614950716,0.0007531273731729016,-4.328478517985766,-3.4372998968325135,0.8911786211532524,0.00852026417851448,0.9745243191719055,0.966004054993391,-0.21406614035635307,3.5585907332962297,3.7726568736525827,0.9913405776023865,0.02458331361413002,-0.9667572639882565,4.542544658342119,-0.12129083646371575,-4.663835494805834
MMdata_1136.50s_0327_183428_2ml,112,560.0,2,4,4,2,2,0,0.000239944361965172,0.0007090328726917505,0.00046908851072657853,-4.226476135542575,-2.806494258328838,1.4199818772137371,0.0188449714332819,0.9970044493675232,0.9781594779342413,0.13711818295838807,4.4421143630351825,4.304996180076794,0.9809150695800781,0.0022864965721964836,-0.9786285730078816,4.089357952584188,-1.6356201047063452,-5.724978057290533
MMdata_1136.50s_0327_183428_2ml,113,565.0,2,4,4,2,2,0,8.492104825563729e-05,0.0006576727610081434,0.0005727517127525061,-4.456840226383568,-2.940014551801336,1.5168256745822317,0.004643360152840614,0.9964041709899902,0.9917608108371496,-0.45536865317369646,4.38318621269683,4.838554865870527,0.9952717423439026,0.002938193967565894,-0.9923335483763367,4.912208879557263,-1.443171660895496,-6.355380540452759
MMdata_1136.50s_0327_183428_2ml,114,570.0,2,4,4,2,2,0,5.0509908760432154e-05,0.0005690447287634015,0.0005185348200029694,-4.547399502214594,-3.1405683714738233,1.4068311307407706,0.00215001474134624,0.995412290096283,0.9932622753549367,-0.7963390547881897,4.326384880285746,5.122723935073935,0.9977994561195374,0.004018688574433327,-0.993780767545104,5.3437385570027836,-1.1858165088119206,-6.529555065814704
MMdata_1136.50s_0327_183428_2ml,115,575.0,2,4,4,2,2,0,0.0001412940036971122,0.0010305802570655942,0.000889286253368482,-4.31946187894902,-3.393410224682445,0.9260516542665749,0.008546581491827965,0.9700912237167358,0.9615446422249079,-0.21701807459693878,3.4538578874715453,3.670875962068484,0.9913120865821838,0.02887813001871109,-0.9624339565634727,4.536479953545957,-0.06044766278910174,-4.5969276163350585
MMdata_1136.50s_0327_183428_2ml,116,580.0,2,4,4,2,2,0,0.00022925733355805278,0.0008265255601145327,0.0005972682265564799,-4.241211432080945,-2.808904321744154,1.432307110336791,0.017964908853173256,0.9960408210754395,0.9780759122222662,0.12011909390288533,4.2854083564869185,4.165289262584033,0.9818058609962463,0.003132639219984412,-0.9786732217762619,4.121092338178058,-1.4765040347427654,-5.597596372920823
MMdata_1136.50s_0327_183428_2ml,117,585.0,2,4,4,2,2,0,8.693359268363565e-05,0.0008775355527177453,0.0007906019600341097,-4.46801454094366,-3.0121282223960906,1.4558863185475692,0.005033929366618395,0.9926031231880188,0.9875691938214004,-0.4092029213145336,4.018840495769417,4.42804341708395,0.9948791265487671,0.006519372574985027,-0.9883597539737821,4.877217462258194,-1.0067122733733243,-5.8839297356315186
MMdata_1136.50s_0327_183428_2ml,118,590.0,2,4,4,2,2,0,4.2359639337519184e-05,0.0005648835212923586,0.0005225238819548395,-4.566207704700129,-3.1801077041041106,1.3861000005960182,0.0015990218380466104,0.9949742555618286,0.993375233723782,-0.9352563411185706,4.2937448850061894,5.22900122612476,0.9983585476875305,0.004460829775780439,-0.9938977179117501,5.5014640458186985,-1.1136371809020797,-6.615101226720778
MMdata_1136.50s_0327_183428_2ml,119,595.0,2,4,4,2,2,0,0.0001534413022454828,0.0009501240565441549,0.0007966827542986721,-4.317954565462114,-3.5033348839387872,0.8146196815233266,0.010049160569906235,0.9647262096405029,0.9546770490705967,-0.13602827894623104,3.419672173641297,3.555700452587528,0.9897973537445068,0.03432365879416466,-0.9554736949503422,4.453982844408346,0.08366271029748917,-4.370320134110857
MMdata_1136.50s_0327_183428_2ml,120,600.0,2,4,4,2,2,0,0.00026079066446982324,0.0006403663428500295,0.00037957567838020623,-4.235279397069851,-2.9919372119469934,1.2433421851228577,0.02295411005616188,0.9961035251617432,0.9731494151055813,0.24225485613179254,4.35762883685133,4.1153739807195375,0.9767851233482361,0.0032561018597334623,-0.9735290214885026,3.9930245409380585,-1.3656916249043372,-5.358716165842395
MMdata_1136.50s_0327_183428_2ml,121,605.0,2,4,4,2,2,0,8.415581396548077e-05,0.0006686190608888865,0.0005844632469234057,-4.458265617279213,-3.2107744794412163,1.2474911378379963,0.004579296335577965,0.992462158203125,0.987882861867547,-0.4616349992437403,4.0919552013824925,4.553590200626233,0.9953365921974182,0.006869236472994089,-0.9884673557244241,4.919900616522955,-0.8811807219412771,-5.801081338464232
MMdata_1136.50s_0327_183428_2ml,122,610.0,2,4,4,2,2,0,4.8841542593436316e-05,0.0005726798553951085,0.0005238383128016721,-4.5207923162393335,-3.1418463753113404,1.3789459409279932,0.0018555475398898125,0.9953413009643555,0.9934857534244657,-0.883438448375812,4.318667754070892,5.202106202446704,0.9980955719947815,0.00408612284809351,-0.994009449146688,5.404230764615146,-1.176821378759552,-6.5810521433746985
MMdata_1136.50s_0327_183428_2ml,123,615.0,2,4,4,2,2,0,0.000134654575958848,0.0009007024927996099,0.0007660479168407619,-4.325895740385269,-3.35513169488849,0.9707640454967787,0.00790837686508894,0.9796255230903625,0.9717171462252736,-0.25293070382661753,3.63661895702592,3.8895496608525377,0.9919569492340088,0.019473686814308167,-0.9724832624197006,4.578826444211886,-0.2814872621374298,-4.8603137063493165
MMdata_1136.50s_0327_183428_2ml,124,620.0,2,4,4,2,2,0,0.00020771517301909626,0.0006032615783624351,0.00039554640534333885,-4.306948621057705,-3.0459452814571133,1.2610033396005917,0.017961889505386353,0.9959983825683594,0.978036493062973,0.15289114079262411,4.363204733553022,4.210313592760398,0.9818304181098938,0.003398320870473981,-0.9784320972394198,4.154057480265081,-1.3172594520959091,-5.47131693236099
MMdata_1136.50s_0327_183428_2ml,125,625.0,2,4,4,2,2,0,7.610638567712158e-05,0.000644633371848613,0.0005685269861714914,-4.4696782099042105,-3.1653226207825957,1.3043555891216148,0.0038728471845388412,0.9937915205955505,0.9899186734110117,-0.5400651607852023,4.1752783655789045,4.715343526364107,0.996051013469696,0.005563866812735796,-0.9904871466569602,5.009743370689411,-1.0099557447963088,-6.01969911548572
MMdata_1136.50s_0327_183428_2ml,126,630.0,2,4,4,2,2,0,5.7229761296184734e-05,0.0005678670131601393,0.0005106372518639546,-4.5325124947536795,-3.1595208956367085,1.372991599116971,0.0026409048587083817,0.9951949715614319,0.9925540667027235,-0.700709673284015,4.309285793078378,5.009995466362393,0.9973018169403076,0.004237137734889984,-0.9930646792054176,5.233222168037695,-1.1497648974416688,-6.382987065479364
MMdata_1136.50s_0327_183428_2ml,127,635.0,2,4,4,2,2,0,0.0001413249847246334,0.0007970910519361496,0.0006557660672115162,-4.316530723018453,-3.1167641082288418,1.1997666147896116,0.008474859409034252,0.9918347597122192,0.983359900303185,-0.22273347428646417,4.009578775694993,4.232312249981457,0.9913837909698486,0.00736812362447381,-0.9840156673453748,4.539264197304919,-0.8928146674661495,-5.432078864771069
MMdata_1136.50s_0327_183428_2ml,128,640.0,2,4,4,2,2,0,0.0001671892823651433,0.0006356962840072811,0.00046850700164213777,-4.35015455864527,-3.0446948159348857,1.3054597427103847,0.013182506896555424,0.9956034421920776,0.9824209352955222,0.017364838009997996,4.311688582527257,4.294323744517259,0.9866502285003662,0.003760931547731161,-0.982889296952635,4.332789720635272,-1.2669937665923712,-5.5997834872276435
MMdata_1136.50s_0327_183428_2ml,129,645.0,2,4,4,2,2,0,7.821548206266016e-05,0.0006357490201480687,0.0005575335380854085,-4.4718663051499785,-3.090232858631799,1.3816334465181797,0.004118436947464943,0.9950495362281799,0.990931099280715,-0.5081049247697775,4.265511078376129,4.773616003145906,0.9958034157752991,0.004314593970775604,-0.9914888218045235,4.979971229919754,-1.1752782197443299,-6.155249449664084
MMdata_1136.50s_0327_183428_2ml,130,650.0,2,4,4,2,2,0,4.6928817027946934e-05,0.0005783638916909695,0.0005314350746630225,-4.578664790716754,-3.161974540945466,1.416690249771288,0.0020382257644087076,0.9949930310249329,0.9929548052605242,-0.8074617279642169,4.2883132302000195,5.095774958164236,0.9979148507118225,0.004428601358085871,-0.9934862493537366,5.386126518680971,-1.1263386892545526,-6.512465207935524
MMdata_1136.50s_0327_183428_2ml,131,655.0,2,4,4,2,2,0,0.00014944032591301948,0.0008151238434948027,0.0006656835175817832,-4.301814584825797,-3.414514375015334,0.887300209810463,0.009072399698197842,0.9801357984542847,0.9710633987560868,-0.19571965675911152,3.67759197897763,3.8733116357367416,0.9907782077789307,0.019049132242798805,-0.9717290755361319,4.497534241584909,-0.2630776039622953,-4.760611845547205
MMdata_1136.50s_0327_183428_2ml,132,660.0,2,4,4,2,2,0,0.00016820644668769091,0.0008091403287835419,0.000640933882095851,-4.337976440954483,-2.7453358787851467,1.5926405621693362,0.01286051794886589,0.9967114925384521,0.9838509745895863,-0.001251242329743718,4.370908391117815,4.372159633447558,0.9869712591171265,0.002479310380294919,-0.9844919487368315,4.339227683284228,-1.625572512332667,-5.964800195616895
MMdata_1136.50s_0327_183428_2ml,133,665.0,2,4,4,2,2,0,8.798597264103591e-05,0.0006221187068149447,0.0005341327341739088,-4.468177444534029,-3.1303623160664005,1.3378151284676285,0.00515972264111042,0.994716227054596,0.9895565044134855,-0.3967167391918611,4.246719538957695,4.643436278149556,0.9947522878646851,0.004661702550947666,-0.9900905853137374,4.864894183725889,-1.1163572228912946,-5.981251406617184
MMdata_1136.50s_0327_183428_2ml,134,670.0,2,4,4,2,2,0,6.192392174853012e-05,0.0005754054873250425,0.0005134815655765124,-4.518579495320295,-3.2189779222935746,1.2996015730267203,0.002966309664770961,0.9942196607589722,0.9912533510942012,-0.6494121362349148,4.235660537998377,4.8850726742332915,0.9969717264175415,0.005204975605010986,-0.9917667508125305,5.167991631555209,-1.0166826157048021,-6.184674247260011
MMdata_1136.50s_0327_183428_2ml,135,675.0,2,4,4,2,2,0,0.00013870449038222432,0.0007691329810768366,0.0006304284906946123,-4.311139891692284,-3.2479741825469968,1.0631657091452875,0.008028890937566757,0.9890326261520386,0.9810037352144718,-0.2526839107420473,3.911244534711593,4.1639284454536405,0.9918323755264282,0.01019821222871542,-0.9816341632977128,4.56382380243433,-0.6632703521645964,-5.227094154598927
MMdata_1136.50s_0327_183428_2ml,136,680.0,2,4,4,2,2,0,0.00017458379443269223,0.000757649599108845,0.0005830658046761528,-4.291547464072351,-2.8865798722004774,1.4049675918718734,0.012042945250868797,0.9959189295768738,0.983875984326005,-0.05771797666614287,4.294620256588707,4.35233823325485,0.9877824187278748,0.0033234560396522284,-0.9844589626882225,4.349265440738494,-1.4080403843882294,-5.757305825126723
MMdata_1136.50s_0327_183428_2ml,137,685.0,2,4,4,2,2,0,8.368067210540175e-05,0.0006355536170303822,0.0005518729449249804,-4.464193842399393,-3.18031837567791,1.283875466721483,0.004609114024788141,0.9937068819999695,0.9890977679751813,-0.455410942527708,4.174382722243059,4.629793664770767,0.9953071475028992,0.005657574161887169,-0.989649573341012,4.919604784927101,-0.9940643465651489,-5.91366913149225
MMdata_1136.50s_0327_183428_2ml,138,690.0,2,4,4,2,2,0,6.35430624242872e-05,0.0005857024807482958,0.0005221594183240086,-4.507201035845911,-3.122343958909922,1.3848570769359894,0.0030188020318746567,0.9953833222389221,0.9923645202070475,-0.6463035068356868,4.315727282909002,4.962030789744689,0.9969176054000854,0.004031011369079351,-0.9928865940310061,5.153504542681598,-1.193383323999078,-6.346887866680676
MMdata_1136.50s_0327_183428_2ml,139,695.0,2,4,4,2,2,0,0.00014643520989920944,0.000907702895347029,0.0007612676854478195,-4.310643706050312,-3.2925244992668525,1.0181192067834597,0.008943824097514153,0.9827535152435303,0.9738096911460161,-0.198508255329104,3.6946720036671405,3.8931802589962445,0.99090975522995,0.016338737681508064,-0.9745710175484419,4.509151961379415,-0.40214750440028935,-4.911299465779704
MMdata_1136.50s_0327_183428_2ml,140,700.0,2,4,4,2,2,0,0.00016590917948633432,0.0014508039457723498,0.0012848947662860155,-4.301446141241342,-2.380305342593438,1.9211407986479037,0.011194007471203804,0.9958806037902832,0.9846865963190794,-0.08975280146925257,4.15120418394824,4.240956985417492,0.9886400699615479,0.002668520901352167,-0.9859715490601957,4.391198942710592,-1.7708988413548008,-6.162097784065393
MMdata_1136.50s_0327_183428_2ml,141,705.0,2,4,4,2,2,0,8.435544441454113e-05,0.0006326503353193402,0.0005482948909047991,-4.465600626893978,-3.1308032232363514,1.3347974036576264,0.004704006481915712,0.994539201259613,0.9898351947776973,-0.444470111786357,4.229313694663289,4.673783806449646,0.995211660861969,0.00482811126857996,-0.990383549593389,4.910070738680333,-1.0985104714269385,-6.0085812101072715
MMdata_1136.50s_0327_183428_2ml,142,710.0,2,4,4,2,2,0,7.330926018767059e-05,0.0005900224787183106,0.00051671321853064,-4.493017865685798,-3.171717296951674,1.3213005687341237,0.0038539422675967216,0.9946627616882324,0.9908088194206357,-0.5308529303132881,4.258281093065085,4.789134023378373,0.9960727691650391,0.004747218452394009,-0.991325550712645,5.023870795999088,-1.0865637961134125,-6.1104345921125
MMdata_1136.50s_0327_183428_2ml,143,715.0,2,4,4,2,2,0,0.0001594415953150019,0.0011004132684320211,0.0009409716731170192,-4.292154624739276,-3.620871499704449,0.6712831250348272,0.010042314417660236,0.9310221076011658,0.9209797931835055,-0.14926941996519272,3.119725715549569,3.2689951355147615,0.9897981882095337,0.067877396941185,-0.9219207912683487,4.44142404470447,0.5011457841548799,-3.94027826054959
MMdata_1136.50s_0327_183428_2ml,144,720.0,2,4,4,2,2,0,0.00016391341341659427,0.0010308513883501291,0.0008669379749335349,-4.333399511192688,-2.552743891626662,1.7806556195660264,0.012035781517624855,0.996711015701294,0.9846752341836691,-0.037098547443457086,4.321331931024298,4.358430478467755,0.9878003597259521,0.002258138731122017,-0.9855422209948301,4.370498058636144,-1.7685880393976374,-6.139086098033782
MMdata_1136.50s_0327_183428_2ml,145,725.0,2,4,4,2,2,0,8.706690277904272e-05,0.0006516360444948077,0.000564569141715765,-4.468123896867197,-3.0445987475213734,1.4235251493458234,0.005051124840974808,0.9953966736793518,0.990345548838377,-0.40743447920154185,4.286811664084986,4.694246143286528,0.9948617815971375,0.003951584920287132,-0.9909101966768503,4.875558376068737,-1.2422129165636138,-6.117771292632351
MMdata_1136.50s_0327_183428_2ml,146,730.0,2,4,4,2,2,0,8.378757047466934e-05,0.0005787226837128401,0.0004949351132381707,-4.465816962638819,-3.142850884414549,1.3229660782242698,0.004643614403903484,0.9952353835105896,0.9905917691066861,-0.450853327092533,4.307060264572841,4.757913591665374,0.9952725768089294,0.004185849335044622,-0.9910867274738848,4.916670289731352,-1.1642093801582911,-6.080879669889643
MMdata_1136.50s_0327_183428_2ml,147,735.0,2,4,4,2,2,0,0.00019065235392190516,0.000849866948556155,0.0006592145946342498,-4.272393234844271,-3.463246054864697,0.8091471799795742,0.013581176288425922,0.97505784034729,0.9614766640588641,-0.006404851356517582,3.5819262106671568,3.5883310620236744,0.9862281084060669,0.024092255160212517,-0.9621358532458544,4.278798086200789,-0.11868015580245839,-4.397478242003247
MMdata_1136.50s_0327_183428_2ml,148,740.0,2,4,4,2,2,0,0.00017813578597269952,0.0033203919883817434,0.003142256202409044,-4.328005452619765,-1.858740491848598,2.469264960771167,0.014015133492648602,0.9937498569488525,0.9797347234562039,0.03734143389875122,3.8426621854205854,3.805320751521834,0.9858067035675049,0.0029297047294676304,-0.9828769988380373,4.290664018721014,-1.9839216935719874,-6.2745857122930015
MMdata_1136.50s_0327_183428_2ml,149,745.0,2,4,4,2,2,0,8.164416067302227e-05,0.0007125191623345017,0.0006308750016614795,-4.465291594815844,-3.2221214988509814,1.2431700959648628,0.004401046317070723,0.9912062287330627,0.986805182415992,-0.47806430414585144,4.015749588173174,4.493813892319025,0.9955173134803772,0.008081236854195595,-0.9874360766261816,4.943355898961696,-0.7936280893221905,-5.736983988283886
MMdata_1136.50s_0327_183428_2ml,150,750.0,2,4,4,2,2,0,6.861090514576063e-05,0.0005846765707246959,0.0005160656655789353,-4.507828549559863,-3.2295650803892695,1.2782634691705939,0.0035279812291264534,0.9938657879829407,0.9903378067538142,-0.5677989422269958,4.208733550196671,4.776532492423667,0.9964034557342529,0.005549457389861345,-0.9908539983443916,5.075627491786858,-0.9791684698074024,-6.054795961594261
MMdata_1136.50s_0327_183428_2ml,151,755.0,2,4,4,2,2,0,0.00017281468899454921,0.0007666363962925971,0.0005938217072980478,-4.27044297136185,-3.180479052503508,1.0899639188583419,0.011065193451941013,0.9909746050834656,0.9799094116315246,-0.11110309431209853,3.9839525055607843,4.095055599872882,0.9887619614601135,0.008258664980530739,-0.9805032964795828,4.381546065673948,-0.803473453057276,-5.185019518731224
MMdata_1136.50s_0327_183428_2ml,152,760.0,2,4,4,2,2,0,0.0001571442116983235,0.0010388029040768743,0.0008816586923785508,-4.322092532742215,-2.96588692477617,1.3562056079660452,0.010678522288799286,0.9909960627555847,0.9803175404667854,-0.10326672186539643,3.8947546401346385,3.998021362000035,0.9891642928123474,0.007965249009430408,-0.981199043802917,4.425359254607612,-0.9288677153584675,-5.35422696996608
MMdata_1136.50s_0327_183428_2ml,153,765.0,2,4,4,2,2,0,9.120315371546894e-05,0.0006193104782141745,0.0005281073244987056,-4.474437588804828,-3.0856595744095374,1.3887780143952906,0.005651864688843489,0.9953433871269226,0.9896915224380791,-0.34778626238564403,4.296576767634952,4.644363030020596,0.9942569136619568,0.0040373713709414005,-0.9902195422910154,4.822223851190472,-1.2109171932254146,-6.033141044415887
MMdata_1136.50s_0327_183428_2ml,154,770.0,2,4,4,2,2,0,8.417000208282843e-05,0.000567467010114342,0.00048329700803151354,-4.449031828226334,-3.1380665926530797,1.3109652355732546,0.004455131012946367,0.9954661130905151,0.9910109820775688,-0.4800586686540447,4.331717153455318,4.811775822109363,0.9954606890678406,0.003966338466852903,-0.9914943506009877,4.929090496880377,-1.1936505608022374,-6.122741057682615
MMdata_1136.50s_0327_183428_2ml,155,775.0,2,4,4,2,2,0,0.00018415582599118352,0.0007819273159839213,0.0005977714899927378,-4.266364560369522,-3.4359400771050446,0.8304244832644772,0.012429671362042427,0.9805326461791992,0.9681029748171568,-0.05430509490481672,3.698149352486084,3.7524544473909005,0.987386167049408,0.01868530362844467,-0.9687008634209633,4.320669655274339,-0.2622092753810392,-4.5828789306553785
MMdata_1136.50s_0327_183428_2ml,156,780.0,2,4,4,2,2,0,0.00016904073709156364,0.001629158854484558,0.0014601181173929945,-4.379225845488475,-2.2516389886657437,2.127586856822731,0.014727250672876835,0.9960838556289673,0.9813566049560905,0.08808926465106914,4.164128616342851,4.076039351691782,0.9851036667823792,0.0022869366221129894,-0.9828167301602662,4.291136580837404,-1.9124896276771084,-6.203626208514512
MMdata_1136.50s_0327_183428_2ml,157,785.0,2,4,4,2,2,0,9.083356417249888e-05,0.0006322088302113116,0.0005413752660388127,-4.4528177647376035,-2.9893087005810424,1.4635090641565611,0.005251965019851923,0.9962194561958313,0.9909674911759794,-0.39548905646574184,4.373194382143716,4.768683438609457,0.9946572184562683,0.00314837833866477,-0.9915088401176035,4.848306821203344,-1.3838856815626732,-6.232192502766018
MMdata_1136.50s_0327_183428_2ml,158,790.0,2,4,4,2,2,0,6.162375211715698e-05,0.0005784804816357791,0.0005168567295186222,-4.516075814665016,-3.209025793481586,1.3070500211834304,0.0029154899530112743,0.994316041469574,0.9914005515165627,-0.6593300326066744,4.240379784331741,4.899709816938415,0.9970229268074036,0.005105515010654926,-0.9919174117967486,5.17540584727169,-1.0313539908501559,-6.206759838121846
MMdata_1136.50s_0327_183428_2ml,159,795.0,2,4,4,2,2,0,0.00016792156384326518,0.0008122024592012167,0.0006442808953579515,-4.28802838494243,-3.14269762884919,1.1453307560932395,0.011012786068022251,0.9909109473228455,0.9798981612548232,-0.10471312686512846,3.9639326759203595,4.068645802785488,0.9888193011283875,0.008276804350316525,-0.9805424967780709,4.392741511807559,-0.8212350470711702,-5.213976558878729
MMdata_1136.50s_0327_183428_2ml,160,800.0,2,4,4,2,2,0,0.00017977548122871667,0.0018460905412212014,0.0016663150599924847,-4.368077885477205,-2.222121771679645,2.14595611379756,0.01613243855535984,0.9954645037651062,0.9793320652097464,0.12880070975283342,4.068017512372254,3.9392168026194208,0.9836877584457397,0.0026893410831689835,-0.9809984173625708,4.2392771757243715,-1.845895740692609,-6.0851729164169805
MMdata_1136.50s_0327_183428_2ml,161,805.0,2,4,4,2,2,0,9.308409789809957e-05,0.0006260687950998545,0.0005329846972017549,-4.466373460268722,-3.0389851458346726,1.4273883144340491,0.005747233983129263,0.9957886338233948,0.9900413998402655,-0.34340285164355233,4.332844891786927,4.676247743430479,0.9941596984863281,0.003585257800295949,-0.9905744406860322,4.809776311912273,-1.293859745952254,-6.103636057864527
MMdata_1136.50s_0327_183428_2ml,162,810.0,2,4,4,2,2,0,7.917914626887068e-05,0.0006066365167498589,0.0005274573704809882,-4.4683180430602105,-3.04579122337785,1.4225268196823606,0.0041761030443012714,0.9959583878517151,0.9917822848074138,-0.5028971979063064,4.357739740548068,4.860636938454374,0.9957447648048401,0.0034350010100752115,-0.9923097637947649,4.971215240966517,-1.3119485171702179,-6.283163758136735
MMdata_1136.50s_0327_183428_2ml,163,815.0,2,4,4,2,2,0,0.00016403222980443388,0.000792952545452863,0.0006289203156484291,-4.282163136021368,-3.460487668855842,0.8216754671655262,0.010317967273294926,0.9784792065620422,0.9681612392887473,-0.1405840177426585,3.6575037683722127,3.798087786114871,0.9895179867744446,0.02072788029909134,-0.9687901064753532,4.4227471537640275,-0.19701609951637122,-4.619763253280398
MMdata_1136.50s_0327_183428_2ml,164,820.0,2,4,4,2,2,0,0.0001520608930150047,0.0060213906690478325,0.005869329776032828,-4.37886860617462,-1.4431927432269132,2.9356758629477064,0.011869793757796288,0.9912018775939941,0.9793320838361979,-0.021397546365758302,3.660407240559802,3.6818047869255603,0.9879781007766724,0.0027767925057560205,-0.9852013082709163,4.400266152540379,-2.21721449733289,-6.617480649873269
MMdata_1136.50s_0327_183428_2ml,165,825.0,2,4,4,2,2,0,8.030189928831533e-05,0.000625566637609154,0.0005452647383208387,-4.477177934318056,-3.1165152155137736,1.3606627188042824,0.004412127658724785,0.9948533177375793,0.9904411900788546,-0.4708588930092228,4.255177511221228,4.726036404230451,0.9955075979232788,0.004521100781857967,-0.9909864971414208,4.948036827327278,-1.1386622957074533,-6.086699123034731
MMdata_1136.50s_0327_183428_2ml,166,830.0,2,4,4,2,2,0,6.547889643115923e-05,0.0005983092705719173,0.0005328303741407581,-4.530507416953322,-3.0473051886740397,1.483202228279282,0.0034391451627016068,0.9960454106330872,0.9926062654703856,-0.5692570955171217,4.370135144727246,4.939392240244367,0.9964954257011414,0.003356261644512415,-0.9931391640566289,5.099764512470443,-1.322829956053206,-6.422594468523649
MMdata_1136.50s_0327_183428_2ml,167,835.0,2,4,4,2,2,0,0.00015924846229609102,0.0008153585367836058,0.0006561100744875148,-4.2826645723666905,-3.4844519905123073,0.7982125818543833,0.009733771905303001,0.9755648374557495,0.9658310655504465,-0.1697734535236739,3.60269197325656,3.7724654267802338,0.9901069402694702,0.02361978404223919,-0.966487156227231,4.452438025890364,-0.11823998274425085,-4.570678008634616
MMdata_1136.50s_0327_183428_2ml,168,840.0,2,4,4,2,2,0,0.0001623440330149606,0.000805006711743772,0.0006426626787288114,-4.376464409747551,-2.842081074603297,1.5343833351442537,0.013453950174152851,0.9959119558334351,0.9824580056592822,0.0408458813697159,4.278482445344822,4.237636563975106,0.9863836765289307,0.003283057129010558,-0.9831006193999201,4.335618528377835,-1.4364013707415237,-5.772019899119359
MMdata_1136.50s_0327_183428_2ml,169,845.0,2,4,4,2,2,0,8.026175783015788e-05,0.0006483749020844698,0.0005681131442543119,-4.478179883764276,-3.308149865225925,1.170030018538351,0.0044210259802639484,0.9906849265098572,0.9862639005295932,-0.4693460796924587,4.023532880975169,4.492878960667627,0.9954987168312073,0.008666635490953922,-0.9868320813402534,4.9475259634567355,-0.7153830157492429,-5.662908979205978
MMdata_1136.50s_0327_183428_2ml,170,850.0,2,4,4,2,2,0,5.9958638303214684e-05,0.0005835683550685644,0.0005236097167653497,-4.551947121912209,-3.18238831507807,1.3695588068341396,0.0030741377267986536,0.9946211576461792,0.9915470199193805,-0.6148223579342194,4.258567290963677,4.873389648897897,0.9968659281730652,0.004795201122760773,-0.9920707270503044,5.166769479846426,-1.0761789758856075,-6.242948455732034
MMdata_1136.50s_0327_183428_2ml,171,855.0,2,4,4,2,2,0,0.00013664388097822666,0.0007280951831489801,0.0005914513021707535,-4.299905306300819,-3.2960979558931047,1.0038073504077145,0.007530056871473789,0.9887101054191589,0.9811800485476851,-0.29062556546344,3.917626707121465,4.208252272584906,0.9923332929611206,0.010561821050941944,-0.9817714719101787,4.590530871764258,-0.62152875122836,-5.212059622992618
MMdata_1136.50s_0327_183428_2ml,172,860.0,2,4,4,2,2,0,0.00014847490820102394,0.0021314704790711403,0.0019829955708701164,-4.379856322405109,-2.1198237985323027,2.2600325238728063,0.011344058439135551,0.9952303171157837,0.9838862586766481,-0.043822897723392984,4.026338279038818,4.070161176762211,0.9885075092315674,0.0026382647920399904,-0.9858692444395274,4.423679220128503,-1.906514480506515,-6.330193700635018
MMdata_1136.50s_0327_183428_2ml,173,865.0,2,4,4,2,2,0,8.557955152355134e-05,0.0006518503651022911,0.0005662708135787398,-4.481351490003569,-3.141653353993987,1.3396981360095825,0.005077698267996311,0.9940503239631653,0.988972625695169,-0.398184519501247,4.188074723882399,4.586259243383646,0.994836688041687,0.005297800526022911,-0.9895388875156641,4.879536009504817,-1.046421369888412,-5.925957379393229
MMdata_1136.50s_0327_183428_2ml,174,870.0,2,4,4,2,2,0,5.769482959294692e-05,0.0005926898447796702,0.0005349950151867233,-4.558058760801109,-3.1864213670054466,1.3716373937956625,0.0028985370881855488,0.9943997263908386,0.9915011893026531,-0.6412648855130971,4.238801942204946,4.880066827718043,0.997043788433075,0.005007599946111441,-0.9920361884869635,5.199323646314208,-1.0523805751995008,-6.251704221513709
MMdata_1136.50s_0327_183428_2ml,175,875.0,2,4,4,2,2,0,0.00015908748900983483,0.0006783292628824711,0.0005192417738726363,-4.302863606506185,-3.183545793074182,1.1193178134320032,0.010327138006687164,0.9928083419799805,0.9824812039732933,-0.12978743548322402,4.105114313714952,4.234901749198176,0.9895137548446655,0.006513355765491724,-0.9830003990791738,4.43265104198941,-0.9215685206407684,-5.3542195626301785
MMdata_1136.50s_0327_183428_2ml,176,880.0,2,4,4,2,2,0,0.0002126359468093142,0.001268266118131578,0.0010556301713222638,-4.320784680406514,-2.414534551574791,1.906250128831723,0.019654743373394012,0.9964732527732849,0.9768185093998909,0.2057077673055563,4.2520370402085845,4.046329272903028,0.9801325798034668,0.0022584591060876846,-0.9778741206973791,4.115076913100958,-1.8375024886337945,-5.952579401734752
MMdata_1136.50s_0327_183428_2ml,177,885.0,2,4,4,2,2,0,7.94230290921405e-05,0.0006453601527027786,0.0005659371236106381,-4.484899214915136,-3.1695375606044385,1.3153616543106974,0.004417241085320711,0.9937067627906799,0.9892895217053592,-0.46641698871557846,4.1698513370131165,4.636268325728695,0.9955033659934998,0.005647861864417791,-0.989855504129082,4.951316203630714,-1.000313776408679,-5.951629980039393
MMdata_1136.50s_0327_183428_2ml,178,890.0,2,4,4,2,2,0,7.304226164706051e-05,0.0005847822758369148,0.0005117400141898543,-4.525862652954263,-3.098529156259586,1.4273334966946774,0.004223670344799757,0.9956750273704529,0.9914513570256531,-0.4684410742920333,4.341407449426619,4.809848523718652,0.9957032799720764,0.0037401854060590267,-0.9919630945660174,4.9943037272462965,-1.242878293167033,-6.2371820204133295
MMdata_1136.50s_0327_183428_2ml,179,895.0,2,4,4,2,2,0,0.00016962498193606734,0.0007151105091907084,0.0005454855272546411,-4.300574938328847,-3.389116786476427,0.9114581518524196,0.011676236055791378,0.985776960849762,0.9741007247939706,-0.06885400104109163,3.8396315264253915,3.908485527466483,0.9881540536880493,0.0135080236941576,-0.9746460299938917,4.369428939369938,-0.45051473994896485,-4.819943679318904
MMdata_1136.50s_0327_183428_2ml,180,900.0,2,4,4,2,2,0,0.00018804606224875897,0.0015163611387833953,0.0013283150765346363,-4.324497671845561,-2.314176190876947,2.0103214809686145,0.015477551147341728,0.9960935711860657,0.980616020038724,0.08596132338699736,4.17335153222329,4.087390208836292,0.984334409236908,0.002390050096437335,-0.9819443591404706,4.238536348458562,-1.8591753413463445,-6.097711689804907
MMdata_1136.50s_0327_183428_2ml,181,905.0,2,4,4,2,2,0,7.385935168713331e-05,0.0006270653684623539,0.0005532060167752206,-4.494880233804489,-3.201584473453189,1.2932957603512998,0.003934234380722046,0.9935013651847839,0.9895671308040619,-0.5195712902039915,4.166355450516948,4.685926740720939,0.9959918856620789,0.005871493369340897,-0.990120392292738,5.014451524008481,-0.9647709770637585,-5.97922250107224
MMdata_1136.50s_0327_183428_2ml,182,910.0,2,4,4,2,2,0,6.941704486962408e-05,0.0006119463359937072,0.0005425292911240831,-4.501279466394449,-3.225409647965953,1.2758698184284958,0.0035411606077104807,0.9933812618255615,0.989840101217851,-0.5692020993798907,4.166815578460618,4.7360176778405085,0.9963894486427307,0.0060068052262067795,-0.9903826434165239,5.070481565774341,-0.941405930494664,-6.011887496269005
MMdata_1136.50s_0327_183428_2ml,183,915.0,2,4,4,2,2,0,0.00015878801059443504,0.0006807464524172246,0.0005219584418227896,-4.301732711615734,-3.2663363073789995,1.0353964042367343,0.010252673178911209,0.9908937215805054,0.9806410484015942,-0.13400900903621515,4.016836336315578,4.150845345351793,0.9895884990692139,0.008425568230450153,-0.9811629308387637,4.435741720651947,-0.7505000289365773,-5.1862417495885245
MMdata_1136.50s_0327_183428_2ml,184,920.0,2,4,4,2,2,0,0.00017125840531662107,0.000737204507458955,0.000565946102142334,-4.3875163017215675,-2.9068356908892987,1.4806806108322688,0.015509223565459251,0.9959192872047424,0.9804100636392832,0.11850033486318345,4.301720465377837,4.183220130514654,0.9843195080757141,0.00334364315494895,-0.9809758649207652,4.269015966858384,-1.3948847744885375,-5.663900741346922
MMdata_1136.50s_0327_183428_2ml,185,925.0,2,4,4,2,2,0,9.238741040462628e-05,0.000628253270406276,0.0005358658600016497,-4.479660670550486,-3.161079009084486,1.3185816614660002,0.005892619024962187,0.994155764579773,0.9882631455548108,-0.3241955548770372,4.205626787094761,4.529822341971798,0.9940150380134583,0.005215940065681934,-0.9887990979477763,4.803856225427522,-1.0445477780102754,-5.848404003437797
MMdata_1136.50s_0327_183428_2ml,186,930.0,2,4,4,2,2,0,7.596120121888816e-05,0.0005908965831622481,0.00051493538194336,-4.500856075048229,-3.1897708503596327,1.311085224688596,0.0042379130609333515,0.9943813681602478,0.9901434550993145,-0.47925255025755575,4.238464215972692,4.7177167662302475,0.9956861734390259,0.005027703009545803,-0.9906584704294801,4.980108625305784,-1.0486933656130581,-6.028801990918842
MMdata_1136.50s_0327_183428_2ml,187,935.0,2,4,4,2,2,0,0.00016443304775748402,0.0006635935860686004,0.0004991605383111164,-4.287030835227422,-3.1441653471986193,1.1428654880288027,0.01052316278219223,0.9938031435012817,0.9832799807190895,-0.12820023226803556,4.16745918114748,4.295659413415516,0.9893123507499695,0.005533309653401375,-0.9837790410965681,4.415231067495456,-1.0232938339488618,-5.4385249014443175
MMdata_1136.50s_0327_183428_2ml,188,940.0,2,4,4,2,2,0,0.00011068201274611056,0.0007318176794797182,0.0006211356667336076,-4.434098865238693,-3.0797866836214114,1.3543121816172814,0.007388173136860132,0.9937200546264648,0.9863318814896047,-0.23312442934589495,4.133892715977247,4.367017145323142,0.9925011992454529,0.005548106972128153,-0.9869530922733247,4.667223294584589,-1.0541060323558353,-5.721329326940424
MMdata_1136.50s_0327_183428_2ml,189,945.0,2,4,4,2,2,0,8.985105523606762e-05,0.0006114035495556891,0.0005215524943196215,-4.493346705555974,-3.1940766015988347,1.2992701039571397,0.0058065978810191154,0.993933379650116,0.9881267817690969,-0.3247499474459241,4.199591644249715,4.524341591695639,0.9941036105155945,0.005455168429762125,-0.9886484420858324,4.818096653001899,-1.005515042650881,-5.82361169565278
MMdata_1136.50s_0327_183428_2ml,190,950.0,2,4,4,2,2,0,7.532782183261588e-05,0.0005876928335055709,0.000512365011672955,-4.510759858286324,-3.137709627616167,1.3730502306701569,0.004293452482670546,0.9951614737510681,0.9908680212683976,-0.46776294192015033,4.296746241127639,4.76450918304779,0.995631217956543,0.004250863566994667,-0.9913803543895483,4.9785228002064725,-1.1590366135114722,-6.137559413717945
MMdata_1136.50s_0327_183428_2ml,191,955.0,2,4,4,2,2,0,0.0001429952826583758,0.0006915112608112395,0.0005485159781528637,-4.30532356334834,-3.2822239695365036,1.0230995938118363,0.008388792164623737,0.990183413028717,0.9817946208640933,-0.23348337687157894,3.9845420655131014,4.218025442384681,0.9914681911468506,0.009125110693275928,-0.9823430804535747,4.53880694021992,-0.7023180959765964,-5.241125036196516
MMdata_1136.50s_0327_183428_2ml,192,960.0,2,4,4,2,2,0,0.00013719990965910256,0.000691354856826365,0.0005541549471672624,-4.42422908969567,-2.872013935624837,1.5522151540708329,0.011062515899538994,0.9966616630554199,0.9855991471558809,-0.03435041996427213,4.401499467771674,4.435849887735946,0.9888002872467041,0.0026469985023140907,-0.98615328874439,4.458579509659942,-1.529485532146838,-5.98806504180678
MMdata_1136.50s_0327_183428_2ml,193,965.0,2,4,4,2,2,0,8.010541932890192e-05,0.0006355151417665184,0.0005554097224376164,-4.483419867273574,-3.2986679056195385,1.1847519616540358,0.0044738310389220715,0.9912766218185425,0.9868027907796204,-0.4607629998668612,4.053645085880489,4.51440808574735,0.9954460859298706,0.008087918162345886,-0.9873581677675247,4.944182867140434,-0.7549771802609486,-5.699160047401382
MMdata_1136.50s_0327_183428_2ml,194,970.0,2,4,4,2,2,0,6.02965010330081e-05,0.0005969384801574051,0.000536641979124397,-4.542867822152142,-3.2632137279722455,1.2796540941798966,0.0030251964926719666,0.9929983615875244,0.9899731650948524,-0.6274105736045401,4.153456505321286,4.7808670789258265,0.9969145059585571,0.006404684856534004,-0.9905098211020231,5.170278395756683,-0.8902427773490418,-6.060521173105725
MMdata_1136.50s_0327_183428_2ml,195,975.0,2,4,4,2,2,0,0.0001393453567288816,0.0007006247760728002,0.0005612794193439186,-4.312538968870604,-3.2845352862214017,1.0280036826492025,0.008138240315020084,0.989863932132721,0.9817256918177009,-0.24516514320593163,3.968815009937393,4.213980153143325,0.9917224049568176,0.009435439482331276,-0.9822869654744864,4.557704112076535,-0.6842797237159908,-5.241983835792526
MMdata_1136.50s_0327_183428_2ml,196,980.0,2,4,4,2,2,0,0.0001675296516623348,0.000900912273209542,0.0007333826215472072,-4.406029739207731,-2.693432197349206,1.7125975418585249,0.01569167710840702,0.9964680671691895,0.9807763900607824,0.13369563063366474,4.315132288943246,4.181436658309582,0.9841407537460327,0.0026310544926673174,-0.9815096992533654,4.272334108574066,-1.6217000915940414,-5.894034200168107
MMdata_1136.50s_0327_183428_2ml,197,985.0,2,4,4,2,2,0,0.00010228450992144644,0.0006642568623647094,0.0005619723524432629,-4.446025220719725,-3.3280744546881857,1.117950766031539,0.0065337722189724445,0.989669144153595,0.9831353719346225,-0.28904373337713807,3.978382598157911,4.267426331535049,0.9933639764785767,0.009666631929576397,-0.9836973445490003,4.73506895409686,-0.650308143469724,-5.385377097566584
MMdata_1136.50s_0327_183428_2ml,198,990.0,2,4,4,2,2,0,6.985016079852358e-05,0.0006044203182682395,0.0005345701574697159,-4.495653094839788,-3.202420533404667,1.2932325614351212,0.003525421256199479,0.9939291477203369,0.9904037264641374,-0.5742502691838531,4.2027308226466795,4.776981091830533,0.996404767036438,0.005466424860060215,-0.9909383421763778,5.069903364023642,-1.0003102892420133,-6.070213653265656
MMdata_1136.50s_0327_183428_2ml,199,995.0,2,4,4,2,2,0,0.0001257587573491037,0.0007253868971019983,0.0005996281397528946,-4.318902456133732,-3.1703065397836916,1.1485959163500405,0.006746802479028702,0.9921112060546875,0.9853644035756588,-0.33644393881441204,4.050578779389275,4.387022718203687,0.9931274652481079,0.00716339610517025,-0.9859640691429377,4.655346394948145,-0.880272239605584,-5.535618634553729
MMdata_1136.50s_0327_183428_2ml,200,1000.0,2,4,4,2,2,0,0.00017040089005604386,0.0009122552582994103,0.0007418543682433665,-4.36892712596884,-3.0706748625572793,1.2982522634115607,0.01450667716562748,0.9906731247901917,0.9761664476245642,0.07528335291095978,3.9195452131413173,3.8442618602303575,0.9853229522705078,0.00841460656374693,-0.9769083457067609,4.293643773057881,-0.848870350584038,-5.142514123641919
MMdata_1136.50s_0327_183428_2ml,201,1005.0,2,4,4,2,2,0,8.872538455761969e-05,0.0006949113449081779,0.0006061859603505582,-4.4721516200603295,-3.3848425179777344,1.0873091020825951,0.005310547538101673,0.9867239594459534,0.9814134119078517,-0.3802474294078815,3.8735188088296475,4.253766238237529,0.994600772857666,0.012581094168126583,-0.9820196786895394,4.852399049468211,-0.4886762908519122,-5.341075340320123
MMdata_1136.50s_0327_183428_2ml,202,1010.0,2,4,4,2,2,0,5.386557677411474e-05,0.0006384420557878911,0.0005845764790137764,-4.530277063804656,-3.292444061465414,1.2378330023392419,0.002323160180822015,0.9913506507873535,0.9890274906065315,-0.7660850031791346,4.055348603740316,4.8214336069194506,0.9976230263710022,0.008010996505618095,-0.9896120298653841,5.29636206698379,-0.7629045422749039,-6.059266609258694
MMdata_1136.50s_0327_183428_2ml,203,1015.0,2,4,4,2,2,0,0.00012002648145426065,0.0006815829547122121,0.0005615564732579514,-4.319292561637213,-3.241819704570518,1.0774728570666952,0.006149222142994404,0.9914757013320923,0.9853264791890979,-0.3829240868715109,4.040712047649453,4.423636134520964,0.9937307834625244,0.007842754013836384,-0.985888029448688,4.702216648508723,-0.7988923430789345,-5.501108991587658
MMdata_1136.50s_0327_183428_2ml,204,1020.0,2,4,4,2,2,0,0.00018328585429117084,0.0009686358971521258,0.000785350042860955,-4.38983495705,-2.565757079821589,1.8240778772284107,0.017932502552866936,0.9969587326049805,0.9790262300521135,0.19348819388580552,4.37081878655038,4.177330592664575,0.981884241104126,0.002072651870548725,-0.9798115892335773,4.196346763164194,-1.8050617067287904,-6.001408469892985
MMdata_1136.50s_0327_183428_2ml,205,1025.0,2,4,4,2,2,0,8.960456034401432e-05,0.0006085524219088256,0.0005189478615648113,-4.477209089886386,-3.1960537030740204,1.2811553868123653,0.005500171799212694,0.9939549565315247,0.988454784732312,-0.3600806983154543,4.20231040806211,4.562391106377564,0.9944102168083191,0.005436441861093044,-0.988973774947226,4.837289788201841,-1.006256704988088,-5.843546493189929
MMdata_1136.50s_0327_183428_2ml,206,1030.0,2,4,4,2,2,0,6.340598338283598e-05,0.0005889481981284916,0.0005255422147456557,-4.529592542215853,-3.0650276628926756,1.4645648793231771,0.003215273143723607,0.9959812164306641,0.9927659432869405,-0.6034831820991542,4.36811778355507,4.971600965654225,0.9967213273048401,0.003429863601922989,-0.9932914637029171,5.133075724315007,-1.3030901206623948,-6.436165844977402
MMdata_1136.50s_0327_183428_2ml,207,1035.0,2,4,4,2,2,0,0.00013510228018276393,0.0006493874243460596,0.0005142851441632956,-4.298865358412976,-3.184311026321045,1.1145543320919309,0.007336738053709269,0.9933708906173706,0.9860341525636613,-0.30424786499839485,4.148518857678108,4.452766722676503,0.9925282001495361,0.005979741923511028,-0.9865484582260251,4.60311322341137,-0.9642078313570632,-5.567321054768433
MMdata_1136.50s_0327_183428_2ml,208,1040.0,2,4,4,2,2,0,0.0002071589115075767,0.0013933888403698802,0.0011862299288623035,-4.326326329371078,-3.136532052151925,1.189794277219153,0.018954340368509293,0.9742849469184875,0.9553306065499783,0.18997571092048915,3.413432967348541,3.223457256428052,0.9808385372161865,0.024321723729372025,-0.9565168134868145,4.136350618450589,-0.27690091519661486,-4.413251533647204
MMdata_1136.50s_0327_183428_2ml,209,1045.0,2,4,4,2,2,0,7.441570778610185e-05,0.0006046780617907643,0.0005302623540046625,-4.484994241825552,-3.0950281501993304,1.3899660916262215,0.003876799950376153,0.9954370856285095,0.9915602856781334,-0.5318959502758371,4.311212864395644,4.843108814671481,0.9960487484931946,0.003958180081099272,-0.9920905684120953,5.016890192101389,-1.2161847141963138,-6.233074906297703
MMdata_1136.50s_0327_183428_2ml,210,1050.0,2,4,4,2,2,0,7.640090916538611e-05,0.0006235252367332578,0.0005471243275678717,-4.4969514111250755,-3.1370811331522157,1.3598702779728598,0.004237190820276737,0.9945976734161377,0.990360482595861,-0.4812902210370016,4.237623212675825,4.718913433712826,0.995686411857605,0.004778721369802952,-0.990907690487802,4.978241632162077,-1.100542079523608,-6.078783711685685
MMdata_1136.50s_0327_183428_2ml,211,1055.0,2,4,4,2,2,0,0.00013593881158158183,0.0006397677934728563,0.0005038289818912745,-4.306715195671951,-3.2713964172311636,1.0353187784407876,0.007606951519846916,0.9918116331100464,0.9842046815901995,-0.2821022834452034,4.0747867772084705,4.356889060653674,0.9922571182250977,0.0075485543347895145,-0.9847085638903081,4.588817479117156,-0.8033903599773069,-5.392207839094463
MMdata_1136.50s_0327_183428_2ml,212,1060.0,2,4,4,2,2,0,0.00020683117327280343,0.0008715256117284298,0.0006646944384556264,-4.320556606805774,-2.664479577292891,1.6560770295128835,0.018562765792012215,0.9968720078468323,0.9783092420548201,0.17645353495997584,4.3776528334975655,4.20119929853759,0.9812303781509399,0.0022564579267054796,-0.9789739202242345,4.144103071845798,-1.7131732562046746,-5.857276328050473
MMdata_1136.50s_0327_183428_2ml,213,1065.0,2,4,4,2,2,0,8.915340004023165e-05,0.0006943846237845719,0.0006052312237443402,-4.479400915611499,-3.387558001323343,1.0918429142881556,0.0054807355627417564,0.986639678478241,0.9811589429154992,-0.3607647999022445,3.871476163107421,4.232240963009666,0.9944301247596741,0.012665865011513233,-0.9817642597481608,4.840165715513742,-0.4839181617840782,-5.32408387729782
MMdata_1136.50s_0327_183428_2ml,214,1070.0,2,4,4,2,2,0,7.218644168460742e-05,0.000588473747484386,0.0005162873057997786,-4.515734985597926,-3.072249765229582,1.443485220368344,0.004000922664999962,0.9959119558334351,0.9919110331684351,-0.5007069458077913,4.3616320531693376,4.862338998977129,0.9959269165992737,0.003499585436657071,-0.9924273311626166,5.016441931405718,-1.2893822879397545,-6.305824219345473
MMdata_1136.50s_0327_183428_2ml,215,1075.0,2,4,4,2,2,0,0.00014874957560095936,0.0006472993991337717,0.0004985498235328123,-4.303444341922654,-2.9818094598412426,1.321634882081411,0.009032409638166428,0.9961254000663757,0.9870929904282093,-0.19713407434766683,4.35701003519581,4.5541441095434765,0.9908187985420227,0.0032273537945002317,-0.9875914447475225,4.500578416270319,-1.3752005753545662,-5.875778991624885
MMdata_1136.50s_0327_183428_2ml,216,1080.0,2,4,4,2,2,0,0.0001588754093972966,0.0008664489723742008,0.0007075735629769042,-4.4024291129013085,-2.842379536522839,1.5600495763784696,0.01393574383109808,0.9953246116638184,0.9813888678327203,0.07166289785429925,4.204041451223493,4.132378553369194,0.9859053492546082,0.003808995708823204,-0.982096353545785,4.330766215047008,-1.3616619147006555,-5.692428129747664
MMdata_1136.50s_0327_183428_2ml,217,1085.0,2,4,4,2,2,0,9.040723671205342e-05,0.0006573981372639537,0.0005669909005519003,-4.478935835337655,-3.3349990897363084,1.1439367456013465,0.005628968123346567,0.9896759390830994,0.9840469709597528,-0.34757872914191257,3.9818439167928856,4.329422645934798,0.9942805767059326,0.009666717611253262,-0.9846138590946794,4.8265145644795675,-0.6468448270565772,-5.473359391536144
MMdata_1136.50s_0327_183428_2ml,218,1090.0,2,4,4,2,2,0,6.781153206247836e-05,0.0006089064409025013,0.000541094908840023,-4.513603693859344,-3.062803102519764,1.45080059133958,0.003506401786580682,0.9957483410835266,0.9922419392969459,-0.5679903051348152,4.336782104035678,4.904772409170493,0.9964258074760437,0.0036427301820367575,-0.9927830772940069,5.081593998994161,-1.2739790015159143,-6.355573000510075
MMdata_1136.50s_0327_183428_2ml,219,1095.0,2,4,4,2,2,0,0.00014749143156223,0.0007050380227155983,0.0005575465911533684,-4.306994597832057,-2.9825369923858887,1.3244576054461685,0.008974814787507057,0.995455265045166,0.986480450257659,-0.19858710416697267,4.270166737630819,4.468753841797792,0.9908776879310608,0.0038397363387048244,-0.987037951592356,4.50558170199903,-1.2876297452449306,-5.79321144724396
MMdata_1136.50s_0327_183428_2ml,220,1100.0,2,4,4,2,2,0,0.00018280405492987484,0.0009838035330176353,0.0008009994780877605,-4.390571672526865,-2.714956371599719,1.675615300927146,0.017876794561743736,0.9956666231155396,0.9777898285537958,0.1922722439549256,4.204785177639962,4.012512933685036,0.9819404482841492,0.0033494578674435616,-0.9785909904167056,4.198299428571938,-1.4898288060402418,-5.68812823461218
MMdata_1136.50s_0327_183428_2ml,221,1105.0,2,4,4,2,2,0,9.686312841949984e-05,0.0006440008291974664,0.0005471377007779665,-4.480089830057457,-3.2915747642417816,1.1885150658156753,0.006489657796919346,0.9912250638008118,0.9847354060038924,-0.2754236843140001,4.047422117378796,4.322845801692796,0.993413507938385,0.008130904287099838,-0.9852826036512852,4.755513514371458,-0.755847353137014,-5.511360867508472
MMdata_1136.50s_0327_183428_2ml,222,1110.0,2,4,4,2,2,0,5.8673322200775146e-05,0.0005854464252479374,0.0005267731030471623,-4.536145975233079,-3.066991054250673,1.4691549209824055,0.002806707052513957,0.9960053563117981,0.9931986492592841,-0.6683639140511701,4.372142183838971,5.040506097890141,0.9971345663070679,0.0034091374836862087,-0.9937254288233817,5.204509889284247,-1.305151129588297,-6.509661018872544
MMdata_1136.50s_0327_183428_2ml,223,1115.0,2,4,4,2,2,0,0.00015672045992687345,0.0006333109922707081,0.00047659053234383464,-4.299829466665214,-3.1588812716156918,1.1409481950495222,0.009927266277372837,0.9941009879112244,0.9841737216338515,-0.15125275522242276,4.199751205856353,4.351003961078776,0.9899160265922546,0.005265718791633844,-0.9846503078006208,4.451082221887638,-1.0408699342406624,-5.4919521561283
MMdata_1136.50s_0327_183428_2ml,224,1120.0,2,4,4,2,2,0,0.00018758419901132584,0.0008278287714347243,0.0006402445724233985,-4.385817990463495,-2.712348266893308,1.6734697235701868,0.018570607528090477,0.9968218803405762,0.9782512728124857,0.2092895729094124,4.381172775248047,4.171883202338635,0.9812418222427368,0.002350374823436141,-0.9788914474193007,4.176528417554081,-1.6688245083547413,-5.845352925908823
MMdata_1136.50s_0327_183428_2ml,225,1125.0,2,4,4,2,2,0,8.878974040271714e-05,0.0006631060969084501,0.000574316356505733,-4.49463002006238,-3.371775293484754,1.1228547265776263,0.005691440775990486,0.9883395433425903,0.9826481025665998,-0.33418242036350865,3.9350712886698647,4.269253709033373,0.9942197799682617,0.010997401550412178,-0.9832223784178495,4.828812440425888,-0.5632959951851109,-5.392108435610998
MMdata_1136.50s_0327_183428_2ml,226,1130.0,2,4,4,2,2,0,6.942790059838444e-05,0.0005840728990733624,0.0005146449984749779,-4.506830506691043,-3.115183625230773,1.3916468814602698,0.0036019717808812857,0.9954929351806641,0.9918909633997828,-0.5578826279128464,4.325783878257323,4.88366650617017,0.9963286519050598,0.003922989126294851,-0.992405662778765,5.064713134603888,-1.2106002530265512,-6.275313387630439
MMdata_235.00s_0320_224031_no_secretion,0,0.0,0,4,4,0,0,0,0.00012326524301897734,0.9977524876594543,0.9976292224164354,-4.260773794495742,4.682095206093226,8.942869000588967,0.005437441635876894,0.001811120193451643,-0.003626321442425251,-0.47404833367420895,-1.6294644858486445,-1.1554161521744355,0.9944393634796143,0.00043638923671096563,-0.9940029742429033,4.7348221281699505,-3.052630720244583,-7.787452848414533
MMdata_235.00s_0320_224031_no_secretion,1,5.0,0,4,4,0,0,0,0.0001107606221921742,0.9970853924751282,0.996974631852936,-4.387897019446389,4.53886541928648,8.926762438732869,0.00643489183858037,0.002411757130175829,-0.004023134708404541,-0.325778023626631,-1.4856154149345038,-1.1598373913078728,0.9934543371200562,0.000502942712046206,-0.99295139440801,4.713675043073019,-3.053250004351976,-7.766925047424995
MMdata_235.00s_0320_224031_no_secretion,2,10.0,0,4,4,0,0,0,7.339330477407202e-05,0.9965967535972595,0.9965233602924854,-4.357890145870521,4.469681100144503,8.827571246015024,0.002572090597823262,0.0028866934590041637,0.00031460286118090153,-0.8012485523222388,-1.3745534129459491,-0.5733048606237103,0.9973545074462891,0.0005166123155504465,-0.9968378951307386,5.15913869819276,-3.095127687198554,-8.254266385391315
MMdata_235.00s_0320_224031_no_secretion,3,15.0,0,4,4,0,0,0,9.068375948118046e-05,0.9974867105484009,0.9973960267889197,-4.326650276553602,4.59479063189181,8.921440908445412,0.0035791241098195314,0.0020001025404781103,-0.0015790215693414211,-0.6511551727041045,-1.6172497445402376,-0.9660945718361331,0.996330201625824,0.0005131984362378716,-0.9958170031895861,4.977805449257707,-2.977540887351573,-7.95534633660928
MMdata_235.00s_0320_224031_no_secretion,4,20.0,0,4,4,0,0,0,0.0001185646906378679,0.9976435303688049,0.9975249656781671,-4.275057617281115,4.646060588654757,8.921118205935873,0.005249891430139542,0.0018908859929069877,-0.003359005437232554,-0.4845536660576828,-1.6222899413073941,-1.1377362752497113,0.9946315288543701,0.0004655968223232776,-0.9941659320320468,4.759611283338799,-3.023770647347364,-7.783381930686163
MMdata_235.00s_0320_224031_no_secretion,5,25.0,0,4,4,0,0,0,0.00011958397954003885,0.9967806339263916,0.9966610499468516,-4.376678148943623,4.469574304228466,8.846252453172088,0.007258782163262367,0.002657847013324499,-0.004600935149937868,-0.270729683513105,-1.4574400138011905,-1.1867103302880855,0.992621660232544,0.0005614807014353573,-0.9920601795311086,4.647407832456726,-3.0121342904272765,-7.659542122884003
MMdata_235.00s_0320_224031_no_secretion,6,30.0,0,4,4,0,0,0,8.014280319912359e-05,0.9974281191825867,0.9973479763793875,-4.344866426965772,4.611930716984933,8.956797143950705,0.002950542140752077,0.0021097806748002768,-0.0008407614659518003,-0.7389323013630582,-1.546665371719759,-0.8077330703567007,0.9969692826271057,0.0004620805848389864,-0.9965072020422667,5.083798728328828,-3.065265345265173,-8.149064073594001
MMdata_235.00s_0320_224031_no_secretion,7,35.0,0,4,4,0,0,0,0.00010123416723217815,0.9970876574516296,0.9969864232843975,-4.306539222543665,4.529221832632833,8.835761055176498,0.004201900213956833,0.0023899381048977375,-0.0018119621090590954,-0.5806834094377615,-1.5043493866036926,-0.923665977165931,0.9956969022750854,0.0005224345368333161,-0.9951744677382521,4.887222631981425,-3.02487244602914,-7.912095078010565
MMdata_235.00s_0320_224031_no_secretion,8,40.0,0,4,4,0,0,0,0.00010560267401160672,0.9972591400146484,0.9971535373406368,-4.276408501595379,4.57439895866046,8.85080746025584,0.004177107010036707,0.0022577543277293444,-0.0019193526823073626,-0.5987180115835313,-1.516241038322283,-0.9175230267387517,0.9957173466682434,0.00048309293924830854,-0.9952342537289951,4.8751265131789125,-3.0581579203381777,-7.93328443351709
MMdata_235.00s_0320_224031_no_secretion,9,45.0,0,4,4,0,0,0,0.0001147470175055787,0.996912956237793,0.9967982092202874,-4.379788223601553,4.494878440844553,8.874666664446107,0.006742558442056179,0.0025429886300116777,-0.004199569812044501,-0.3063233582781333,-1.4764450042892276,-1.1701216460110944,0.9931427240371704,0.000544085749424994,-0.9925986382877454,4.686111581879686,-3.018433436555326,-7.704545018435012
MMdata_235.00s_0320_224031_no_secretion,10,50.0,0,4,4,0,0,0,9.464070899412036e-05,0.997132420539856,0.9970377798308618,-4.335544090441969,4.558829414114942,8.89437350455691,0.004005427472293377,0.0023893823381513357,-0.0016160451341420412,-0.5902262131070808,-1.4750192694009225,-0.8847930562938418,0.9958999752998352,0.0004781857714988291,-0.9954217895283364,4.925770303549051,-3.083810144714019,-8.009580448263069
MMdata_235.00s_0320_224031_no_secretion,11,55.0,0,4,4,0,0,0,0.0001127636423916556,0.9975080490112305,0.9973952853688388,-4.296833524091861,4.596675511889008,8.89350903598087,0.005068359896540642,0.001975191058591008,-0.0030931688379496336,-0.49135493953301523,-1.6279195738253378,-1.1365646342923226,0.9948188662528992,0.0005167628405615687,-0.9943021034123376,4.788188463624877,-2.968755938063672,-7.756944401688549
MMdata_235.00s_0320_224031_no_secretion,12,60.0,0,4,4,0,0,0,0.00011554035154404119,0.9977486729621887,0.9976331326106447,-4.266770712865987,4.6660248578837855,8.932795570749771,0.004861149936914444,0.00178720208350569,-0.003073947853408754,-0.5273602443920646,-1.6588252408884268,-1.1314649964963621,0.9950233697891235,0.0004640685219783336,-0.9945593012671452,4.79413095725805,-3.0071996169953588,-7.8013305742534085
MMdata_235.00s_0320_224031_no_secretion,13,65.0,0,4,4,0,0,0,0.00011621551675489172,0.9969000816345215,0.9967838661177666,-4.384349515556704,4.492088947892659,8.876438463449364,0.007013456895947456,0.002553552621975541,-0.004459904273971915,-0.28420988968352656,-1.4750760233475004,-1.1908661336639739,0.9928702712059021,0.000546374125406146,-0.992323897080496,4.66855940524023,-3.01701292454516,-7.68557232978539
MMdata_235.00s_0320_224031_no_secretion,14,70.0,0,4,4,0,0,0,8.142404112732038e-05,0.9963456988334656,0.9962642747923383,-4.36659027971307,4.4263906491764065,8.792980928889477,0.0032517225481569767,0.003108361503109336,-0.0001433610450476408,-0.6793207049270604,-1.3436078958863398,-0.6642871909592794,0.9966668486595154,0.0005460312240757048,-0.9961208174354397,5.045910984640131,-3.0827827532900676,-8.128693737930199
MMdata_235.00s_0320_224031_no_secretion,15,75.0,0,4,4,0,0,0,0.00012607008102349937,0.9972358345985413,0.9971097645175178,-4.279090243957544,4.5519343129552965,8.83102455691284,0.006012485828250647,0.0022445025388151407,-0.003767983289435506,-0.41433463752358435,-1.5445690628991278,-1.1302344253755434,0.9938614368438721,0.0005197994178161025,-0.993341637426056,4.693424881481128,-3.0073652500561687,-7.700790131537297
MMdata_235.00s_0320_224031_no_secretion,16,80.0,0,4,4,0,0,0,0.0001221606944454834,0.997611403465271,0.9974892427708255,-4.261386352682943,4.6415982514082055,8.902984604091149,0.005349776707589626,0.0019251250196248293,-0.003424651687964797,-0.4819135961779759,-1.6087746629011717,-1.1268610667231957,0.9945281147956848,0.00046344942529685795,-0.994064665370388,4.74329994886092,-3.032823588507033,-7.776123537367953
MMdata_235.00s_0320_224031_no_secretion,17,85.0,0,4,4,0,0,0,0.00011603219172684476,0.9971151351928711,0.9969991030011442,-4.376921634983687,4.526660092418583,8.903581727402269,0.0068360548466444016,0.002349304500967264,-0.004486750345677137,-0.3008232350660176,-1.5240868251966146,-1.223263590130597,0.9930478930473328,0.0005356002948246896,-0.9925122927525081,4.677744870049704,-3.002573267221969,-7.680318137271673
MMdata_235.00s_0320_224031_no_secretion,18,90.0,0,4,4,0,0,0,8.081045234575868e-05,0.9974740147590637,0.997393204306718,-4.390070616028541,4.62569475252906,9.0157653685576,0.003437288571149111,0.002075013006106019,-0.0013622755650430918,-0.6397387003956343,-1.5495639238628698,-0.9098252234672355,0.9964818954467773,0.00045085951569490135,-0.9960310359310824,5.029809316424175,-3.07613082866619,-8.105940145090365
MMdata_235.00s_0320_224031_no_secretion,19,95.0,0,4,4,0,0,0,0.00011712592095136642,0.9972743391990662,0.9971572132781148,-4.298396742931795,4.561855925493545,8.860252668425339,0.005496176891028881,0.0022142690140753984,-0.0032819078769534826,-0.44983832764097986,-1.5482476384995962,-1.0984093108586164,0.9943866729736328,0.0005114843370392919,-0.9938751886365935,4.748235070572775,-3.0136082869939482,-7.761843357566724
MMdata_235.00s_0320_224031_no_secretion,20,100.0,0,4,4,0,0,0,0.0001110614903154783,0.9974926710128784,0.9973816095225629,-4.266848265830789,4.623168669735561,8.89001693556635,0.004490929190069437,0.002046631881967187,-0.00244429730810225,-0.5671173746771032,-1.5658806740809492,-0.998763299403846,0.9953979849815369,0.00046060618478804827,-0.9949373787967488,4.833965640507893,-3.057287995654611,-7.891253636162504
MMdata_235.00s_0320_224031_no_secretion,21,105.0,0,4,4,0,0,0,0.00011744825314963236,0.9972008466720581,0.9970833984189085,-4.379621207520263,4.5349165812504255,8.914537788770689,0.007062501274049282,0.0022545969113707542,-0.004807904362678528,-0.2830644895229053,-1.5570644157440352,-1.27399992622113,0.9928200840950012,0.0005445385468192399,-0.992275545548182,4.662685697043167,-2.9778521655063903,-7.640537862549557
MMdata_235.00s_0320_224031_no_secretion,22,110.0,0,4,4,0,0,0,6.502072210423648e-05,0.9975507855415344,0.9974857648194302,-4.433626129686944,4.64437438666107,9.078000516348014,0.0025335627142339945,0.002008871641010046,-0.0005246910732239485,-0.7709503717800663,-1.563355481819972,-0.7924051100399057,0.9974014759063721,0.0004403919156175107,-0.9969610839907546,5.20457650146701,-3.0810189048410974,-8.285595406308108
MMdata_235.00s_0320_224031_no_secretion,23,115.0,0,4,4,0,0,0,0.00012449690257199109,0.9972986578941345,0.9971741609915625,-4.294015898193309,4.561491957006693,8.855507855200003,0.006132609210908413,0.002181748393923044,-0.003950860816985369,-0.39692115032866937,-1.563431753741459,-1.1665106034127897,0.9937428832054138,0.000519700872246176,-0.9932231823331676,4.690937048521979,-2.998060203265232,-7.688997251787211
MMdata_235.00s_0320_224031_no_secretion,24,120.0,0,4,4,0,0,0,0.00012096577847842127,0.9972975850105286,0.9971766192320501,-4.290664682585021,4.580310815450786,8.870975498035808,0.005729401484131813,0.002219637855887413,-0.0035097636282444,-0.43280601446546285,-1.527394335827779,-1.0945883213623162,0.9941496849060059,0.0004827877855859697,-0.9936668971204199,4.723470697050483,-3.052916479623007,-7.77638717667349
MMdata_235.00s_0320_224031_no_secretion,25,125.0,0,4,4,0,0,0,0.00012089903611922637,0.9969481825828552,0.996827283546736,-4.374792907592622,4.489161336414724,8.863954244007346,0.007378364447504282,0.0024853860959410667,-0.004892978351563215,-0.26344141918199604,-1.5051094407794405,-1.2416680215974445,0.9925007224082947,0.0005663661868311465,-0.9919343562214635,4.638234326774617,-2.9840518956352824,-7.622286222409899
MMdata_235.00s_0320_224031_no_secretion,26,130.0,0,4,4,0,0,0,7.350574742304161e-05,0.9973199963569641,0.9972464906095411,-4.3949991587961525,4.600217544457862,8.995216703254014,0.002884701592847705,0.0022265505976974964,-0.0006581509951502085,-0.7251860186186967,-1.5044005625030135,-0.7792145438843168,0.9970417618751526,0.0004534080217126757,-0.9965883538534399,5.120185177414847,-3.095816981954849,-8.216002159369696
MMdata_235.00s_0320_224031_no_secretion,27,135.0,0,4,4,0,0,0,0.0001268731866730377,0.9975741505622864,0.9974472773756133,-4.277332941339421,4.614517831129088,8.891850772468509,0.006057594437152147,0.0019224369898438454,-0.004135157447308302,-0.41145295611192534,-1.6372150045285991,-1.2257620484166738,0.993815541267395,0.000503337592817843,-0.9933122036745772,4.688785897451345,-2.9773028266004893,-7.666088724051835
MMdata_235.00s_0320_224031_no_secretion,28,140.0,0,4,4,0,0,0,0.00011657399591058493,0.9973791837692261,0.9972626097733155,-4.303623652945697,4.605281030248731,8.908904683194429,0.005530735943466425,0.0021606204099953175,-0.0033701155334711075,-0.44407371469181633,-1.529454584847417,-1.0853808701556007,0.9943526983261108,0.0004602541448548436,-0.993892444181256,4.747697367637511,-3.0758264454013133,-7.8235238130388245
MMdata_235.00s_0320_224031_no_secretion,29,145.0,0,4,4,0,0,0,0.0001019779228954576,0.9969576597213745,0.996855681798479,-4.38852996342663,4.500160030576575,8.888689994003204,0.005459810607135296,0.002496863016858697,-0.002962947590276599,-0.40811693028303786,-1.4895131200964196,-1.0813961898133817,0.9944381713867188,0.000545474817045033,-0.9938926965696737,4.796646893709671,-3.0106469104801565,-7.807293804189827
MMdata_235.00s_0320_224031_no_secretion,30,150.0,0,4,4,0,0,0,7.787724462104961e-05,0.997416615486145,0.997338738241524,-4.3854142696569705,4.619819283677506,9.005233553334477,0.003147078910842538,0.00213805865496397,-0.0010090202558785677,-0.6863180980414105,-1.5254510213668588,-0.8391329233254483,0.9967750906944275,0.0004452946886885911,-0.9963297960057389,5.071732367698381,-3.094368262310647,-8.166100630009028
MMdata_235.00s_0320_224031_no_secretion,31,155.0,0,4,4,0,0,0,0.00010577014472801238,0.9974974989891052,0.9973917288443772,-4.312837958554385,4.590599706289221,8.903437664843606,0.004676633048802614,0.0019765777979046106,-0.0027000552508980036,-0.5237725562427151,-1.6332829707632657,-1.1095104145205505,0.9952176809310913,0.0005258881137706339,-0.9946917928173207,4.836610514797099,-2.9573167355259544,-7.793927250323053
MMdata_235.00s_0320_224031_no_secretion,32,160.0,0,4,4,0,0,0,0.00014283560449257493,0.9977703094482422,0.9976274738437496,-4.2713338976370006,4.678957347359252,8.950291244996253,0.0075522796250879765,0.0017818661872297525,-0.005770413437858224,-0.3034235138781449,-1.6489045167221823,-1.3454810028440374,0.9923048615455627,0.00044776484719477594,-0.991857096698368,4.574757411515145,-3.030052830637069,-7.6048102421522135
MMdata_235.00s_0320_224031_no_secretion,33,165.0,0,4,4,0,0,0,9.492012031842023e-05,0.9975556135177612,0.9974606933974428,-4.3878455346744,4.5963522175314555,8.984197752205855,0.004716965369880199,0.001909093582071364,-0.0028078717878088355,-0.4819602921169981,-1.6623271175217482,-1.1803668254047501,0.9951881170272827,0.0005352242733351886,-0.9946528927539475,4.869805826791397,-2.934025100009708,-7.803830926801105
MMdata_235.00s_0320_224031_no_secretion,34,170.0,0,4,4,0,0,0,7.442521746270359e-05,0.9977794289588928,0.9977050037414301,-4.389759657717071,4.69635344106752,9.08611309878459,0.0029112803749740124,0.0017997774994000793,-0.0011115028755739331,-0.7232062317209094,-1.6215157519325212,-0.8983095202116118,0.9970142841339111,0.0004207742167636752,-0.9965935099171475,5.11296588943798,-3.0748376891349967,-8.187803578572977
MMdata_235.00s_0320_224031_no_secretion,35,175.0,0,4,4,0,0,0,0.00010358692816225812,0.9962385892868042,0.9961350023586419,-4.314084186166415,4.3656561981471915,8.679740384313607,0.004501563962548971,0.0031058702152222395,-0.0013956937473267317,-0.5423151693799859,-1.4050366395565268,-0.8627214701765409,0.995394766330719,0.0006555445725098252,-0.9947392217582092,4.8563993555464,-2.9606195585906665,-7.8170189141370665
MMdata_235.00s_0320_224031_no_secretion,36,180.0,0,4,4,0,0,0,0.00017475159256719053,0.9978646636009216,0.9976899120083544,-4.236961206596536,4.705697717956159,8.942658924552696,0.0102246617898345,0.001702852314338088,-0.008521809475496411,-0.1677687974968709,-1.6676152645072966,-1.4998464670104257,0.9896005988121033,0.00043250451562926173,-0.989168094296474,4.404730004093407,-3.0380824534488626,-7.44281245754227
MMdata_235.00s_0320_224031_no_secretion,37,185.0,0,4,4,0,0,0,8.789025741862133e-05,0.997130811214447,0.9970429209570284,-4.4044647109972095,4.514159197541412,8.91862390853862,0.004248867277055979,0.0023016193881630898,-0.001947247888892889,-0.5261459690929398,-1.5571098116469306,-1.0309638425539909,0.9956632256507874,0.0005676066502928734,-0.9950956190004945,4.930610680090149,-2.9570493858944804,-7.88766006598463
MMdata_235.00s_0320_224031_no_secretion,38,190.0,0,4,4,0,0,0,0.00010171074973186478,0.9974141120910645,0.9973124013413326,-4.324658753591563,4.617003774731802,8.941662528323365,0.0044797551818192005,0.0021365906577557325,-0.002343164524063468,-0.5394680744713547,-1.5289508591198206,-0.989482784648466,0.9954185485839844,0.00044937810162082314,-0.9949691704823636,4.864126828062916,-3.088052915611982,-7.952179743674898
MMdata_235.00s_0320_224031_no_secretion,39,195.0,0,4,4,0,0,0,0.00010334516264265403,0.9970018267631531,0.9968984816005104,-4.311233828367677,4.497825284005029,8.809059112372706,0.004442159086465836,0.002434804104268551,-0.0020073549821972847,-0.5504124898480631,-1.5170610149091663,-0.9666485250611032,0.9954544305801392,0.000563359702937305,-0.9948910708772019,4.861646318215739,-2.9807642690958644,-7.842410587311603
MMdata_235.00s_0320_224031_no_secretion,40,200.0,0,4,4,0,0,0,0.0001469656272092834,0.9975625276565552,0.9974155620293459,-4.259494439525629,4.642251514673723,8.901745954199352,0.007717655505985022,0.0019899324979633093,-0.005727723008021712,-0.2984272644931325,-1.5749625989535554,-1.2765353344604229,0.9921354055404663,0.00044743428588844836,-0.9916879712545779,4.557921704018761,-3.0672889157201677,-7.625210619738929
MMdata_235.00s_0320_224031_no_secretion,41,205.0,0,4,4,0,0,0,0.00010500083590159193,0.9967195391654968,0.9966145383295952,-4.402153665516999,4.449960242096006,8.852113907613006,0.006033269222825766,0.0026926661375910044,-0.0033406030852347612,-0.3510776741320045,-1.4639773515580066,-1.112899677426002,0.9938616752624512,0.0005877381772734225,-0.9932739370851777,4.753231339649002,-2.985982890537999,-7.739214230187001
MMdata_235.00s_0320_224031_no_secretion,42,210.0,0,4,4,0,0,0,9.205762762576342e-05,0.997605562210083,0.9975135045824572,-4.347622357553711,4.658497964002324,9.006120321556036,0.003929296042770147,0.0019621970131993294,-0.001967099029570818,-0.5938215608990802,-1.5727952353628023,-0.9789736744637221,0.995978593826294,0.00043221042142249644,-0.9955463834048714,4.941443918452791,-3.0857027286395224,-8.027146647092312
MMdata_235.00s_0320_224031_no_secretion,43,215.0,0,4,4,0,0,0,9.852778021013364e-05,0.9967581629753113,0.9966596351951011,-4.321509041875298,4.449078982992029,8.770588024867326,0.0041628871113061905,0.0026409674901515245,-0.001521919621154666,-0.577883453202122,-1.484283869261942,-0.90640041605982,0.9957386255264282,0.0006008764612488449,-0.9951377490651794,4.89939249507742,-2.9647951137300863,-7.864187608807506
MMdata_235.00s_0320_224031_no_secretion,44,220.0,0,4,4,0,0,0,0.00017935861251316965,0.9976035952568054,0.9974242366442923,-4.230283750464406,4.639690720690774,8.86997447115518,0.010560897178947926,0.0019319811835885048,-0.00862891599535942,-0.15475746021423387,-1.6071192811752653,-1.4523618209610314,0.9892597198486328,0.0004644477739930153,-0.9887952720746398,4.385041210678639,-3.0325714395155074,-7.417612650194147
MMdata_235.00s_0320_224031_no_secretion,45,225.0,0,4,4,2,2,0,0.00010621755791362375,0.026170814409852028,0.026064596851938404,-4.39881342235825,-0.7369069790817964,3.661906443276454,0.006112841889262199,0.9673704504966736,0.9612576086074114,-0.3461557812317384,2.873029699524235,3.219185480755973,0.9937809109687805,0.006458706688135862,-0.9873222042806447,4.7449692035899895,-2.1361227204424393,-6.881091924032429
MMdata_235.00s_0320_224031_no_secretion,46,230.0,0,4,4,2,2,0,9.836110257310793e-05,0.4793146550655365,0.4792162939629634,-4.328239081425766,1.4107668569912963,5.739005938417062,0.004233731422573328,0.514198362827301,0.5099646314047277,-0.5660454920931919,1.4810186862213541,2.047064178314546,0.9956679344177246,0.006487030535936356,-0.9891809038817883,4.894284573518957,-2.8917855432126505,-7.786070116731607
MMdata_442.75s_0327_203239_4ml,0,0.0,4,4,4,4,4,1,5.702997441403568e-05,5.067529855296016e-06,-5.196244455873966e-05,-4.548124638621082,-4.342727637579472,0.20539700104160996,0.002748544793576002,1.168605376733467e-05,-0.0027368587398086675,-0.6728747505184582,-3.5071849833039437,-2.8343102327854854,0.9971944093704224,0.9999831914901733,0.0027887821197509766,5.220999389139543,7.849912620883414,2.628913231743871
MMdata_442.75s_0327_203239_4ml,1,5.0,4,4,4,4,4,1,3.911135354428552e-05,0.00022144753893371671,0.0001823361853894312,-4.606089435182395,-3.6158199200568957,0.9902695151254992,0.0015363427810370922,0.002527721459046006,0.000991378678008914,-0.9353421784527818,-1.1809320700901162,-0.24558989163733447,0.9984245300292969,0.9972508549690247,-0.0011736750602722168,5.541431613635177,4.796751990147011,-0.7446796234881656
MMdata_442.75s_0327_203239_4ml,2,10.0,4,4,4,4,4,1,0.00019348856585565954,8.19362685433589e-06,-0.00018529493900132366,-4.312300668899311,-4.3611612433811375,-0.0488605744818269,0.015802985057234764,3.2289011869579554e-05,-0.015770696045365185,0.09043504040558759,-2.98979090002432,-3.0802259404299077,0.984003484249115,0.9999594688415527,0.015955984592437744,4.221865628493722,7.350952143405459,3.1290865149117373
MMdata_442.75s_0327_203239_4ml,3,15.0,4,4,4,4,4,1,0.00029397031175903976,1.1806571819761302e-05,-0.00028216373993927846,-4.216372625251751,-4.026932982599615,0.1894396426521352,0.027693454176187515,2.4597316951258108e-05,-0.027668856859236257,0.32909994584040003,-3.292951922951148,-3.622051868791548,0.9720126390457153,0.999963641166687,0.02795100212097168,3.8872726794113506,7.319884905550766,3.4326122261394154
MMdata_442.75s_0327_203239_4ml,4,20.0,4,4,4,4,4,1,5.7666824432089925e-05,9.548522029945161e-06,-4.8118302402144764e-05,-4.5491138923504515,-3.916495033780599,0.6326188585698524,0.0028188261203467846,1.155095833382802e-05,-0.0028072751620129566,-0.6597201261055305,-3.726113008882624,-3.0663928827770937,0.9971235394477844,0.9999788999557495,0.002855360507965088,5.20883401845598,7.642608042663223,2.433774024207243
MMdata_442.75s_0327_203239_4ml,5,25.0,4,4,4,4,4,1,4.2201947508146986e-05,4.779202936333604e-05,5.590081855189055e-06,-4.5967968661736345,-4.147470773679072,0.44932609249456235,0.0017399236094206572,0.000578967563342303,-0.0011609560460783541,-0.877666747019882,-1.6530831954087937,-0.7754164483889117,0.9982178807258606,0.9993732571601868,0.0011553764343261719,5.474463613193514,5.800553969087868,0.32609035589435376
MMdata_442.75s_0327_203239_4ml,6,30.0,4,4,4,4,4,1,0.00019230999168939888,6.714652045047842e-06,-0.00018559533964435104,-4.305576269156577,-4.195537279973719,0.1100389891828586,0.015291314572095871,1.3193248378229327e-05,-0.015278121323717642,0.07035539190091633,-3.5201240788001638,-3.59047947070108,0.9845163226127625,0.999980092048645,0.015463769435882568,4.235220877255661,7.715661358773883,3.4804404815182224
MMdata_442.75s_0327_203239_4ml,7,35.0,4,4,4,4,4,1,0.0003067835932597518,1.1498328603920527e-05,-0.00029528526465583127,-4.230504209252523,-4.055369687838458,0.17513452141406471,0.03159352391958237,2.5407358407392167e-05,-0.031568116561174975,0.40406063899175937,-3.2625325407077694,-3.666593179699529,0.9680997133255005,0.9999630451202393,0.03186333179473877,3.8264435702607646,7.317902228546227,3.4914586582854628
MMdata_442.75s_0327_203239_4ml,8,40.0,4,4,4,4,4,1,6.140186451375484e-05,7.324049875023775e-06,-5.407781463873107e-05,-4.534733420789533,-4.160407472718629,0.37432594807090425,0.003061615629121661,1.4126609130471479e-05,-0.0030474890199911897,-0.6254755831697638,-3.5035107180289655,-2.8780351348592017,0.9968769550323486,0.9999785423278809,0.0031015872955322266,5.160209003959297,7.663918190747597,2.5037091867883
MMdata_442.75s_0327_203239_4ml,9,45.0,4,4,4,4,4,1,3.953904160880484e-05,5.000064629712142e-05,1.0461604688316584e-05,-4.603463292400925,-3.9892742887799146,0.6141890036210107,0.001557839335873723,0.00039418821688741446,-0.0011636511189863086,-0.929696772245765,-1.9244817169990016,-0.9947849447532366,0.9984026551246643,0.999555766582489,0.001153111457824707,5.53316006464669,5.913756005778917,0.38059594113222683
MMdata_442.75s_0327_203239_4ml,10,50.0,4,4,4,4,4,1,0.00019026365771424025,6.216403107828228e-06,-0.00018404725460641203,-4.307500207805769,-4.202510880245275,0.10498932756049406,0.015050549991428852,1.154696656158194e-05,-0.01503900302486727,0.06325882357106583,-3.5832795741324395,-3.6465383977035053,0.9847591519355774,0.9999822378158569,0.015223085880279541,4.2442413842347015,7.785790454377717,3.5415490701430157
MMdata_442.75s_0327_203239_4ml,11,55.0,4,4,4,4,4,1,0.00018512312090024352,9.413996849616524e-06,-0.000175709124050627,-4.276768681753439,-4.064914030570778,0.21185465118266134,0.012965872883796692,1.7525442672194913e-05,-0.012948347441124497,-0.027713781975644558,-3.443457946830229,-3.4157441648545843,0.9868489503860474,0.9999730587005615,0.01312410831451416,4.304482463729084,7.508371977401006,3.203889513671922
MMdata_442.75s_0327_203239_4ml,12,60.0,4,4,4,4,4,1,5.5988326494116336e-05,9.692647836345714e-06,-4.629567865777062e-05,-4.5500593057344,-3.878118192905429,0.6719411128289705,0.002664249623194337,1.0607906006043777e-05,-0.002653641717188293,-0.6875247896067194,-3.7878862632685415,-3.100361473661822,0.9972797632217407,0.9999797344207764,0.0026999711990356445,5.237584095341116,7.666004456173973,2.428420360832857
MMdata_442.75s_0327_203239_4ml,13,65.0,4,4,4,4,4,1,4.232808350934647e-05,7.173775520641357e-05,2.9409671697067097e-05,-4.596334643416948,-4.0129151224233235,0.5834195209936244,0.0017479287926107645,0.0008714973810128868,-0.0008764314115978777,-0.875598603034085,-1.5157194435482282,-0.6401208405141432,0.9982097148895264,0.9990567564964294,0.0008470416069030762,5.471933246451032,5.528634565971551,0.05670131952051882
MMdata_442.75s_0327_203239_4ml,14,70.0,4,4,4,4,4,1,0.00011529080802574754,7.4828417382377665e-06,-0.00010780796628750977,-4.364838647857584,-4.271951008204817,0.09288763965276736,0.006506549660116434,2.060627957689576e-05,-0.006485943380539538,-0.3317317611415671,-3.2589677763991682,-2.927236015257601,0.993378221988678,0.999971866607666,0.006593644618988037,4.696570408999151,7.530918784603986,2.8343483756048347
MMdata_442.75s_0327_203239_4ml,15,75.0,4,4,4,4,4,1,0.0002922851126641035,1.0140042832063045e-05,-0.00028214506983204046,-4.261085383021189,-4.327980040272348,-0.06689465725115884,0.03142751008272171,4.4766897190129384e-05,-0.03138274318553158,0.41662378347237183,-2.843003298203535,-3.259627081675907,0.9682801365852356,0.9999450445175171,0.031664907932281494,3.8444615995488176,7.170983338475886,3.3265217389270685
MMdata_442.75s_0327_203239_4ml,16,80.0,4,4,4,4,4,1,5.149310527485795e-05,8.946126399678178e-06,-4.2546978875179775e-05,-4.560605339588437,-4.126161613480302,0.4344437261081353,0.002325245412066579,1.9019096725969575e-05,-0.0023062263153406093,-0.7504723941094555,-3.3719386823335897,-2.621466288224134,0.9976232647895813,0.9999719858169556,0.0023487210273742676,5.3110777336978945,7.498100295813894,2.1870225621159998
MMdata_442.75s_0327_203239_4ml,17,85.0,4,4,4,4,4,1,3.997205203631893e-05,0.00014036116772331297,0.00010038911568699405,-4.603334269501376,-4.307872815457531,0.2954614540438447,0.001591585809364915,0.00814258586615324,0.006551000056788325,-0.9190286177619873,-0.24722860310228612,0.6718000146597012,0.9983684420585632,0.9917170405387878,-0.006651401519775391,5.522362887263362,4.5551014185598175,-0.9672614687035441
MMdata_442.75s_0327_203239_4ml,18,90.0,4,4,4,4,4,1,0.00019283818255644292,6.559419034601888e-06,-0.00018627876352184103,-4.304961667327519,-4.1382751810765805,0.16668648625093851,0.015347994863986969,1.0602992006170098e-05,-0.015337391871980799,0.0719270445281266,-3.6580409922904034,-3.72996803681853,0.9844591617584229,0.9999828338623047,0.015523672103881836,4.233034622799392,7.796316173366981,3.5632815505675897
MMdata_442.75s_0327_203239_4ml,19,95.0,4,4,4,4,4,1,0.0002800076035782695,2.5926503440132365e-05,-0.0002540811001381371,-4.3116061045801395,-4.464195576806038,-0.15258947222589825,0.03363926336169243,0.00044057215563952923,-0.0331986912060529,0.47702635313929376,-1.6313870852341603,-2.108413438373454,0.9660806655883789,0.9995335340499878,0.03345286846160889,3.8345797514408444,6.095582662040195,2.261002910599351
MMdata_442.75s_0327_203239_4ml,20,100.0,4,4,4,4,4,1,5.5250420700758696e-05,8.811052794044372e-06,-4.6439367906714324e-05,-4.551762309498513,-3.9326576090863616,0.6191047004121515,0.002607623813673854,1.0324248250981327e-05,-0.0025972995654228725,-0.6974435949414826,-3.7741692142116774,-3.076725619270195,0.9973371624946594,0.9999808073043823,0.0026436448097229004,5.249205904439994,7.706826823298039,2.457620918858045
MMdata_442.75s_0327_203239_4ml,21,105.0,4,4,4,4,4,1,4.027464092359878e-05,1.887236794573255e-05,-2.1402272977866232e-05,-4.603032403559319,-4.233466788194343,0.36956561536497645,0.0016143483808264136,0.000116795337817166,-0.0014975530430092476,-0.9120677420948295,-2.4107424733736034,-1.4986747312787738,0.9983453750610352,0.9998643398284912,0.0015189647674560547,5.51510014565415,6.644209261567946,1.1291091159137956
MMdata_442.75s_0327_203239_4ml,22,110.0,4,4,4,4,4,1,0.0002000578388106078,8.69361792865675e-06,-0.00019136422088195104,-4.289358480127579,-4.406508072107754,-0.1171495919801755,0.015770195052027702,4.164754136581905e-05,-0.015728547510661883,0.07791204951011199,-2.8398549211165696,-2.9177669706266816,0.9840297698974609,0.9999496936798096,0.015919923782348633,4.211446430617468,7.246362993224321,3.0349165626068526
MMdata_442.75s_0327_203239_4ml,23,115.0,4,4,4,4,4,1,0.0001287230697926134,6.193761691974942e-06,-0.00012252930810063845,-4.406933915767353,-4.152621539266113,0.2543123765012396,0.009228195995092392,9.86956092674518e-06,-0.009218326434165647,-0.13457840853196412,-3.6867087792487423,-3.552130370716778,0.9906430840492249,0.9999839067459106,0.009340822696685791,4.541512324299316,7.839330318514855,3.2978179942155386
MMdata_442.75s_0327_203239_4ml,24,120.0,4,4,4,4,4,1,5.510891060112044e-05,2.2756748876417987e-05,-3.2352161724702455e-05,-4.5502220822346136,-3.9744211744266353,0.5758009078079782,0.0025822576135396957,7.806777284713462e-05,-0.002504189840692561,-0.7031141629219686,-2.7417055976538647,-2.038591434731896,0.9973626732826233,0.99989914894104,0.002536475658416748,5.253336245156583,6.7161267720804965,1.4627905269239134
MMdata_442.75s_0327_203239_4ml,25,125.0,4,4,4,4,4,1,4.043159424327314e-05,2.51830970228184e-05,-1.5248497220454738e-05,-4.602451036379116,-4.036696747693788,0.5657542886853282,0.0016241364646703005,0.00011524567526066676,-0.0015088907894096337,-0.9093310042794975,-2.5158036077734574,-1.6064726034939598,0.9983354210853577,0.9998595714569092,0.0015241503715515137,5.5117820406586135,6.552500355467249,1.0407183148086352
MMdata_442.75s_0327_203239_4ml,26,130.0,4,4,4,4,4,1,0.00023074225464370102,7.607779025420314e-06,-0.0002231344756182807,-4.261607746893261,-4.02110861315071,0.24049913374255105,0.01937454380095005,1.0035968443844467e-05,-0.019364507832506206,0.16880625448184983,-3.7441044087399638,-3.9129106632218136,0.980394721031189,0.9999823570251465,0.01958763599395752,4.092801492411411,7.7652130218906725,3.6724115294792616
MMdata_442.75s_0327_203239_4ml,27,135.0,4,4,4,4,4,1,0.00022485177032649517,5.282979145704303e-06,-0.00021956879118079087,-4.355982872266134,-4.378389012480779,-0.022406140214645376,0.024548504501581192,1.4135031960904598e-05,-0.024534369469620287,0.33698195611612514,-3.394222930959698,-3.731204887075823,0.975226640701294,0.9999805688858032,0.024753928184509277,4.019000916150008,7.772611943440478,3.7536110272904697
MMdata_442.75s_0327_203239_4ml,28,140.0,4,4,4,4,4,1,4.774531043949537e-05,1.1558718142623547e-05,-3.618659229687182e-05,-4.560001695527668,-3.9864851436657665,0.5735165518619016,0.001994803547859192,2.0881367163383402e-05,-0.0019739221806958085,-0.8275816947160042,-3.395067875400806,-2.567486180684802,0.9979574680328369,0.9999675750732422,0.0020101070404052734,5.3875833902436705,7.381553019066574,1.9939696288229039
MMdata_442.75s_0327_203239_4ml,29,145.0,4,4,4,4,4,1,4.1499170038150623e-05,0.00010583223047433421,6.433306043618359e-05,-4.602368394123081,-4.464896835444086,0.1374715586789952,0.0017107638996094465,0.007408869918435812,0.0056981060188263655,-0.8833465474163997,-0.2163187453133073,0.6670278021030924,0.9982477426528931,0.9924853444099426,-0.0057623982429504395,5.485714941539481,4.681215580757396,-0.804499360782085
MMdata_442.75s_0327_203239_4ml,30,150.0,4,4,4,4,4,1,0.0002321316278539598,6.41186898064916e-06,-0.00022571975887331064,-4.257898952111284,-4.226153660891385,0.031745291219898775,0.019391976296901703,1.3187528566049878e-05,-0.019378788768335653,0.16741114222663,-3.5050328845891956,-3.6724440268158256,0.9803758859634399,0.9999804496765137,0.01960456371307373,4.090487809884657,7.731186545480581,3.640698735595924
MMdata_442.75s_0327_203239_4ml,31,155.0,4,4,4,4,4,1,0.00022081656788941473,3.177156031597406e-05,-0.00018904500757344067,-4.352025854781264,-4.397639572729508,-0.045613717948244314,0.02336752973496914,0.0005419236258603632,-0.022825606109108776,0.3097445174482467,-1.5610860528639856,-1.8708305703122323,0.9764116406440735,0.9994263648986816,0.023014724254608154,4.042281337333018,5.958725625593495,1.9164442882604762
MMdata_442.75s_0327_203239_4ml,32,160.0,4,4,4,4,4,1,5.220945240580477e-05,1.3568380381911993e-05,-3.8641072023892775e-05,-4.553487607144082,-3.8461351466917213,0.7073524604523609,0.002339925616979599,1.8885823010350578e-05,-0.0023210397939692484,-0.7508767459795864,-3.5154657252483394,-2.764588979268753,0.9976078271865845,0.9999675750732422,0.002359747886657715,5.304364353123669,7.361600871940061,2.057236518816392
MMdata_442.75s_0327_203239_4ml,33,165.0,4,4,4,4,4,1,1.3923076039645821e-05,1.591718682902865e-05,1.9941107893828303e-06,-4.696346312439187,-4.466810873045002,0.22953543939418442,0.0002549054042901844,0.00016731933283153921,-8.758607145864516e-05,-1.7890014100261054,-2.1143061719416476,-0.32530476191554225,0.9997311234474182,0.9998168349266052,8.571147918701172e-05,6.48534772246529,6.581117044986647,0.09576932252135695
MMdata_442.75s_0327_203239_4ml,34,170.0,4,4,4,4,4,1,0.0002521767746657133,7.362030373769812e-06,-0.0002448147442919435,-4.241354244656146,-4.068169209579378,0.1731850350767683,0.021832279860973358,1.0823144293681253e-05,-0.021821456716679677,0.21966030813926007,-3.682818138919795,-3.902478447059055,0.9779154658317566,0.9999817609786987,0.02206629514694214,4.021693936516887,7.750987348499172,3.729293411982285
MMdata_442.75s_0327_203239_4ml,35,175.0,4,4,4,4,4,1,0.00020894435874652117,5.859595603396883e-06,-0.0002030847631431243,-4.356527481111544,-4.090199204607481,0.2663282765040629,0.021158715710043907,7.3247679210908245e-06,-0.021151390942122816,0.2612117183592382,-3.8670183248822134,-4.128230043241452,0.9786322712898254,0.9999867677688599,0.021354496479034424,4.095315762752306,7.957217529489696,3.8619017667373896
MMdata_442.75s_0327_203239_4ml,36,180.0,4,4,4,4,4,1,7.174040365498513e-05,0.0001365743373753503,6.483393372036517e-05,-4.515068424898676,-3.8438230802354223,0.6712453446632534,0.003943508956581354,0.0019040519837290049,-0.0020394569728523493,-0.5082963195627572,-1.2089526254208929,-0.7006563058581357,0.9959847927093506,0.9979593753814697,0.0019745826721191406,5.023364744461432,5.052775705656317,0.029410961194884955
MMdata_442.75s_0327_203239_4ml,37,185.0,4,4,4,4,4,1,1.170043833553791e-05,1.3856004443368874e-05,2.155566107830964e-06,-4.702680017407238,-4.5485944824013735,0.15408553500586475,0.00018345643184147775,0.00016204695566557348,-2.1409476175904274e-05,-1.9503291124378768,-2.089427011881794,-0.13909789944391715,0.9998049139976501,0.9998241066932678,1.919269561767578e-05,6.653009129845115,6.638021494283165,-0.014987635561950263
MMdata_442.75s_0327_203239_4ml,38,190.0,4,4,4,4,4,1,0.00021520565496757627,8.342249202542007e-06,-0.00020686340576503426,-4.271451479457993,-3.9503558719772753,0.32109560748071786,0.017321864143013954,9.759497515915427e-06,-0.01731210464549804,0.11667922069831427,-3.793447825468113,-3.9101270461664273,0.9824628829956055,0.9999818801879883,0.017518997192382812,4.154772258759679,7.743803697445389,3.5890314386857103
MMdata_442.75s_0327_203239_4ml,39,195.0,4,4,4,4,4,1,0.00020438928913790733,6.688617759209592e-06,-0.00019770067137869773,-4.367302096865659,-4.067029627549017,0.3002724693166421,0.020905863493680954,8.903179150365759e-06,-0.020896960314530588,0.2604563961987605,-3.7810284465077935,-4.041484842706554,0.9788897037506104,0.9999843835830688,0.021094679832458496,4.106845700666898,7.848058074056808,3.74121237338991
MMdata_442.75s_0327_203239_4ml,40,200.0,4,4,4,4,4,1,7.243282743729651e-05,8.89452076080488e-06,-6.353830667649163e-05,-4.5165040001655035,-3.9699058633985915,0.5465981367669119,0.004037735518068075,1.1764641385525465e-05,-0.00402597087668255,-0.4957243159586051,-3.690242765449736,-3.194518449491131,0.9958898425102234,0.9999793767929077,0.004089534282684326,5.012228316124109,7.660148628848328,2.647920312724219
MMdata_442.75s_0327_203239_4ml,41,205.0,4,4,4,4,4,1,4.682259896071628e-05,8.012443686311599e-06,-3.881015527440468e-05,-4.588331093213799,-4.424569723062279,0.16376137015151926,0.0020888156723231077,3.7346366298152134e-05,-0.0020514693060249556,-0.790344542978616,-2.885329898076285,-2.094985355097669,0.9978644251823425,0.9999545812606812,0.002090156078338623,5.378675636192413,7.309899621138566,1.9312239849461532
MMdata_442.75s_0327_203239_4ml,42,210.0,4,4,4,4,4,1,0.0001994029589695856,6.8159524744260125e-06,-0.00019258700649515959,-4.284055555793655,-4.126193348732796,0.15786220706085885,0.015414259396493435,1.1041037396353204e-05,-0.015403218359097082,0.06366504224841396,-3.6438401620914345,-3.7075052043398484,0.9843863844871521,0.9999821186065674,0.015595734119415283,4.22039051354524,7.770033510824232,3.5496429972789922
MMdata_442.75s_0327_203239_4ml,43,215.0,4,4,4,4,4,1,0.00020023563411086798,7.434347935486585e-06,-0.0001928012861753814,-4.357515528631483,-4.376071985190139,-0.01855645655865601,0.01945534348487854,2.7797954317065887e-05,-0.019427545530561474,0.21886666837949198,-3.057220426964946,-3.276087095344438,0.9803444147109985,0.999964714050293,0.019620299339294434,4.138648860251991,7.433292412155083,3.294643551903092
MMdata_442.75s_0327_203239_4ml,44,220.0,4,4,4,4,4,1,6.212453445186839e-05,7.261233258759603e-05,1.0487798135727644e-05,-4.540078849866425,-3.8320385649799986,0.708040284886426,0.0031851688399910927,0.0005187729257158935,-0.002666395914275199,-0.6029592629351921,-1.8657070780174818,-1.2627478150822897,0.9967526793479919,0.9994086027145386,0.002655923366546631,5.143038112801617,5.697745642997483,0.5547075301958664
MMdata_442.75s_0327_203239_4ml,45,225.0,4,4,4,4,4,1,4.720857032225467e-05,2.2564778191735968e-05,-2.4643792130518705e-05,-4.586672396929901,-4.570318513021605,0.016353883908295508,0.002112907124683261,0.0004588424344547093,-0.0016540646902285516,-0.7854277852563385,-1.5580018454328801,-0.7725740601765416,0.9978398084640503,0.999518632888794,0.0016788244247436523,5.372100182186236,6.128320358454487,0.7562201762682506
MMdata_442.75s_0327_203239_4ml,46,230.0,4,4,4,4,4,1,0.00014186446787789464,1.0806184036482591e-05,-0.00013105828384141205,-4.3034377138808555,-3.8606847867271386,0.44275292715371695,0.008208556100726128,1.2513452929852065e-05,-0.008196042647796276,-0.2453775479603877,-3.7139990529860176,-3.46862150502563,0.9916496276855469,0.999976634979248,0.008327007293701172,4.548815261841244,7.574683839713154,3.0258685778719103
MMdata_442.75s_0327_203239_4ml,47,235.0,4,4,4,4,4,1,0.00017242977628484368,5.847827924299054e-05,-0.00011395149704185314,-4.4080489795916895,-4.076095548298474,0.33195343129321575,0.016741996631026268,0.0006998355966061354,-0.016042161034420133,0.16763657081417271,-1.5939054931298449,-1.7615420639440176,0.983085572719574,0.9992417097091675,0.016156136989593506,4.240412408777518,5.670001041428319,1.429588632650801
MMdata_442.75s_0327_203239_4ml,48,240.0,4,4,4,4,4,1,6.807319732615724e-05,1.4492726222670171e-05,-5.358047110348707e-05,-4.526463951398883,-4.134824729427669,0.3916392219712135,0.003673119470477104,5.1229886594228446e-05,-0.0036218895838828757,-0.5382509369396518,-2.8721485288857496,-2.333897591946098,0.9962588548660278,0.9999343156814575,0.0036754608154296875,5.064714888338536,7.006973258313422,1.942258369974886
MMdata_442.75s_0327_203239_4ml,49,245.0,4,4,4,4,4,1,3.912159809260629e-05,6.175768703542417e-06,-3.2945829389063874e-05,-4.6039276236452995,-4.297345793679795,0.30658182996550476,0.0015271969605237246,1.514718769612955e-05,-0.001512049772827595,-0.9394130368340186,-3.4001642707443045,-2.460751233910286,0.9984336495399475,0.9999786615371704,0.0015450119972229004,5.543340660479316,7.6975100644241,2.154169403944784
MMdata_442.75s_0327_203239_4ml,50,250.0,4,4,4,4,4,1,0.0002545606403145939,7.529425602115225e-06,-0.0002470312147124787,-4.246464245413096,-4.224024460681078,0.022439784732017465,0.022608675062656403,1.8069509678753093e-05,-0.02259060555297765,0.24008563856055565,-3.3486172486337678,-3.5887028871943234,0.9771367907524109,0.9999743700027466,0.022837579250335693,4.0063786068525395,7.572641709314849,3.566263102462309
MMdata_442.75s_0327_203239_4ml,51,255.0,4,4,4,4,4,1,0.00013999179645907134,0.0005336535978130996,0.0003936618013540283,-4.416909382332025,-4.25879755916961,0.15811182316241545,0.01126955822110176,0.11374689638614655,0.10247733816504478,-0.028632799785371255,1.1031865575201563,1.1318193573055275,0.98859041929245,0.8857194185256958,-0.10287100076675415,4.445542182117397,3.1556110016494534,-1.2899311804679439
MMdata_442.75s_0327_203239_4ml,52,260.0,4,4,4,4,4,1,7.630891195731238e-05,1.5667043044231832e-05,-6.064186891308054e-05,-4.511773437723346,-4.191319123314215,0.3204543144091314,0.004420002922415733,7.092706073308364e-05,-0.00434907586168265,-0.45266753447894903,-2.6812264247930324,-2.2285588903140834,0.9955037236213684,0.9999134540557861,0.004409730434417725,4.964440972202297,6.872545548107251,1.9081045759049537
MMdata_442.75s_0327_203239_4ml,53,265.0,4,4,4,4,4,1,5.0780916353687644e-05,9.84959569905186e-06,-4.093132065463578e-05,-4.580406314098275,-3.9401385205842585,0.6402677935140169,0.002399950521066785,1.3194351595302578e-05,-0.0023867561694714823,-0.7247235358736122,-3.6477801005781414,-2.9230565647045292,0.9975492358207703,0.9999769926071167,0.0024277567863464355,5.3051298499718875,7.587918621162398,2.2827887711905106
MMdata_442.75s_0327_203239_4ml,54,270.0,4,4,4,4,4,1,0.0001843061181716621,1.0190947250521276e-05,-0.00017411517092114082,-4.288546885358585,-3.875622102668708,0.41292478268987676,0.01331865694373846,1.16391820483841e-05,-0.013307017761690076,-0.008223837330053385,-3.7427447353404064,-3.734520898010353,0.9864971041679382,0.9999781847000122,0.013481080532073975,4.296770722688639,7.618366838009115,3.3215961153204763
MMdata_442.75s_0327_203239_4ml,55,275.0,4,4,4,4,4,1,0.00013472259161062539,1.1552887372090481e-05,-0.0001231697042385349,-4.449854561864479,-4.364491431912584,0.08536312995189466,0.011524336412549019,6.48392378934659e-05,-0.011459497174655553,-0.0008560610678891578,-2.6395158834135097,-2.6386598223456206,0.9883409142494202,0.999923586845398,0.011582672595977783,4.450710622932368,7.004007315326094,2.553296692393726
MMdata_442.75s_0327_203239_4ml,56,280.0,4,4,4,4,4,1,3.683236718643457e-05,1.1298990102659445e-05,-2.5533377083775122e-05,-4.573933307247313,-3.869080282320203,0.7048530249271101,0.0012368435272946954,1.4029780686541926e-05,-0.0012228137466081535,-1.0599924382676713,-3.6526113703567695,-2.592618932089098,0.9987263083457947,0.9999747276306152,0.0012484192848205566,5.633925745514983,7.521691652676973,1.8877659071619899
MMdata_442.75s_0327_203239_4ml,57,285.0,4,4,4,4,4,1,5.5592143326066434e-05,7.140866728150286e-06,-4.845127659791615e-05,-4.569499029608646,-4.175241813999437,0.39425721560920834,0.0027847534511238337,1.4039916095498484e-05,-0.002770713535028335,-0.6556262927767769,-3.499171551005227,-2.84354525822845,0.9971597194671631,0.99997878074646,0.002819061279296875,5.22512532238542,7.674413365004663,2.4492880426192434
MMdata_442.75s_0327_203239_4ml,58,290.0,4,4,4,4,4,1,0.0002640050370246172,1.1939792784687597e-05,-0.0002520652442399296,-4.240533861626966,-3.8790760527385695,0.36145780888839685,0.023920942097902298,1.614320535736624e-05,-0.02390479889254493,0.26600754842282415,-3.5774535656014708,-3.843461114024295,0.9758150577545166,0.999971866607666,0.024156808853149414,3.9745263132041426,7.456529618340039,3.4820033051358967
MMdata_442.75s_0327_203239_4ml,59,295.0,4,4,4,4,4,1,0.00012202363723190501,0.00012013810919597745,-1.885528035927564e-06,-4.465815718751173,-4.378211161485077,0.08760455726609617,0.00990148726850748,0.007360741030424833,-0.0025407462380826473,-0.06959023853866597,-0.2629372623081361,-0.1933470237694701,0.9899764657020569,0.9925191402435303,0.0025426745414733887,4.53540595728984,4.6411484237932115,0.10574246650337127
MMdata_442.75s_0327_203239_4ml,60,300.0,4,4,4,4,4,1,2.8043836209690198e-05,9.659353963797912e-06,-1.8384482245892286e-05,-4.5927036202878355,-4.024944286810659,0.5677593334771762,0.0007581828976981342,1.6365931514883414e-05,-0.0007418169661832508,-1.295547838763583,-3.4976692278457504,-2.2021213890821674,0.999213695526123,0.9999740123748779,0.0007603168487548828,5.888251459051417,7.52261351465641,1.634362055604993
MMdata_442.75s_0327_203239_4ml,61,305.0,4,4,4,4,4,1,3.433952224440873e-05,6.062367447157158e-06,-2.827715479725157e-05,-4.622439628526928,-4.373854589633193,0.24858503889373562,0.0012434945674613118,1.8361910406383686e-05,-0.0012251326570549281,-1.0330556769040662,-3.2656765488567965,-2.2326208719527303,0.9987221360206604,0.9999755620956421,0.0012534260749816895,5.655495305430995,7.639531138489989,1.9840358330589938
MMdata_442.75s_0327_203239_4ml,62,310.0,4,4,4,4,4,1,0.0002661350299604237,7.637617272848729e-06,-0.000258497412687575,-4.2332434988302925,-4.176236528958866,0.05700696987142617,0.023779205977916718,1.6109257558127865e-05,-0.02376309672035859,0.2593194691148857,-3.429928097862896,-3.6892475669777816,0.9759545922279358,0.9999762773513794,0.024021685123443604,3.9739240297154064,7.60616462682176,3.632240597106354
MMdata_442.75s_0327_203239_4ml,63,315.0,4,4,4,4,4,1,0.00011242328037042171,4.424757571541704e-05,-6.817570465500467e-05,-4.471911256198906,-4.2473048926093435,0.22460636358956254,0.008548093028366566,0.0006696260534226894,-0.007878466974943876,-0.14071879350897643,-1.5303860491171442,-1.3896672556081677,0.9913395047187805,0.9992861151695251,0.007946610450744629,4.612630049707882,5.777690941726488,1.165060892018606
MMdata_442.75s_0327_203239_4ml,64,320.0,4,4,4,4,4,1,5.0798316806321964e-05,9.79355627350742e-06,-4.1004760532814544e-05,-4.546148636052325,-4.110976817291838,0.4351718187604874,0.0021665289532393217,2.177801070502028e-05,-0.0021447509425343014,-0.793130251201803,-3.3118006861179667,-2.5186704349161637,0.9977826476097107,0.999968409538269,0.0021857619285583496,5.339278887254129,7.422777503409802,2.0834986161556728
MMdata_442.75s_0327_203239_4ml,65,325.0,4,4,4,4,4,1,2.5372124582645483e-05,1.1425057891756296e-05,-1.3947066690889187e-05,-4.645301812245335,-3.8427057446216333,0.8025960676237016,0.0007266532629728317,1.3253336874186061e-05,-0.0007133999260986457,-1.2905035047516833,-3.6942653882140286,-2.4037618834623453,0.9992479681968689,0.999975323677063,0.0007273554801940918,5.935805316997018,7.536971132835659,1.601165815838641
MMdata_442.75s_0327_203239_4ml,66,330.0,4,4,4,4,4,1,0.0002795727923512459,1.1568052286747843e-05,-0.00026800474006449804,-4.215235592123543,-3.8207862029211244,0.39444938920241857,0.024889793246984482,1.272243207495194e-05,-0.02487707081490953,0.27371480009606275,-3.7256666477779783,-3.999381447874041,0.974830687046051,0.9999756813049316,0.025144994258880615,3.94152079202748,7.546452850699101,3.6049320586716207
MMdata_442.75s_0327_203239_4ml,67,335.0,4,4,4,4,4,1,0.00015375243674498051,5.9954509197268635e-06,-0.00014775698582525365,-4.42845122660166,-4.270590790318017,0.15786043628364332,0.014113693498075008,1.3174498235457577e-05,-0.01410051899983955,0.09110579325140922,-3.48330878282976,-3.5744145760811694,0.9857326149940491,0.9999808073043823,0.014248192310333252,4.337345433350252,7.753899573147775,3.4165541397975234
MMdata_442.75s_0327_203239_4ml,68,340.0,4,4,4,4,4,1,6.120894249761477e-05,1.3183259397919755e-05,-4.8025683099695016e-05,-4.539306283206568,-4.124671020917971,0.4146352622885976,0.003084501950070262,4.111826638109051e-05,-0.0030433836836891714,-0.6194541004270473,-2.987166357933763,-2.3677122575067155,0.9968543648719788,0.9999456405639648,0.003091275691986084,5.1587603836336156,7.111837378851732,1.9530769952181162
MMdata_442.75s_0327_203239_4ml,69,345.0,4,4,4,4,4,1,3.122292037005536e-05,1.2544632227218244e-05,-1.867828814283712e-05,-4.629732828636334,-3.7782402091339478,0.8514926195023866,0.0010505563113838434,1.3168420082365628e-05,-0.0010373878913014778,-1.1138101577787412,-3.729711527053583,-2.615901369274842,0.9989182949066162,0.999974250793457,0.0010559558868408203,5.743542986415076,7.507951736187531,1.7644087497724543
MMdata_442.75s_0327_203239_4ml,70,350.0,4,4,4,4,4,1,0.0002665578795131296,8.729219189262949e-06,-0.00025782866032386664,-4.2213008195952595,-4.009544318962797,0.21175650063246287,0.02299686148762703,1.2762302503688261e-05,-0.02298409918512334,0.23622080500615095,-3.629724536231792,-3.8659453412379428,0.9767365455627441,0.9999785423278809,0.02324199676513672,3.9850800145891077,7.639268855194589,3.6541888406054817
MMdata_442.75s_0327_203239_4ml,71,355.0,4,4,4,4,4,1,0.00015804206486791372,7.189944426500006e-06,-0.00015085212044141372,-4.4214174062548475,-4.23304242874164,0.18837497751320775,0.01460823230445385,1.692865407676436e-05,-0.014591303650377085,0.10506186806930717,-3.3767181774882618,-3.481780045557569,0.985233724117279,0.9999759197235107,0.01474219560623169,4.316355538185542,7.6097606062299,3.2934050680443576
MMdata_442.75s_0327_203239_4ml,72,360.0,4,4,4,4,4,1,7.813338743289933e-05,9.17244324227795e-06,-6.896094419062138e-05,-4.5087876276356855,-4.129390759907038,0.3793968677286479,0.004593371879309416,2.018820305238478e-05,-0.004573183676257031,-0.4348354414845179,-3.340496022820613,-2.905660581336095,0.9953285455703735,0.9999706745147705,0.004642128944396973,4.9436230691202026,7.469886782727648,2.5262637136074453
MMdata_442.75s_0327_203239_4ml,73,365.0,4,4,4,4,4,1,4.8358244384871796e-05,1.0736018339230213e-05,-3.762222604564158e-05,-4.585667118171043,-3.8630657366838337,0.722601381487209,0.0022106145042926073,1.244001578015741e-05,-0.00219817448851245,-0.7632780281139846,-3.7157516692996078,-2.952473641185623,0.9977409839630127,0.9999768733978271,0.002235889434814453,5.3489451462850255,7.5788174059834414,2.229872259698416
MMdata_442.75s_0327_203239_4ml,74,370.0,4,4,4,4,4,1,0.0002863325353246182,1.6113397578010336e-05,-0.0002702191377466079,-4.2332275477096015,-4.230821209702794,0.0024063380068071183,0.02763386256992817,8.446657011518255e-05,-0.027549395999812987,0.33641581035041135,-2.5741164472065314,-2.910532257556943,0.9720797538757324,0.9998993873596191,0.02781963348388672,3.8968117373591897,6.804937656909326,2.908125919550136
MMdata_442.75s_0327_203239_4ml,75,375.0,4,4,4,4,4,1,0.00015073289978317916,4.5415887143462896e-05,-0.00010531701263971627,-4.432033498233017,-4.121912988498376,0.31012050973464156,0.013705630786716938,0.00048419227823615074,-0.013221438508480787,0.0780191405738977,-1.7552928725035404,-1.833312013077438,0.9861435890197754,0.9994704127311707,0.013326823711395264,4.354014357659118,5.877205861001919,1.523191503342801
MMdata_442.75s_0327_203239_4ml,76,380.0,4,4,4,4,4,1,6.96778079145588e-05,1.0735697287600487e-05,-5.894211062695831e-05,-4.529145134196424,-4.097585357222132,0.43155977697429204,0.003880216972902417,2.5139244826277718e-05,-0.0038550777280761395,-0.5093806550205331,-3.2467295770616387,-2.7373489220411056,0.9960500597953796,0.9999641180038452,0.003914058208465576,5.0385257892169575,7.344314934283769,2.3057891450668118
MMdata_442.75s_0327_203239_4ml,77,385.0,4,4,4,4,4,1,4.999143129680306e-05,1.7505748473922722e-05,-3.2485682822880335e-05,-4.57999392807532,-3.7239596128920924,0.8560343151832273,0.002322849817574024,2.179032890126109e-05,-0.002301059488672763,-0.7412954642777168,-3.5050226811262446,-2.763727216848528,0.9976271986961365,0.9999606609344482,0.0023334622383117676,5.321289392353038,7.228982294018335,1.907692901665297
MMdata_442.75s_0327_203239_4ml,78,390.0,4,4,4,4,4,1,0.00026935467030853033,1.4022609320818447e-05,-0.0002553320609877119,-4.2523146578412,-4.234772331509375,0.017542326331825286,0.02584713324904442,6.473015673691407e-05,-0.025782403092307504,0.31161132833118454,-2.7052161160300523,-3.016827444361237,0.9738835096359253,0.9999212026596069,0.02603769302368164,3.940703329510015,6.939988447539425,2.99928511802941
MMdata_442.75s_0327_203239_4ml,79,395.0,4,4,4,4,4,1,0.00016890633560251445,9.962335752788931e-06,-0.00015894399984972551,-4.403095270289392,-4.0515148993930366,0.35158037089635563,0.015812795609235764,1.885326491901651e-05,-0.015793942344316747,0.13613513558261836,-3.4136403526792245,-3.549775488261843,0.9840182662010193,0.9999711513519287,0.015952885150909424,4.266960134706773,7.465155252072261,3.198195117365488
MMdata_442.75s_0327_203239_4ml,80,400.0,4,4,4,4,4,1,5.449238233268261e-05,1.4545595149684232e-05,-3.994678718299838e-05,-4.558650346651646,-3.7749201399890655,0.7837302066625806,0.002589473268017173,1.7529029719298705e-05,-0.002571944238297874,-0.6975015022504731,-3.58835000124356,-2.890848498993087,0.9973560571670532,0.9999679327011108,0.002611875534057617,5.25615184890212,7.363270141232626,2.1071182923305054
MMdata_442.75s_0327_203239_4ml,81,405.0,4,4,4,4,4,1,3.9979724533623084e-05,1.1622157217061613e-05,-2.835756731656147e-05,-4.604351363366956,-3.843187401317185,0.7611639620497712,0.0015970712993294,1.3734402273257729e-05,-0.0015833368970561423,-0.9167970093008453,-3.6761969823281513,-2.759399973027306,0.9983629584312439,0.9999746084213257,0.0016116499900817871,5.521148372667801,7.519384383645337,1.9982360109775366
MMdata_442.75s_0327_203239_4ml,82,410.0,4,4,4,4,4,1,0.00025716848904266953,5.774213786935434e-05,-0.0001994263511733152,-4.261092194628972,-4.177784260310884,0.08330793431808825,0.024147504940629005,0.0009259320213459432,-0.023221572919283062,0.2811126745549073,-1.402970638776429,-1.6840833133313362,0.9755953550338745,0.999016284942627,0.02342092990875244,3.979979520074064,5.580754899087309,1.6007753790132453
MMdata_442.75s_0327_203239_4ml,83,415.0,4,4,4,4,4,1,0.00012083628098480403,1.401661393174436e-05,-0.00010681966705305967,-4.466605658622066,-4.420201292128886,0.046404366493179694,0.009731081314384937,0.00011281020852038637,-0.009618271105864551,-0.0779619373002376,-2.334737791535182,-2.2567758542349443,0.99014812707901,0.999873161315918,0.009725034236907959,4.544567595922305,6.754939083664065,2.21037148774176
MMdata_442.75s_0327_203239_4ml,84,420.0,4,4,4,4,4,1,5.1277249440317973e-05,1.0108395144925453e-05,-4.116885429539252e-05,-4.561770413753013,-4.144382417180231,0.41738799657278225,0.002313838107511401,2.5646446374594234e-05,-0.002288191661136807,-0.7523546437431419,-3.2133436791198315,-2.4609890353766897,0.9976348876953125,0.9999642372131348,0.0023293495178222656,5.314125057496155,7.357726096300059,2.043601038803904
MMdata_442.75s_0327_203239_4ml,85,425.0,4,4,4,4,4,1,2.3247064746101387e-05,1.624442847969476e-05,-7.0026362664066255e-06,-4.656044314272549,-3.7129776589940677,0.9430666552784812,0.000629945658147335,1.8155196812585928e-05,-0.0006117904613347491,-1.3565896321002748,-3.6017708007011437,-2.245181168600869,0.9993467926979065,0.9999655485153198,0.0006187558174133301,6.012633946372822,7.314748459695213,1.3021145133223913
MMdata_442.75s_0327_203239_4ml,86,430.0,4,4,4,4,4,1,0.0002477376547176391,1.0628080417518504e-05,-0.00023710957430012058,-4.259459651284421,-4.38233022746558,-0.12287057618115949,0.022256068885326385,5.7890185416908935e-05,-0.022198178699909477,0.2385400156363402,-2.687281960902162,-2.925821976538502,0.9774961471557617,0.9999314546585083,0.022435307502746582,4.020919635648082,7.069612188367741,3.0486925527196593
MMdata_442.75s_0327_203239_4ml,87,435.0,4,4,4,4,4,1,0.00011898132652277127,9.292968570662197e-06,-0.00010968835795210907,-4.46754088341758,-4.3694330445165,0.09810783890107988,0.00945849809795618,4.257880209479481e-05,-0.009415919295861386,-0.09183855822707176,-2.8473345650205797,-2.755496006793508,0.9904224872589111,0.9999481439590454,0.009525656700134277,4.5593794416446505,7.216767609537079,2.657388167892429
