session,window_index,start_sec,expected_label,board_label,board_prob_argmax,local_label,local_prob_argmax,prediction_matches_board,board_prob_0,local_prob_0,delta_prob_0,board_relative_logit_0,local_relative_logit_0,delta_relative_logit_0,board_prob_2,local_prob_2,delta_prob_2,board_relative_logit_2,local_relative_logit_2,delta_relative_logit_2,board_prob_4,local_prob_4,delta_prob_4,board_relative_logit_4,local_relative_logit_4,delta_relative_logit_4
MMdata_1136.50s_0327_183428_2ml,0,0.0,2,4,4,2,2,0,0.00016902411880437285,0.0006906616617925465,0.0005216375429881737,-4.268569494325582,-2.9127749358120534,1.3557945585135283,0.010519933886826038,0.9963229894638062,0.9858030555769801,-0.1375837121349246,4.361401766549745,4.49898547868467,0.9893110990524292,0.0029863230884075165,-0.9863247759640217,4.406153206460506,-1.448626830737692,-5.854780037198198
MMdata_1136.50s_0327_183428_2ml,1,5.0,2,4,4,2,2,0,7.330522930715233e-05,0.0006587784737348557,0.0005854732444277033,-4.493281327056262,-3.047377551530965,1.4459037755252968,0.003856575582176447,0.9952681660652161,0.9914115904830396,-0.5303783607383812,4.273002619123496,4.803380979861878,0.996070146560669,0.00407301913946867,-0.9919971274212003,5.023659687794641,-1.2256250675925306,-6.249284755387172
MMdata_1136.50s_0327_183428_2ml,2,10.0,2,4,4,2,2,0,7.852159615140408e-05,0.0006016832194291055,0.0005231616232777014,-4.491727961745311,-3.306985690290266,1.184742271455045,0.004406853578984737,0.9919706583023071,0.9875638047233224,-0.464185419262809,4.100732023978054,4.564917443240863,0.9955145716667175,0.007427691947668791,-0.9880868797190487,4.95591338100812,-0.7937463336877864,-5.749659714695906
MMdata_1136.50s_0327_183428_2ml,3,15.0,2,4,4,2,2,0,9.121958282776177e-05,0.0007131184102036059,0.0006218988273758441,-4.423490673081207,-2.9312070238485166,1.4922836492326903,0.004848636221140623,0.9959207773208618,0.9910721410997212,-0.45030751822782733,4.310568488869666,4.760876007097493,0.99506014585495,0.0033660426270216703,-0.9916941032279283,4.8737981913090325,-1.3793614650211499,-6.253159656330182
MMdata_1136.50s_0327_183428_2ml,4,20.0,2,4,4,2,2,0,0.0001805117935873568,0.0006605786620639265,0.00048006686847656965,-4.258426660389913,-3.135107123063124,1.1233195373267888,0.011652372777462006,0.9940043091773987,0.9823519363999367,-0.09095766432180064,4.181273486161484,4.272231150483285,0.9881671071052551,0.005335068330168724,-0.9828320387750864,4.349384324711712,-1.0461663630983606,-5.395550687810073
MMdata_1136.50s_0327_183428_2ml,5,25.0,2,4,4,2,2,0,7.555984484497458e-05,0.000658179575111717,0.0005826197302667424,-4.500304576255237,-3.1031737386134743,1.3971308376417628,0.0041860961355268955,0.9945317506790161,0.9903456545434892,-0.4857056967782194,4.2173757598304284,4.703081456608648,0.9957383871078491,0.004809986334294081,-0.990928400773555,4.986010273033457,-1.114202021216954,-6.100212294250411
MMdata_1136.50s_0327_183428_2ml,6,30.0,2,4,4,2,2,0,7.883180660428479e-05,0.0006198091432452202,0.0005409773366409354,-4.476226736828183,-3.349391098995727,1.126835637832456,0.004239201080054045,0.9904148578643799,0.9861756567843258,-0.4914131834063671,4.0270764865134305,4.518489669919798,0.9956820011138916,0.008965304121375084,-0.9867166969925165,4.967639920234551,-0.6776853875177027,-5.645325307752254
MMdata_1136.50s_0327_183428_2ml,7,35.0,2,4,4,2,2,0,8.620284643257037e-05,0.0007385874050669372,0.0006523845586343668,-4.421313653747496,-2.80097797702493,1.6203356767225658,0.004299405496567488,0.9968206882476807,0.9925212827511132,-0.511784816620354,4.4066087546057435,4.9183935712260975,0.9956144094467163,0.0024408134631812572,-0.993173595983535,4.9330984703678515,-1.6056307775808127,-6.538729247948664
MMdata_1136.50s_0327_183428_2ml,8,40.0,2,4,4,2,2,0,0.00017826752446126193,0.0006628455594182014,0.0004845780349569395,-4.249329749861717,-3.167376075567905,1.0819536742938123,0.011051737703382969,0.9934159517288208,0.9823642140254378,-0.12227216546497299,4.14498664267161,4.267258808136583,0.9887700080871582,0.005921277683228254,-0.98284873040393,4.371601915326689,-0.9776105671037065,-5.349212482430396
MMdata_1136.50s_0327_183428_2ml,9,45.0,2,4,4,2,2,0,7.545202242909e-05,0.000671408895868808,0.000595956873439718,-4.491588611388622,-2.9302439603214365,1.5613446510671851,0.004065935965627432,0.9963546991348267,0.9922887631691992,-0.5046863558097536,4.372236302289389,4.876922658099143,0.9958586096763611,0.002973901340737939,-0.9928847083356231,4.996274967198375,-1.4419923419679517,-6.438267309166327
MMdata_1136.50s_0327_183428_2ml,10,50.0,2,4,4,2,2,0,7.487933908123523e-05,0.0006296819192357361,0.0005548025801545009,-4.489674094673852,-3.3623143317985926,1.1273597628752592,0.003981173969805241,0.9897448420524597,0.9857636680826545,-0.5162200783599085,3.997673320008537,4.513893398368445,0.9959439635276794,0.009625490754842758,-0.9863184727728367,5.005894173033759,-0.6353589882099433,-5.641253161243703
MMdata_1136.50s_0327_183428_2ml,11,55.0,2,4,4,2,2,0,8.223242912208661e-05,0.0008301421767100692,0.0007479097475879826,-4.425187278072856,-2.7960731955426077,1.629114082530248,0.00395682780072093,0.9961292743682861,0.9921724465675652,-0.5515390943975262,4.293962142782137,4.845501237179663,0.9959610104560852,0.003040512092411518,-0.9929204983636737,4.976726372470383,-1.49788894723953,-6.474615319709913
MMdata_1136.50s_0327_183428_2ml,12,60.0,2,4,4,2,2,0,0.0001890840649139136,0.000672333815600723,0.0004832497506868094,-4.233732909714891,-2.996976681130266,1.2367562285846248,0.011875221505761147,0.9956821203231812,0.98380689881742,-0.09371533194441728,4.303451681603385,4.3971670135478025,0.9879356622695923,0.0036455285735428333,-0.9842901336960495,4.327448241659308,-1.3064750004731183,-5.633923242132426
MMdata_1136.50s_0327_183428_2ml,13,65.0,2,4,4,2,2,0,6.908773502800614e-05,0.0007174845086410642,0.000648396773613058,-4.50117683049446,-2.8146455263057097,1.6865313041887502,0.0035064390394836664,0.9968829154968262,0.9933764764573425,-0.5741977667151534,4.421991722271877,4.996189488987031,0.9964244961738586,0.0023995840456336737,-0.994024912128225,5.075374597209614,-1.6073461959661683,-6.682720793175783
MMdata_1136.50s_0327_183428_2ml,14,70.0,2,4,4,2,2,0,7.847553206374869e-05,0.0006117894663475454,0.0005333139342837967,-4.473704627651698,-3.2416359930199077,1.2320686346317906,0.004169008694589138,0.993083119392395,0.9889141106978059,-0.5010579469860126,4.150545437742471,4.6516033847284834,0.9957525730133057,0.006305104121565819,-0.9894474688917398,4.974762574637708,-0.9089094447225623,-5.8836720193602705
MMdata_1136.50s_0327_183428_2ml,15,75.0,2,4,4,2,2,0,8.345884998561814e-05,0.0009609229164198041,0.000877464066434186,-4.421672198777826,-2.880358826203487,1.541313372574339,0.004033294040709734,0.9937806725502014,0.9897473785094917,-0.5436871937216674,4.0610187898190695,4.604705983540737,0.9958832263946533,0.005258457735180855,-0.9906247686594725,4.9653593924994945,-1.1806599636155823,-6.146019356115077
MMdata_1136.50s_0327_183428_2ml,16,80.0,2,4,4,2,2,0,0.00017297829617746174,0.0006726411520503461,0.0004996628558728844,-4.259120942583938,-3.0611613927872314,1.1979595497967068,0.010712101124227047,0.9949002861976624,0.9841881850734353,-0.13315774598832775,4.238024422478403,4.3711821684667305,0.9891148805618286,0.004427145700901747,-0.9846877348609269,4.392278688572265,-1.176863029691173,-5.569141718263438
MMdata_1136.50s_0327_183428_2ml,17,85.0,2,4,4,2,2,0,5.722188871004619e-05,0.0006616607424803078,0.0006044388537702616,-4.499826412134267,-3.0734262351300075,1.4264001770042594,0.002392980270087719,0.9948940277099609,0.9925010474398732,-0.7664680640465349,4.242212319541739,5.008680383588274,0.997549831867218,0.004444368649274111,-0.9931054632179439,5.266294476180801,-1.1687860844117317,-6.4350805605925325
MMdata_1136.50s_0327_183428_2ml,18,90.0,2,4,4,2,2,0,6.246886914595962e-05,0.0006171184359118342,0.0005546495667658746,-4.535794251953457,-3.366413878321201,1.169380373632256,0.00317942607216537,0.9900258779525757,0.9868464518804103,-0.6060066119067855,4.014011522833266,4.620018134740051,0.9967581629753113,0.009356973692774773,-0.9874011892825365,5.14180086386024,-0.6475976445120644,-5.7893985083723045
MMdata_1136.50s_0327_183428_2ml,19,95.0,2,4,4,2,2,0,8.746611274546012e-05,0.000810567697044462,0.0007231015842990018,-4.4117439762784665,-2.715454429010438,1.6962895472680284,0.004301084205508232,0.9969151020050049,0.9926140177994967,-0.5163730010042453,4.399231600125271,4.915604601129516,0.9956114888191223,0.0022742648143321276,-0.9933372240047902,4.928116977282713,-1.6837771711148317,-6.611894148397544
MMdata_1136.50s_0327_183428_2ml,20,100.0,2,4,4,2,2,0,0.00017104191647376865,0.0007176861399784684,0.0005466442235046998,-4.23869560581855,-2.8949114707831916,1.3437841350353583,0.009842426516115665,0.9962257146835327,0.986383288167417,-0.18614670104799647,4.340785318747621,4.526932019795617,0.9899864792823792,0.0030566351488232613,-0.9869298441335559,4.424842306866546,-1.4458738479644309,-5.870716154830977
MMdata_1136.50s_0327_183428_2ml,21,105.0,2,4,4,2,2,0,7.927905971882865e-05,0.0006357774254865944,0.0005564983657677658,-4.484509138678027,-3.0188235639678487,1.4656855747101787,0.004395999480038881,0.9958842396736145,0.9914882401935756,-0.46903297112947584,4.337714198453798,4.806747169583274,0.9955247640609741,0.0034799787681549788,-0.9920447852928191,4.953542109807501,-1.3188906344859506,-6.272432744293452
MMdata_1136.50s_0327_183428_2ml,22,110.0,2,4,4,2,2,0,5.364305980037898e-05,0.0006401437567546964,0.0005865006969543174,-4.561321698392643,-3.3865824559293434,1.1747392424632994,0.002529419492930174,0.9886487126350403,0.9861192931421101,-0.7079286924782835,3.9558191260148354,4.663747818493119,0.9974169731140137,0.010711128823459148,-0.9867058442905545,5.269250390870926,-0.5692366700854925,-5.838487060956419
MMdata_1136.50s_0327_183428_2ml,23,115.0,2,4,4,2,2,0,7.843240018701181e-05,0.0007942640804685652,0.0007158316802815534,-4.421594940167215,-2.7279853788613124,1.6936095613059026,0.0035595630761235952,0.9969384670257568,0.9933789039496332,-0.6064389649554798,4.407042949051158,5.013481914006638,0.996362030506134,0.0022672973573207855,-0.9940947331488132,5.028033905122696,-1.6790575701898458,-6.7070914753125415
MMdata_1136.50s_0327_183428_2ml,24,120.0,2,4,4,2,2,0,0.00017357763135805726,0.0006934304255992174,0.0005198527942411602,-4.228061396814113,-3.018534426117232,1.2095269706968814,0.00981792714446783,0.9951674938201904,0.9853495666757226,-0.19272104513200805,4.250481000209399,4.443202045341407,0.9900084733963013,0.004139121156185865,-0.9858693522401154,4.420782441946122,-1.2319465740921691,-5.6527290160382915
MMdata_1136.50s_0327_183428_2ml,25,125.0,2,4,4,2,2,0,8.096467354334891e-05,0.0006608355324715376,0.0005798708589281887,-4.48240171806325,-2.901056051658136,1.581345666405114,0.004556768108159304,0.9967005848884583,0.992143816780299,-0.45204574549227416,4.417644643461082,4.869690388953356,0.9953623414039612,0.002638517413288355,-0.9927238239906728,4.934447463555523,-1.5165885918029458,-6.451036055358469
MMdata_1136.50s_0327_183428_2ml,26,130.0,2,4,4,2,2,0,6.347031012410298e-05,0.0006057670107111335,0.0005422967005870305,-4.527417799493599,-3.3405589934161597,1.1868588060774394,0.003200802719220519,0.9910599589347839,0.9878591562155634,-0.6068331318659093,4.059475880163912,4.666309012029822,0.9967357516288757,0.008334322832524776,-0.988401428796351,5.134250931359509,-0.7189168867477527,-5.853167818107262
MMdata_1136.50s_0327_183428_2ml,27,135.0,2,4,4,2,2,0,0.00010233184730168432,0.000738617149181664,0.0006362853018799797,-4.392143867961844,-2.9616528157430633,1.4304910522187804,0.005558255594223738,0.9953025579452515,0.9897443023510277,-0.3973252093223749,4.244369511866536,4.641694721188911,0.9943394064903259,0.003958877641707659,-0.9903805288486183,4.7894690772842194,-1.2827166961234733,-6.072185773407693
MMdata_1136.50s_0327_183428_2ml,28,140.0,2,4,4,2,2,0,0.0001563268742756918,0.0006876321276649833,0.0005313052533892915,-4.251012152321528,-3.065221997370175,1.185790154951353,0.008519714698195457,0.9946277737617493,0.9861080590635538,-0.2528231821770346,4.211647855287117,4.464471037464151,0.9913239479064941,0.004684667102992535,-0.9866392808035016,4.5038353344985635,-1.14642585791694,-5.6502611924155035
MMdata_1136.50s_0327_183428_2ml,29,145.0,2,4,4,2,2,0,7.76473170844838e-05,0.0007393484702333808,0.000661701153148897,-4.486403798710675,-2.7922295856948587,1.694174213015816,0.004240269307047129,0.9968782663345337,0.9926379970274866,-0.4861987342954306,4.414385003081205,4.900583737376635,0.9956821203231812,0.002382352016866207,-0.993299768306315,4.972602533006104,-1.622155417386348,-6.594757950392452
MMdata_1136.50s_0327_183428_2ml,30,150.0,2,4,4,2,2,0,7.06048813299276e-05,0.0005942906136624515,0.0005236857323325239,-4.514898943002159,-3.293018988882314,1.2218799541198448,0.003817229764536023,0.9924601912498474,0.9886429614853114,-0.5247179797702985,4.127554743975256,4.652272723745554,0.9961121678352356,0.006945516914129257,-0.9891666509211063,5.039616922772456,-0.8345357550929435,-5.8741526778654
MMdata_1136.50s_0327_183428_2ml,31,155.0,2,4,4,2,2,0,0.00010418230522191152,0.0009390586637891829,0.0008348763585672714,-4.391702312540615,-2.757677326106272,1.6340249864343432,0.005754612851887941,0.9955917000770569,0.9898370872251689,-0.38008756462715887,4.208537234724891,4.58862479935205,0.994141161441803,0.0034692557528615,-0.9906719056889415,4.771789877167773,-1.4508599086186198,-6.222649785786393
MMdata_1136.50s_0327_183428_2ml,32,160.0,2,4,4,2,2,0,0.00018894266395363957,0.0006625336245633662,0.0004735909606097266,-4.231760013088624,-2.9806102176934974,1.2511497953951265,0.01178643200546503,0.9959681034088135,0.9841816714033484,-0.09849929795235735,4.334788983040146,4.433288280992503,0.9880246520042419,0.003369443118572235,-0.9846552088856697,4.330259311040981,-1.3541787653466475,-5.684438076387629
MMdata_1136.50s_0327_183428_2ml,33,165.0,2,4,4,2,2,0,7.54068823880516e-05,0.000762327981647104,0.0006869210992590524,-4.4886793768100075,-3.3104527719449344,1.1782266048650731,0.004025619942694902,0.9871304631233215,0.9831048431806266,-0.5111437249922997,3.8557278340273946,4.366871559019694,0.9958989024162292,0.012107187882065773,-0.9837917145341635,4.99982310180231,-0.5452750620824593,-5.545098163884769
MMdata_1136.50s_0327_183428_2ml,34,170.0,2,4,4,2,2,0,7.203214045148343e-05,0.0005861060926690698,0.0005140739522175863,-4.49405829437096,-3.2779506003320087,1.2161076940389517,0.0037320030387490988,0.9929602742195129,0.9892282711807638,-0.5464703327334748,4.156994517373201,4.703464850106676,0.9961960315704346,0.006453691050410271,-0.9897423405200243,5.040528627104435,-0.8790439170411934,-5.919572544145629
MMdata_1136.50s_0327_183428_2ml,35,175.0,2,4,4,2,2,0,9.067279461305588e-05,0.0008010510355234146,0.0007103782409103587,-4.409476589686064,-2.845554971642751,1.563921618043313,0.004592261277139187,0.9959140419960022,0.991321780718863,-0.48460611796155106,4.279936598183304,4.764542716144855,0.9953171014785767,0.0032849214039742947,-0.9920321800746024,4.894082707647614,-1.4343816265405511,-6.3284643341881655
MMdata_1136.50s_0327_183428_2ml,36,180.0,2,4,4,2,2,0,0.00017835816834121943,0.0007347034988924861,0.0005563453305512667,-4.267327600480643,-2.996922827985884,1.270404772494759,0.011684204451739788,0.9949093461036682,0.9832251416519284,-0.08512814894729281,4.2140170596039335,4.299145208551226,0.988137423992157,0.004355939570814371,-0.9837814844213426,4.352455749427937,-1.2170942316180495,-5.569549981045986
MMdata_1136.50s_0327_183428_2ml,37,185.0,2,4,4,2,2,0,7.975922198966146e-05,0.0006565813673660159,0.0005768221453763545,-4.488823288121326,-3.0535509213581733,1.4352723667631526,0.004507879726588726,0.9952217936515808,0.9907139139249921,-0.454253464524804,4.270123350920394,4.724376815445198,0.9954124093055725,0.004121717065572739,-0.9912906922399998,4.943076752646129,-1.2165724295622198,-6.159649182208349
MMdata_1136.50s_0327_183428_2ml,38,190.0,2,4,4,2,2,0,6.513673724839464e-05,0.0005957609391771257,0.000530624201928731,-4.535644232118918,-3.311095945218077,1.2245482869008413,0.0034562074579298496,0.9920321702957153,0.9885759628377855,-0.5642057859579834,4.106575392420185,4.670781178378168,0.9964786171913147,0.007372085936367512,-0.9891065312549472,5.099850018076903,-0.7954794472021085,-5.895329465279011
MMdata_1136.50s_0327_183428_2ml,39,195.0,2,4,4,2,2,0,0.00011276588338660076,0.000983047066256404,0.0008702811828698032,-4.360958868584777,-2.7668517698287305,1.5941070987560462,0.006150426343083382,0.9951070547103882,0.9889566283673048,-0.3619960271780229,4.153096833976988,4.5150928611550105,0.993736743927002,0.0039098868146538734,-0.9898268571123481,4.722954895762799,-1.3862450641482589,-6.109199959911058
MMdata_1136.50s_0327_183428_2ml,40,200.0,2,4,4,2,2,0,0.00018702262605074793,0.0006766995065845549,0.000489676880533807,-4.254224572962751,-3.0676036920257657,1.1866208809369851,0.012360350228846073,0.9947545528411865,0.9823942026123405,-0.06320511114443672,4.225420299034242,4.288625410178679,0.9874526858329773,0.004568838980048895,-0.9828838468529284,4.3174296841071875,-1.1578166070084777,-5.475246291115665
MMdata_1136.50s_0327_183428_2ml,41,205.0,2,4,4,2,2,0,7.552200986538082e-05,0.0008279022295027971,0.0007523802196374163,-4.493431214678862,-3.3794118585195783,1.1140193561592842,0.0040961867198348045,0.9815099239349365,0.9774137372151017,-0.5000435982680003,3.698540478013578,4.198584076281579,0.9958283305168152,0.017662134021520615,-0.9781661964952946,4.993474812946862,-0.3191286194940002,-5.312603432440862
MMdata_1136.50s_0327_183428_2ml,42,210.0,2,4,4,2,2,0,5.63387839065399e-05,0.0005947853205725551,0.0005384465366660152,-4.556003760912688,-3.3049659603613737,1.2510378005513143,0.002746475860476494,0.9921923279762268,0.9894458521157503,-0.6693130746752578,4.114505751442665,4.783818826117923,0.997197151184082,0.007212902419269085,-0.989984248764813,5.225316835587947,-0.8095397910812903,-6.034856626669237
MMdata_1136.50s_0327_183428_2ml,43,215.0,2,4,4,2,2,0,0.00012434410746209323,0.0008107550675049424,0.0006864109600428492,-4.354852512036524,-2.736889715244649,1.6179627967918746,0.0073514762334525585,0.9967623949050903,0.9894109186716378,-0.2752488743205941,4.377411989682079,4.652660864002673,0.9925242066383362,0.002426811261102557,-0.9900973953772336,4.630101386357116,-1.640522274437429,-6.270623660794545
MMdata_1136.50s_0327_183428_2ml,44,220.0,2,4,4,2,2,0,0.00017687560466583818,0.0006682477542199194,0.0004913721495540813,-4.262967716689768,-2.9293696294681224,1.3335980872216453,0.011337454430758953,0.996393620967865,0.985056166537106,-0.10254732860924598,4.377869036477029,4.480416365086275,0.9884856939315796,0.0029381318017840385,-0.9855475621297956,4.365515045299014,-1.4484994070089083,-5.814014452307922
MMdata_1136.50s_0327_183428_2ml,45,225.0,2,4,4,2,2,0,7.565371925011277e-05,0.0006519408780150115,0.0005762871587648988,-4.469218546020526,-3.023748545505293,1.4454700005152334,0.003821441438049078,0.9956334233283997,0.9918119818903506,-0.547002178731347,4.3074319945236885,4.854434173255036,0.9961029291152954,0.003714572871103883,-0.9923883562441915,5.016220724751872,-1.2836834490183957,-6.299904173770268
MMdata_1136.50s_0327_183428_2ml,46,230.0,2,4,4,2,2,0,4.205220102448948e-05,0.0005806420231238008,0.0005385898220993113,-4.5968967925553335,-3.2557411993652137,1.3411555931901198,0.0017280949978157878,0.9934968948364258,0.99176879983861,-0.8810335971955574,4.189110588366292,5.070144185561849,0.9982299208641052,0.005922454409301281,-0.9923074664548039,5.477930389750893,-0.9333693890010784,-6.411299778751971
MMdata_1136.50s_0327_183428_2ml,47,235.0,2,4,4,2,2,0,0.00011693740816554055,0.0008485975558869541,0.0007316601477214135,-4.358229769717002,-2.7825441083845,1.5756856613325017,0.0065627070143818855,0.9961005449295044,0.9895378379151225,-0.3307101369705654,4.285474319218505,4.61618445618907,0.9933203458786011,0.0030509214848279953,-0.9902694243937731,4.688939906687568,-1.5029302108340046,-6.191870117521573
MMdata_1136.50s_0327_183428_2ml,48,240.0,2,4,4,2,2,0,0.00017265482165385038,0.0006814583903178573,0.0005088035686640069,-4.265782396553179,-2.9783601655541716,1.2874222309990078,0.010889443568885326,0.9957771301269531,0.9848876865580678,-0.12152762831234298,4.308683387794707,4.43021101610705,0.9889378547668457,0.0035413813311606646,-0.985396473435685,4.387310024865522,-1.3303232222405361,-5.7176332471060585
MMdata_1136.50s_0327_183428_2ml,49,245.0,2,4,4,2,2,0,9.095109271584079e-05,0.0006822785944677889,0.0005913275017519481,-4.44979189797672,-3.096658296197612,1.353133601779108,0.005217804107815027,0.9942476749420166,0.9890298708342016,-0.4002818939667101,4.187645257646558,4.587927151613268,0.9946911931037903,0.005070067476481199,-0.9896211256273091,4.850073791943431,-1.0909869614489454,-5.941060753392376
MMdata_1136.50s_0327_183428_2ml,50,250.0,2,4,4,2,2,0,5.063637581770308e-05,0.0005874168709851801,0.0005367804951674771,-4.576596572027857,-3.2803830881672367,1.2962134838606207,0.0023590922355651855,0.9928820133209229,0.9905229210853577,-0.7352346016443203,4.152249289581329,4.887483891225649,0.9975903034210205,0.0065305838361382484,-0.9910597195848823,5.311831173672176,-0.8718662014140914,-6.183697375086267
MMdata_1136.50s_0327_183428_2ml,51,255.0,2,4,4,2,2,0,9.426122414879501e-05,0.0009314616909250617,0.0008372004667762667,-4.388315887448946,-2.6946193815456505,1.6936965059032953,0.004657995421439409,0.9962453246116638,0.9915873291902244,-0.4880453283001973,4.280374371568008,4.768419699868205,0.9952477812767029,0.002823180751875043,-0.9924246005248278,4.876361215749144,-1.5857549900223562,-6.4621162057715
MMdata_1136.50s_0327_183428_2ml,52,260.0,2,4,4,2,2,0,0.00016100014909170568,0.0007142135873436928,0.0005532134382519871,-4.270665486496343,-2.8431482330903446,1.4275172534059983,0.009595997631549835,0.9966952800750732,0.9870992824435234,-0.18296940037266118,4.3978700727582405,4.580839473130902,0.9902430176734924,0.0025905058719217777,-0.9876525118015707,4.453634886869003,-1.554721839667895,-6.008356726536898
MMdata_1136.50s_0327_183428_2ml,53,265.0,2,4,4,2,2,0,7.850017573218793e-05,0.0006208796985447407,0.0005423795228125528,-4.456476398314066,-3.0571215796683378,1.3993548186457279,0.003960666712373495,0.9956554174423218,0.9916947507299483,-0.5354096099387569,4.322897589598093,4.85830719953685,0.9959608912467957,0.003723736619576812,-0.9922371546272188,4.9918860082528225,-1.2657760099297546,-6.257662018182577
MMdata_1136.50s_0327_183428_2ml,54,270.0,2,4,4,2,2,0,5.262309787212871e-05,0.000586096488405019,0.0005334733905328903,-4.573299915022953,-3.267225473097646,1.3060744419253068,0.0025231882464140654,0.9931661486625671,0.9906429604161531,-0.7031765034328767,4.167943343831165,4.871119847264041,0.9974242448806763,0.006247845944017172,-0.9911763989366591,5.276476418455831,-0.9007178707335193,-6.17719428918935
MMdata_1136.50s_0327_183428_2ml,55,275.0,2,4,4,2,2,0,9.238363418262452e-05,0.0007971087470650673,0.0007047251128824428,-4.3907544064379715,-2.9344552843925715,1.4562991220454,0.004506435710936785,0.9949518442153931,0.9904454085044563,-0.5034424381200351,4.195003217819133,4.698445655939168,0.99540114402771,0.00425095297396183,-0.9911501910537481,4.8941968445580075,-1.2605479334265626,-6.15474477798457
MMdata_1136.50s_0327_183428_2ml,56,280.0,2,4,4,2,2,0,0.0001631519990041852,0.0007460631313733757,0.0005829111323691905,-4.26903221405919,-2.8182980283178125,1.4507341857413776,0.009808179922401905,0.9966301321983337,0.9868219522759318,-0.17274248711602258,4.379026747922879,4.551769235038901,0.9900286793708801,0.0026238015852868557,-0.9874048777855933,4.441774701175214,-1.5607287196050654,-6.002503420780279
MMdata_1136.50s_0327_183428_2ml,57,285.0,2,4,4,2,2,0,8.346739923581481e-05,0.0006475760601460934,0.0005641086609102786,-4.460117694574136,-3.000912354460633,1.4592053401135034,0.004529552534222603,0.9959312081336975,0.9914016555994749,-0.4661953865994981,4.337284857499899,4.803480244099397,0.9953870177268982,0.0034213007893413305,-0.9919657169375569,4.926313081173634,-1.3363725030392644,-6.262685584212899
MMdata_1136.50s_0327_183428_2ml,58,290.0,2,4,4,2,2,0,5.7660756283439696e-05,0.0005668593221344054,0.0005091985658509657,-4.553681332467579,-3.1582275989091455,1.3954537335584334,0.002857225015759468,0.9952274560928345,0.992370231077075,-0.6506519822666794,4.312387826361872,4.963039808628551,0.9970851540565491,0.004205626435577869,-0.9928795276209712,5.204333314734259,-1.154160227452726,-6.358493542186985
MMdata_1136.50s_0327_183428_2ml,59,295.0,2,4,4,2,2,0,9.303505794377998e-05,0.0009592109126970172,0.0008661758547532372,-4.383298740282297,-2.628120585332238,1.755178154950059,0.004468959290534258,0.996589183807373,0.9921202245168388,-0.5113642899476556,4.317862345823122,4.829226635770778,0.9954380393028259,0.002451584441587329,-0.9929864548612386,4.8946630302299505,-1.6897417604908842,-6.584404790720835
MMdata_1136.50s_0327_183428_2ml,60,300.0,2,4,4,2,2,0,0.0001728293573250994,0.0007338912691920996,0.0005610619118670002,-4.255353945110207,-2.806738857047449,1.4486150880627582,0.010571993887424469,0.9968141913414001,0.9862421974539757,-0.14169498143916126,4.40721992374018,4.548914905179341,0.9892551898956299,0.002451900392770767,-0.9868032895028591,4.3970489265493695,-1.6004810666927298,-5.997529993242099
MMdata_1136.50s_0327_183428_2ml,61,305.0,2,4,4,2,2,0,7.942655793158337e-05,0.0006503594922833145,0.0005709329343517311,-4.46323366901077,-3.182093997375218,1.281139671635552,0.004138475749641657,0.9933918118476868,0.9892533360980451,-0.5099836414917807,4.149261166636207,4.659244808127988,0.9957821369171143,0.005957773420959711,-0.9898243634961545,4.973217310502552,-0.9671671692609882,-5.94038447976354
MMdata_1136.50s_0327_183428_2ml,62,310.0,2,4,4,2,2,0,6.743682752130553e-05,0.0005674784770235419,0.0005000416495022364,-4.512362623863947,-3.208450667786882,1.303911956077065,0.0034546905662864447,0.9945288300514221,0.9910741394851357,-0.576065723893822,4.260370875876087,4.836436599769909,0.9964779019355774,0.004903641063719988,-0.9915742608718574,5.0884283477577705,-1.0519202080892054,-6.140348555846976
MMdata_1136.50s_0327_183428_2ml,63,315.0,2,4,4,2,2,0,0.00010261026181979105,0.0017917708028107882,0.001689160540990997,-4.380732870742176,-2.1574582490781378,2.2232746216640384,0.005399606190621853,0.9961228966712952,0.9907232904806733,-0.4175895139837644,4.163207984971121,4.580797498954886,0.9944978356361389,0.0020853003952652216,-0.9924125352408737,4.79832238472594,-2.0057497358929846,-6.804072120618924
MMdata_1136.50s_0327_183428_2ml,64,320.0,2,4,4,2,2,0,0.00016573914035689086,0.0006960993050597608,0.00053036016470287,-4.249564505291501,-2.9519233609398903,1.2976411443516112,0.009544986300170422,0.9958908557891846,0.9863458694890141,-0.19620831313202824,4.313977257241055,4.510185570373083,0.9902893304824829,0.0034130506683140993,-0.9868762798141688,4.4457728184235314,-1.3620538963011652,-5.807826714724697
MMdata_1136.50s_0327_183428_2ml,65,325.0,2,4,4,2,2,0,8.370305295102298e-05,0.000674313516356051,0.000590610463405028,-4.460558926875486,-2.987872613419407,1.4726863134560793,0.004561345558613539,0.9957576394081116,0.991196293849498,-0.4624614410037271,4.309691399050974,4.7721528400547015,0.9953550100326538,0.0035679589491337538,-0.99178705108352,4.923020367879214,-1.321818785631569,-6.2448391535107834
MMdata_1136.50s_0327_183428_2ml,66,330.0,2,4,4,2,2,0,5.496457015397027e-05,0.0005673411651514471,0.0005123765949974768,-4.547286847368166,-3.20506599406103,1.3422208533071354,0.002546135801821947,0.9945811629295349,0.992035027127713,-0.7116435290286827,4.264050166694778,4.975693695723461,0.997398853302002,0.004851497244089842,-0.9925473560579121,5.25893037639685,-1.0589841726337479,-6.317914549030598
MMdata_1136.50s_0327_183428_2ml,67,335.0,2,4,4,2,2,0,0.0001030292987707071,0.0008566852775402367,0.0007536559787695296,-4.3797035314371975,-2.712947569089086,1.6667559623481116,0.005427166353911161,0.9966211318969727,0.9911939655430615,-0.41554450669359344,4.346107785765778,4.761652292459371,0.9944697618484497,0.0025221272371709347,-0.9919476346112788,4.795248038130789,-1.6331602166766919,-6.428408254807481
MMdata_1136.50s_0327_183428_2ml,68,340.0,2,4,4,2,2,0,0.00018934847321361303,0.0007796118734404445,0.0005902634002268314,-4.237407985366714,-2.8241329048801207,1.413275080486593,0.012042518705129623,0.9963037967681885,0.9842612780630589,-0.08479818461635524,4.328878404326652,4.413676588943007,0.9877681136131287,0.0029166284948587418,-0.9848514851182699,4.322206169983069,-1.5047454994465301,-5.826951669429599
MMdata_1136.50s_0327_183428_2ml,69,345.0,2,4,4,2,2,0,8.952386269811541e-05,0.0007628382882103324,0.000673314425512217,-4.459579193004887,-3.2406667295929674,1.21891246341192,0.005205895286053419,0.9894266128540039,0.9842207175679505,-0.396537433810229,3.9271680790292125,4.3237055128394415,0.99470454454422,0.009810528717935085,-0.9848940158262849,4.8561166268151155,-0.686501349436246,-5.542617976251361
MMdata_1136.50s_0327_183428_2ml,70,350.0,2,4,4,2,2,0,5.0531809392850846e-05,0.0005683375056833029,0.000517805696290452,-4.566750211545744,-3.1629341378748865,1.4038160736708578,0.002280796878039837,0.9951436519622803,0.9928628550842404,-0.7570730697005787,4.304992799275577,5.0620658689761555,0.9976686835289001,0.004288065247237682,-0.9933806182816625,5.323823281246323,-1.1420586614006885,-6.4658819426470115
MMdata_1136.50s_0327_183428_2ml,71,355.0,2,4,4,2,2,0,0.0001071102378773503,0.0008874628692865372,0.0007803526314091869,-4.372807967999943,-2.6419307476774874,1.7308772203224558,0.005747396033257246,0.9969258904457092,0.991178494412452,-0.3901643652074078,4.382134282900998,4.772298648108406,0.9941455125808716,0.0021865798626095057,-0.9919589327182621,4.762972333207351,-1.7402035352235101,-6.503175868430861
MMdata_1136.50s_0327_183428_2ml,72,360.0,2,4,4,2,2,0,0.0001831821136875078,0.000726453261449933,0.0005432711477624252,-4.254839413756269,-2.9654003890711884,1.2894390246850804,0.011873920448124409,0.9954010248184204,0.983527104370296,-0.08322051338112235,4.2573264388094865,4.340546952190609,0.9879428744316101,0.003872472560033202,-0.9840704018715769,4.33805992713739,-1.291926049738298,-5.629985976875688
MMdata_1136.50s_0327_183428_2ml,73,365.0,2,4,4,2,2,0,8.799359056865796e-05,0.0006872239173389971,0.0005992303267703392,-4.45834886435014,-2.9582945864396155,1.5000542779105244,0.005009918939322233,0.9959222078323364,0.9909122888930142,-0.416437827556706,4.320469668382449,4.736907495939155,0.9949020147323608,0.0033906593453139067,-0.9915113553870469,4.874786691906848,-1.3621750819428327,-6.23696177384968
MMdata_1136.50s_0327_183428_2ml,74,370.0,2,4,4,2,2,0,5.472398333949968e-05,0.0005610017688013613,0.0005062777854618616,-4.558812171505237,-3.120109586782992,1.438702584722245,0.0026128613390028477,0.9957669973373413,0.9931541359983385,-0.6929130388281663,4.36143492553823,5.054347964366396,0.9973324537277222,0.00367206078954041,-0.9936603929381818,5.251725210333403,-1.2413253387552388,-6.493050549088641
MMdata_1136.50s_0327_183428_2ml,75,375.0,2,4,4,2,2,0,0.00012819365656469017,0.0008227445650845766,0.0006945509085198864,-4.352976742501949,-2.701384387818874,1.6515923546830749,0.007773195393383503,0.9969310164451599,0.9891578210517764,-0.24808219862735292,4.398406685593496,4.646488884220849,0.9920985698699951,0.002246228512376547,-0.9898523413576186,4.6010589411293,-1.6970222977746214,-6.298081238903921
MMdata_1136.50s_0327_183428_2ml,76,380.0,2,4,4,2,2,0,0.00019413266272749752,0.000733350170776248,0.0005392175080487505,-4.2537183726687795,-2.821617465401949,1.4321009072668307,0.013310719281435013,0.9967064261436462,0.9833957068622112,-0.0259351759123696,4.392970772388801,4.418905948301171,0.9864951372146606,0.002560319844633341,-0.9839348173700273,4.27965354858115,-1.571353306986853,-5.851006855568003
MMdata_1136.50s_0327_183428_2ml,77,385.0,2,4,4,2,2,0,8.693590643815696e-05,0.000666099542286247,0.00057916363584809,-4.462896532568856,-2.9361728365872013,1.526723695981655,0.004957109689712524,0.996354341506958,0.9913972318172455,-0.4194895460924828,4.374246279011359,4.793735825103842,0.9949559569358826,0.002979582641273737,-0.9919763742946088,4.882386078661339,-1.438073442424158,-6.320459521085497
MMdata_1136.50s_0327_183428_2ml,78,390.0,2,4,4,2,2,0,6.255467451410368e-05,0.0005702452035620809,0.0005076905290479772,-4.530131028563213,-3.2132174098961253,1.3169136186670878,0.0031343165319412947,0.9944063425064087,0.9912720259744674,-0.616005577964529,4.2506173374717955,4.8666229154363245,0.9968031644821167,0.005023508798331022,-0.9917796556837857,5.146136606527743,-1.0373999275756702,-6.183536534103413
MMdata_1136.50s_0327_183428_2ml,79,395.0,2,4,4,2,2,0,0.00010873601422645152,0.0008148550987243652,0.0007061190844979137,-4.361887960999165,-2.765061632070818,1.5968263289283469,0.005732215940952301,0.9965169429779053,0.990784727036953,-0.39695355676423105,4.3439494844486575,4.7409030412128885,0.9941591024398804,0.002668265951797366,-0.991490836488083,4.758841517763395,-1.5788878523778402,-6.337729370141235
MMdata_1136.50s_0327_183428_2ml,80,400.0,2,4,4,2,2,0,0.00019741340656764805,0.000886138470377773,0.000688725063810125,-4.25234540677928,-2.7752040122931216,1.477141394486158,0.013713476248085499,0.9958587288856506,0.9821452526375651,-0.01151115113978829,4.249283450243745,4.260794601383533,0.9860891103744507,0.0032551635522395372,-0.9828339468222111,4.263856557919069,-1.474079437950623,-5.737935995869692
MMdata_1136.50s_0327_183428_2ml,81,405.0,2,4,4,2,2,0,8.031974721234292e-05,0.0006744485581293702,0.0005941288109170273,-4.4554008259659765,-3.0667821145491603,1.3886187114168163,0.004133773501962423,0.9947984218597412,0.9906646483577788,-0.5144703849823884,4.229617883904666,4.7440882688870545,0.9957858920097351,0.004527122247964144,-0.991258769761771,4.969871210948364,-1.1628357693555067,-6.132706980303871
MMdata_1136.50s_0327_183428_2ml,82,410.0,2,4,4,2,2,0,5.591041917796247e-05,0.0005669888923875988,0.0005110784732096363,-4.544534964303298,-3.2234957136487488,1.3210392506545494,0.0026130368933081627,0.994310736656189,0.9916976997628808,-0.7000173321246947,4.245969622076545,4.945986954201239,0.9973310232162476,0.005122313741594553,-0.992208709474653,5.244552296427992,-1.0224739084277967,-6.267026204855789
MMdata_1136.50s_0327_183428_2ml,83,415.0,2,4,4,2,2,0,8.947049354901537e-05,0.0008322637877427042,0.0007427932941936888,-4.380791530344285,-2.852116263864498,1.5286752664797874,0.0041005671955645084,0.9955500364303589,0.9914494692347944,-0.5558198367459344,4.2347849568248535,4.790604793570788,0.9958100318908691,0.003617711830884218,-0.9921923200599849,4.936611367090221,-1.3826686929603555,-6.319280060050577
MMdata_1136.50s_0327_183428_2ml,84,420.0,2,4,4,2,2,0,0.00020490551833063364,0.0007943924865685403,0.0005894869682379067,-4.2462591915855565,-2.8112851346684122,1.4349740569171443,0.014518778771162033,0.9962917566299438,0.9817729778587818,0.014389999881093907,4.322932632655566,4.308542632774472,0.9852762818336487,0.0029138056561350822,-0.9823624761775136,4.231869191704462,-1.5116474979871537,-5.743516689691615
MMdata_1136.50s_0327_183428_2ml,85,425.0,2,4,4,2,2,0,8.842690294841304e-05,0.0006969893584027886,0.0006085624554543756,-4.435189369852826,-2.907888318070187,1.527301051782639,0.004718415904790163,0.9963059425354004,0.9915875266306102,-0.45813721633554927,4.357151199620232,4.815288415955782,0.9951932430267334,0.002997085452079773,-0.9921961575746536,4.893326586188375,-1.4492628815500455,-6.342589467738421
MMdata_1136.50s_0327_183428_2ml,86,430.0,2,4,4,2,2,0,4.832801641896367e-05,0.0005636653513647616,0.0005153373349457979,-4.56931434622122,-3.1118953140582466,1.4574190321629734,0.0021019228734076023,0.9958198070526123,0.9937178841792047,-0.7967179300380538,4.364965562774212,5.161683492812266,0.9978498220443726,0.0036165860947221518,-0.9942332359496504,5.366032276259272,-1.2530702487159662,-6.619102524975238
MMdata_1136.50s_0327_183428_2ml,87,435.0,2,4,4,2,2,0,9.556992881698534e-05,0.0007503111846745014,0.0006547412558575161,-4.375496846767065,-3.06144148723925,1.3140553595278153,0.00460736034438014,0.9937299489974976,0.9891225886531174,-0.4999446866324062,4.1272912470212955,4.627235933653702,0.9952971339225769,0.005519705358892679,-0.9897774285636842,4.87544153339947,-1.0658497597820444,-5.941291293181514
MMdata_1136.50s_0327_183428_2ml,88,440.0,2,4,4,2,2,0,0.00020489850430749357,0.0007127065910026431,0.0005078080866951495,-4.254401815165286,-2.8315499783808358,1.4228518367844503,0.014882280491292477,0.996796190738678,0.9819139102473855,0.03100998470586802,4.4116818047379205,4.3806718200320525,0.9849128127098083,0.0024911207146942616,-0.9824216919951141,4.223391830459417,-1.5801318263570865,-5.803523656816504
MMdata_1136.50s_0327_183428_2ml,89,445.0,2,4,4,2,2,0,8.209554653149098e-05,0.0006693669711239636,0.0005872714245924726,-4.461700134419331,-2.9931489850580384,1.4685511493612928,0.004402164835482836,0.9957587122917175,0.9913565474562347,-0.4797321979922611,4.311778818880542,4.7915110168728035,0.995515763759613,0.003571895183995366,-0.9919438685756177,4.941432332411593,-1.3186298338225058,-6.260062166234099
MMdata_1136.50s_0327_183428_2ml,90,450.0,2,4,4,2,2,0,5.303279249346815e-05,0.0005624048644676805,0.0005093720719742123,-4.53362065368903,-3.1783805971041135,1.3552400565849165,0.002274470403790474,0.9950390458106995,0.992764575406909,-0.7750285874580989,4.299934670348194,5.074963257806293,0.9976724982261658,0.00439863046631217,-0.9932738677598536,5.308649241147129,-1.1215540732440816,-6.4302033143912105
MMdata_1136.50s_0327_183428_2ml,91,455.0,2,4,4,2,2,0,9.852534276433289e-05,0.0007884015212766826,0.0006898761785123497,-4.372231150225367,-3.349664088771036,1.0225670614543305,0.0048501817509531975,0.9846082329750061,0.9797580512240529,-0.4757734946056207,3.7803275143947452,4.256101009000366,0.9950513243675232,0.014603378251194954,-0.9804479461163282,4.848004644830987,-0.4306634256237092,-5.278668070454696
MMdata_1136.50s_0327_183428_2ml,92,460.0,2,4,4,2,2,0,0.0001953273022081703,0.0007523022941313684,0.0005569749919231981,-4.2574098571363495,-2.8263472359345165,1.431062621201833,0.013629523105919361,0.9965142607688904,0.982884737662971,-0.012092945983298797,4.362533263403379,4.374626209386678,0.9861751794815063,0.002733394270762801,-0.9834417852107435,4.269502803119648,-1.5361860274688617,-5.80568883058851
MMdata_1136.50s_0327_183428_2ml,93,465.0,2,4,4,2,2,0,7.360579911619425e-05,0.0007229804177768528,0.0006493746186606586,-4.464073168477479,-2.816469938342335,1.647603230135144,0.0035610042978078127,0.9968270659446716,0.9932660616468638,-0.5849990932605369,4.4124805040254484,4.997479597285985,0.9963653087615967,0.002449995605275035,-0.9939153131563216,5.049072261738015,-1.5960105656831134,-6.645082827421128
MMdata_1136.50s_0327_183428_2ml,94,470.0,2,4,4,2,2,0,3.391889185877517e-05,0.0005594369722530246,0.0005255180803942494,-4.6186836649930205,-3.1455040144927287,1.4731796505002919,0.001199570600874722,0.9954988360404968,0.9942992654396221,-1.0529368669909331,4.338564347494143,5.391501214485076,0.9987665414810181,0.003941728267818689,-0.9948248132131994,5.6716205319839545,-1.193060333001414,-6.864680864985369
MMdata_1136.50s_0327_183428_2ml,95,475.0,2,4,4,2,2,0,9.802597924135625e-05,0.0006983551429584622,0.000600329163717106,-4.3661133445479186,-3.088410229652718,1.2777031148952007,0.004713176283985376,0.9941189289093018,0.9894057526253164,-0.4932285523888469,4.172474121451705,4.665702673840552,0.99518883228302,0.005182662047445774,-0.9900061702355742,4.8593418969367645,-1.084063891798987,-5.943405788735752
MMdata_1136.50s_0327_183428_2ml,96,480.0,2,4,4,2,2,0,0.0001747182395774871,0.0007267685141414404,0.0005520502745639533,-4.270610815571579,-2.858144821941824,1.4124659936297546,0.011318924836814404,0.9964667558670044,0.98514783103019,-0.09955406423268087,4.365218220871227,4.464772285103908,0.9885063171386719,0.0028064607176929712,-0.9856998564209789,4.37016487980426,-1.5070733989294025,-5.877238278733662
MMdata_1136.50s_0327_183428_2ml,97,485.0,2,4,4,2,2,0,8.629663352621719e-05,0.000699480646289885,0.0006131840127636679,-4.4530657230432915,-2.8501803336072173,1.6028853894360742,0.004741492681205273,0.9967628717422485,0.9920213790610433,-0.4467490346440677,4.41174971946215,4.8584987541062175,0.9951722025871277,0.0025375366676598787,-0.9926346659194678,4.899814757687359,-1.5615693858549324,-6.461384143542292
MMdata_1136.50s_0327_183428_2ml,98,490.0,2,4,4,2,2,0,4.016019738628529e-05,0.0005632891552522779,0.0005231289578659926,-4.593954708833885,-3.18897056044307,1.404984148390815,0.001561980345286429,0.9948810338973999,0.9933190535521135,-0.9331213519252186,4.287614791082412,5.22073614300763,0.9983978867530823,0.0045556314289569855,-0.9938422553241253,5.527076060759105,-1.0986442306393416,-6.625720291398447
MMdata_1136.50s_0327_183428_2ml,99,495.0,2,4,4,2,2,0,0.00010589534940663725,0.0007397739682346582,0.000633878618828021,-4.364656907263773,-3.105053648816358,1.2596032584474148,0.005480573046952486,0.9931407570838928,0.9876601840369403,-0.41814329886864954,4.097229342286833,4.515372641155483,0.9944135546684265,0.006119420286267996,-0.9882941343821585,4.782800206132421,-0.9921756934704744,-5.774975899602896
MMdata_1136.50s_0327_183428_2ml,100,500.0,2,4,4,2,2,0,0.0001997293729800731,0.0007312391535378993,0.0005315097805578262,-4.230861181710535,-2.773817228457686,1.4570439532528487,0.013153495267033577,0.9970640540122986,0.983910558745265,-0.04338169478312093,4.444012499507737,4.487394194290858,0.9866467714309692,0.002204734832048416,-0.9844420365989208,4.2742428764936555,-1.6701952710500505,-5.944438147543706
MMdata_1136.50s_0327_183428_2ml,101,505.0,2,4,4,2,2,0,8.469573367619887e-05,0.0006946423673070967,0.0006099466336308978,-4.454110144552313,-2.990559952216141,1.4635501923361725,0.004580789711326361,0.9954873919487,0.9909066022373736,-0.46354868682280603,4.277030651436927,4.740579338259733,0.9953345656394958,0.0038180167321115732,-0.9915165489073843,4.91765883137512,-1.2864706992207857,-6.204129530595906
MMdata_1136.50s_0327_183428_2ml,102,510.0,2,4,4,2,2,0,5.408602737588808e-05,0.0005720854387618601,0.000517999411385972,-4.53336253837645,-3.231022287804741,1.3023402505717092,0.0023640934377908707,0.9940927624702454,0.9917286690324545,-0.7557885138201188,4.229275167194149,4.9850636810142674,0.9975818395614624,0.00533507252112031,-0.9922467670403421,5.289151052196571,-0.9982528793894065,-6.2874039315859775
MMdata_1136.50s_0327_183428_2ml,103,515.0,2,4,4,2,2,0,0.0001266168401343748,0.0007866205996833742,0.0006600037595489994,-4.3478941914144045,-3.292669454333303,1.0552247370811014,0.0074660745449364185,0.9869901537895203,0.9795240792445838,-0.27093506670428535,3.841999840223079,4.112934906927364,0.9924073815345764,0.01222312729805708,-0.9801842542365193,4.618829258118691,-0.5493303858897769,-5.168159644008467
MMdata_1136.50s_0327_183428_2ml,104,520.0,2,4,4,2,2,0,0.00017344944353681058,0.0006729751476086676,0.000499525704071857,-4.255632240907544,-2.8582541205753174,1.3973781203322266,0.01065781619399786,0.9969209432601929,0.986263127066195,-0.13746958922988828,4.442464229411268,4.579933818641156,0.9891687631607056,0.002406075829640031,-0.9867626873310655,4.393101830137432,-1.5842101088359488,-5.977311938973381
MMdata_1136.50s_0327_183428_2ml,105,525.0,2,4,4,2,2,0,7.48096063034609e-05,0.0008449132437817752,0.0007701036374783143,-4.458911580053993,-2.684272920063612,1.774638659990381,0.0036221409682184458,0.9969045519828796,0.9932824110146612,-0.5790373256252579,4.388903437069165,4.967940762694423,0.9963030815124512,0.0022504294756799936,-0.9940526520367712,5.037948905679252,-1.704630517005553,-6.742579422684805
MMdata_1136.50s_0327_183428_2ml,106,530.0,2,4,4,2,2,0,5.758180486736819e-05,0.0005641408497467637,0.0005065590448793955,-4.533781386681082,-3.1964144718142657,1.3373669148668164,0.0026838083285838366,0.9947627186775208,0.9920789103489369,-0.6919959338181858,4.27854108828279,4.9705370221009755,0.9972585439682007,0.004673164803534746,-0.9925853791646659,5.225777320499267,-1.0821266164685222,-6.307903936967789
MMdata_1136.50s_0327_183428_2ml,107,535.0,2,4,4,2,2,0,0.0001280466967727989,0.0009705265983939171,0.0008424799016211182,-4.333304097043853,-3.23396163764523,1.0993424593986232,0.007307489402592182,0.9833701848983765,0.9760626954957843,-0.28904406619626855,3.6869404683373963,3.975984534533665,0.9925644993782043,0.01565932109951973,-0.9769051782786846,4.6223481632401215,-0.4529788306921665,-5.075326993932288
MMdata_1136.50s_0327_183428_2ml,108,540.0,2,4,4,2,2,0,0.00021966607891954482,0.0007901884964667261,0.0005705224175471812,-4.239045150980986,-2.8342261630141348,1.4048189879668511,0.01635943539440632,0.9961208701133728,0.9797614347189665,0.07140637703686181,4.30512620160282,4.233719824565958,0.9834209084510803,0.0030889844056218863,-0.9803319240454584,4.167638773944123,-1.4709000385886855,-5.638538812532809
MMdata_1136.50s_0327_183428_2ml,109,545.0,2,4,4,2,2,0,9.432171646039933e-05,0.0007032169378362596,0.0006088952213758603,-4.462398843301703,-2.896902816269061,1.5654960270326423,0.005831633694469929,0.9963448643684387,0.9905132306739688,-0.3380578355050199,4.359280476854347,4.697338312359367,0.9940740466117859,0.0029518594965338707,-0.991122187115252,4.800456678806722,-1.4623776605852878,-6.26283433939201
MMdata_1136.50s_0327_183428_2ml,110,550.0,2,4,4,2,2,0,6.559075700351968e-05,0.0005668900557793677,0.000501299298775848,-4.5028108098456805,-3.0665819713871993,1.4362288384584811,0.003174918470904231,0.9962413311004639,0.9930664126295596,-0.6232083639901544,4.404997456356538,5.028205820346693,0.9967594742774963,0.0031917730811983347,-0.993567701196298,5.126019173835835,-1.3384154849693397,-6.464434658805175
MMdata_1136.50s_0327_183428_2ml,111,555.0,2,4,4,2,2,0,0.0001449337141821161,0.0008923104614950716,0.0007473767473129556,-4.324448596243809,-3.4372998968325135,0.8871486994112958,0.009133553132414818,0.9745243191719055,0.9653907660394907,-0.1810150215594497,3.5585907332962297,3.7396057548556794,0.9907214641571045,0.02458331361413002,-0.9661381505429745,4.505463617803259,-0.12129083646371575,-4.626754454266974
MMdata_1136.50s_0327_183428_2ml,112,560.0,2,4,4,2,2,0,0.00024285033578053117,0.0007090328726917505,0.00046618253691121936,-4.223055608451588,-2.806494258328838,1.41656135012275,0.01911238767206669,0.9970044493675232,0.9778920616954565,0.1425910131139827,4.4421143630351825,4.2995233499212,0.9806447625160217,0.0022864965721964836,-0.9783582659438252,4.080464595337606,-1.6356201047063452,-5.716084700043951
MMdata_1136.50s_0327_183428_2ml,113,565.0,2,4,4,2,2,0,8.558777335565537e-05,0.0006576727610081434,0.000572084987652488,-4.456199468824925,-2.940014551801336,1.5161849170235895,0.004707808140665293,0.9964041709899902,0.9916963628493249,-0.44876419136112666,4.38318621269683,4.831950404057957,0.9952065348625183,0.002938193967565894,-0.9922683408949524,4.904963660186052,-1.443171660895496,-6.348135321081548
MMdata_1136.50s_0327_183428_2ml,114,570.0,2,4,4,2,2,0,5.112114376970567e-05,0.0005690447287634015,0.0005179235849936958,-4.547284611215294,-3.1405683714738233,1.4067162397414705,0.002201722003519535,0.995412290096283,0.9932105680927634,-0.784487733199609,4.326384880285746,5.110872613485355,0.9977471232414246,0.004018688574433327,-0.9937284346669912,5.331772344414901,-1.1858165088119206,-6.517588853226822
MMdata_1136.50s_0327_183428_2ml,115,575.0,2,4,4,2,2,0,0.0001388818200211972,0.0010305802570655942,0.000891698437044397,-4.318593067047999,-3.393410224682445,0.9251828423655541,0.008233139291405678,0.9700912237167358,0.9618580844253302,-0.23629375704074018,3.4538578874715453,3.6901516445122855,0.9916279315948486,0.02887813001871109,-0.9627498015761375,4.554886824088741,-0.06044766278910174,-4.615334486877843
MMdata_1136.50s_0327_183428_2ml,116,580.0,2,4,4,2,2,0,0.0002230460668215528,0.0008265255601145327,0.0006034794932929799,-4.240612209099279,-2.808904321744154,1.4317078873551248,0.01695658639073372,0.9960408210754395,0.9790842346847057,0.09042107805597954,4.2854083564869185,4.194987278430939,0.9828203916549683,0.003132639219984412,-0.9796877524349838,4.1501911310433,-1.4765040347427654,-5.6266951657860655
MMdata_1136.50s_0327_183428_2ml,117,585.0,2,4,4,2,2,0,8.924436406232417e-05,0.0008775355527177453,0.0007882911886554211,-4.466294333020567,-3.0121282223960906,1.4541661106244765,0.005279104690998793,0.9926031231880188,0.98732401849702,-0.38616080770170047,4.018840495769417,4.405001303471117,0.9946316480636597,0.006519372574985027,-0.9881122754886746,4.852455140722268,-1.0067122733733243,-5.859167414095592
MMdata_1136.50s_0327_183428_2ml,118,590.0,2,4,4,2,2,0,4.2847677832469344e-05,0.0005648835212923586,0.0005220358434598893,-4.565944665643795,-3.1801077041041106,1.3858369615396846,0.0016348485369235277,0.9949742555618286,0.9933394070249051,-0.9242906752049578,4.2937448850061894,5.218035560211147,0.9983223080635071,0.004460829775780439,-0.9938614782877266,5.490235340848754,-1.1136371809020797,-6.603872521750834
MMdata_1136.50s_0327_183428_2ml,119,595.0,2,4,4,2,2,0,0.00015177555906120688,0.0009501240565441549,0.000798348497482948,-4.315871216799127,-3.5033348839387872,0.8125363328603394,0.009768109768629074,0.9647262096405029,0.9549580998718739,-0.15139580799358754,3.419672173641297,3.5710679816348847,0.9900800585746765,0.03432365879416466,-0.9557563997805119,4.467267024792715,0.08366271029748917,-4.383604314495226
MMdata_1136.50s_0327_183428_2ml,120,600.0,2,4,4,2,2,0,0.0002655088319443166,0.0006403663428500295,0.00037485751090571284,-4.23045240829392,-2.9919372119469934,1.2385151963469267,0.023462457582354546,0.9961035251617432,0.9726410675793886,0.25105635925237957,4.35762883685133,4.1065724775989505,0.9762720465660095,0.0032561018597334623,-0.9730159447062761,3.9793960490415397,-1.3656916249043372,-5.345087673945876
MMdata_1136.50s_0327_183428_2ml,121,605.0,2,4,4,2,2,0,8.516188972862437e-05,0.0006686190608888865,0.0005834571711602621,-4.458197262099395,-3.2107744794412163,1.2474227826581785,0.004689001478254795,0.992462158203125,0.9877731567248702,-0.4497763578602232,4.0919552013824925,4.541731559242716,0.9952257871627808,0.006869236472994089,-0.9883565506897867,4.907973619959618,-0.8811807219412771,-5.789154341900895
MMdata_1136.50s_0327_183428_2ml,122,610.0,2,4,4,2,2,0,4.9007863708538935e-05,0.0005726798553951085,0.0005236719916865695,-4.521282815352224,-3.1418463753113404,1.3794364400408838,0.0018709867727011442,0.9953413009643555,0.9934703141916543,-0.8790423278266211,4.318667754070892,5.1977100818975135,0.9980800151824951,0.00408612284809351,-0.9939938923344016,5.400325143178848,-1.176821378759552,-6.5771465219384
MMdata_1136.50s_0327_183428_2ml,123,615.0,2,4,4,2,2,0,0.00013668743486050516,0.0009007024927996099,0.0007640150579391047,-4.3220925447518015,-3.35513169488849,0.9669608498633115,0.00805774424225092,0.9796255230903625,0.9715677788481116,-0.2454004409897781,3.63661895702592,3.8820193980156983,0.9918055534362793,0.019473686814308167,-0.9723318666219711,4.5674929857415805,-0.2814872621374298,-4.848980247879011
MMdata_1136.50s_0327_183428_2ml,124,620.0,2,4,4,2,2,0,0.00020729251264128834,0.0006032615783624351,0.00039596906572114676,-4.304603279713545,-3.0459452814571133,1.2586579982564317,0.0177597776055336,0.9959983825683594,0.9782386049628258,0.14595731422324487,4.363204733553022,4.2172474193297775,0.9820329546928406,0.003398320870473981,-0.9786346338223666,4.158645965490301,-1.3172594520959091,-5.47590541758621
MMdata_1136.50s_0327_183428_2ml,125,625.0,2,4,4,2,2,0,7.855403237044811e-05,0.000644633371848613,0.0005660793394781649,-4.467659794688617,-3.1653226207825957,1.3023371739060217,0.004102006554603577,0.9937915205955505,0.989689514040947,-0.5122149566161713,4.1752783655789045,4.687493322195076,0.9958194494247437,0.005563866812735796,-0.9902555826120079,4.979874751304791,-1.0099557447963088,-5.9898304961011
MMdata_1136.50s_0327_183428_2ml,126,630.0,2,4,4,2,2,0,5.784638415207155e-05,0.0005678670131601393,0.0005100206290080678,-4.532119870891742,-3.1595208956367085,1.3725989752550332,0.0026950922328978777,0.9951949715614319,0.992499879328534,-0.6907231122571513,4.309285793078378,5.000008905335529,0.997247040271759,0.004237137734889984,-0.993009902536869,5.222842983148891,-1.1497648974416688,-6.37260788059056
MMdata_1136.50s_0327_183428_2ml,127,635.0,2,4,4,2,2,0,0.0001415158767485991,0.0007970910519361496,0.0006555751751875505,-4.314757079788282,-3.1167641082288418,1.1979929715594402,0.008452484384179115,0.9918347597122192,0.9833822753280401,-0.22495330664679525,4.009578775694993,4.234532082341788,0.9914059638977051,0.00736812362447381,-0.9840378402732313,4.539710386435077,-0.8928146674661495,-5.432525053901227
MMdata_1136.50s_0327_183428_2ml,128,640.0,2,4,4,2,2,0,0.00016903407231438905,0.0006356962840072811,0.000466662211692892,-4.347276678795146,-3.0446948159348857,1.3025818628602606,0.01336163841187954,0.9956034421920776,0.9822418037801981,0.022766090466097566,4.311688582527257,4.288922492061159,0.9864693880081177,0.003760931547731161,-0.9827084564603865,4.3245105883290496,-1.2669937665923712,-5.591504354921421
MMdata_1136.50s_0327_183428_2ml,129,645.0,2,4,4,2,2,0,7.991697930265218e-05,0.0006357490201480687,0.0005558320408454165,-4.47064715018317,-3.090232858631799,1.3804142915513715,0.004284596536308527,0.9950495362281799,0.9907649396918714,-0.4888538179178701,4.265511078376129,4.754364896293999,0.995635449886322,0.004314593970775604,-0.9913208559155464,4.95950096810104,-1.1752782197443299,-6.1347791878453695
MMdata_1136.50s_0327_183428_2ml,130,650.0,2,4,4,2,2,0,4.712658846983686e-05,0.0005783638916909695,0.0005312373032211326,-4.578507409155299,-3.161974540945466,1.416532868209833,0.0020545050501823425,0.9949930310249329,0.9929385259747505,-0.8035545155099522,4.2883132302000195,5.091867745709972,0.9978983402252197,0.004428601358085871,-0.9934697388671339,5.382061924665248,-1.1263386892545526,-6.5084006139198
MMdata_1136.50s_0327_183428_2ml,131,655.0,2,4,4,2,2,0,0.00014941152767278254,0.0008151238434948027,0.0006657123158220202,-4.300499583170013,-3.414514375015334,0.8859852081546791,0.009032836183905602,0.9801357984542847,0.9711029622703791,-0.19858233098991285,3.67759197897763,3.876174309967543,0.9908177852630615,0.019049132242798805,-0.9717686530202627,4.499081914159924,-0.2630776039622953,-4.762159518122219
MMdata_1136.50s_0327_183428_2ml,132,660.0,2,4,4,2,2,0,0.00017837928317021579,0.0008091403287835419,0.0006307610456133261,-4.3322639383266015,-2.7453358787851467,1.5869280595414548,0.014237378723919392,0.9967114925384521,0.9824741138145328,0.047450063643109,4.370908391117815,4.323458327474706,0.9855842590332031,0.002479310380294919,-0.9831049486529082,4.284813874683494,-1.625572512332667,-5.910386387016161
MMdata_1136.50s_0327_183428_2ml,133,665.0,2,4,4,2,2,0,8.787692058831453e-05,0.0006221187068149447,0.0005342417862266302,-4.468181085779297,-3.1303623160664005,1.3378187697128965,0.005146929994225502,0.994716227054596,0.9895692970603704,-0.3979625933009192,4.246719538957695,4.644682132258614,0.9947651624679565,0.004661702550947666,-0.9901034599170089,4.8661436790802135,-1.1163572228912946,-5.982500901971508
MMdata_1136.50s_0327_183428_2ml,134,670.0,2,4,4,2,2,0,6.209564162418246e-05,0.0005754054873250425,0.00051330984570086,-4.519077662834664,-3.2189779222935746,1.3000997405410892,0.0029873084276914597,0.9942196607589722,0.9912323523312807,-0.6456253965640855,4.235660537998377,4.881285934562462,0.996950626373291,0.005204975605010986,-0.99174565076828,5.1647030593987475,-1.0166826157048021,-6.18138567510355
MMdata_1136.50s_0327_183428_2ml,135,675.0,2,4,4,2,2,0,0.00013767763448413461,0.0007691329810768366,0.000631455346592702,-4.309912050685292,-3.2479741825469968,1.0619378681382954,0.007880177348852158,0.9890326261520386,0.9811524488031864,-0.262721332382883,3.911244534711593,4.173965867094476,0.9919821619987488,0.01019821222871542,-0.9817839497700334,4.572633383068175,-0.6632703521645964,-5.235903735232771
MMdata_1136.50s_0327_183428_2ml,136,680.0,2,4,4,2,2,0,0.00017500172543805093,0.000757649599108845,0.0005826478736707941,-4.292455977499535,-2.8865798722004774,1.4058761052990576,0.01213483139872551,0.9959189295768738,0.9837840981781483,-0.05341658675721295,4.294620256588707,4.34803684334592,0.9876902103424072,0.0033234560396522284,-0.984366754302755,4.345872564256748,-1.4080403843882294,-5.753912948644977
MMdata_1136.50s_0327_183428_2ml,137,685.0,2,4,4,2,2,0,8.433145558228716e-05,0.0006355536170303822,0.000551222161448095,-4.463718607766021,-3.18031837567791,1.2834002320881108,0.004674724768847227,0.9937068819999695,0.9890321572311223,-0.44854797473901176,4.174382722243059,4.6229306969820705,0.9952409267425537,0.005657574161887169,-0.9895833525806665,4.912266582505033,-0.9940643465651489,-5.906330929070182
MMdata_1136.50s_0327_183428_2ml,138,690.0,2,4,4,2,2,0,6.386802851920947e-05,0.0005857024807482958,0.0005218344522290863,-4.507215821853446,-3.122343958909922,1.3848718629435242,0.0030499896965920925,0.9953833222389221,0.99233333254233,-0.6411412304352018,4.315727282909002,4.956868513344204,0.9968860745429993,0.004031011369079351,-0.9928550631739199,5.148357052288649,-1.193383323999078,-6.341740376287727
MMdata_1136.50s_0327_183428_2ml,139,695.0,2,4,4,2,2,0,0.00014893763000145555,0.000907702895347029,0.0007587652653455734,-4.307639490164806,-3.2925244992668525,1.015114990897953,0.009171233512461185,0.9827535152435303,0.9735822817310691,-0.18734004559764728,3.6946720036671405,3.882012049264788,0.9906798005104065,0.016338737681508064,-0.9743410628288984,4.494979535762452,-0.40214750440028935,-4.897127040162742
MMdata_1136.50s_0327_183428_2ml,140,700.0,2,4,4,2,2,0,0.0001679028500802815,0.0014508039457723498,0.0012829010956920683,-4.299468071165793,-2.380305342593438,1.9191627285723554,0.011399208568036556,0.9958806037902832,0.9844813952222466,-0.08155440185668894,4.15120418394824,4.232758585804929,0.9884329438209534,0.002668520901352167,-0.9857644229196012,4.381022473022481,-1.7708988413548008,-6.151921314377282
MMdata_1136.50s_0327_183428_2ml,141,705.0,2,4,4,2,2,0,8.584540773881599e-05,0.0006326503353193402,0.0005468049275805242,-4.464284257768515,-3.1308032232363514,1.3334810345321637,0.004853181075304747,0.994539201259613,0.9896860201843083,-0.4294426912520466,4.229313694663289,4.658756385915336,0.9950609803199768,0.00482811126857996,-0.9902328690513968,4.893726949020562,-1.0985104714269385,-5.9922374204475
MMdata_1136.50s_0327_183428_2ml,142,710.0,2,4,4,2,2,0,7.571286550955847e-05,0.0005900224787183106,0.0005143096132087521,-4.491372790369405,-3.171717296951674,1.3196554934177307,0.0040915533900260925,0.9946627616882324,0.9905712082982063,-0.5016409113707025,4.258281093065085,4.759922004435787,0.9958327412605286,0.004747218452394009,-0.9910855228081346,4.993013701740109,-1.0865637961134125,-6.0795774978535215
MMdata_1136.50s_0327_183428_2ml,143,715.0,2,4,4,2,2,0,0.00016554789908695966,0.0011004132684320211,0.0009348653693450615,-4.286945386408701,-3.620871499704449,0.6660738867042517,0.010665147565305233,0.9310221076011658,0.9203569600358605,-0.12146949259777351,3.119725715549569,3.2411952081473423,0.9891693592071533,0.067877396941185,-0.9212919622659683,4.408414879006474,0.5011457841548799,-3.9072690948515945
MMdata_1136.50s_0327_183428_2ml,144,720.0,2,4,4,2,2,0,0.00016747134213801473,0.0010308513883501291,0.0008633800462121144,-4.331647214617761,-2.552743891626662,1.7789033229910993,0.012504053302109241,0.996711015701294,0.9842069623991847,-0.01865132463481256,4.321331931024298,4.339983255659111,0.9873284101486206,0.002258138731122017,-0.9850702714174986,4.350298539252575,-1.7685880393976374,-6.118886578650212
MMdata_1136.50s_0327_183428_2ml,145,725.0,2,4,4,2,2,0,8.978456753538921e-05,0.0006516360444948077,0.0005618514769594185,-4.465387642312364,-3.0445987475213734,1.4207888947909906,0.00532896351069212,0.9953966736793518,0.9900677101686597,-0.381888714161124,4.286811664084986,4.66870037824611,0.9945812821388245,0.003951584920287132,-0.9906296972185373,4.847276356473487,-1.2422129165636138,-6.089489273037101
MMdata_1136.50s_0327_183428_2ml,146,730.0,2,4,4,2,2,0,8.406490087509155e-05,0.0005787226837128401,0.0004946577828377485,-4.465560395368402,-3.142850884414549,1.3227095109538531,0.0046709380112588406,0.9952353835105896,0.9905644454993308,-0.44803433591717656,4.307060264572841,4.755094600490017,0.9952450394630432,0.004185849335044622,-0.9910591901279986,4.913594731285579,-1.1642093801582911,-6.077804111443871
MMdata_1136.50s_0327_183428_2ml,147,735.0,2,4,4,2,2,0,0.00018974271370097995,0.000849866948556155,0.000660124234855175,-4.270948430982906,-3.463246054864697,0.8077023761182089,0.01339111477136612,0.97505784034729,0.9616667255759239,-0.01427075781088405,3.5819262106671568,3.596196968478041,0.986419141292572,0.024092255160212517,-0.9623268861323595,4.28521918879379,-0.11868015580245839,-4.403899344596248
MMdata_1136.50s_0327_183428_2ml,148,740.0,2,4,4,2,2,0,0.0001752582029439509,0.0033203919883817434,0.0031451337854377925,-4.32903635077359,-1.858740491848598,2.470295858924992,0.013602277263998985,0.9937498569488525,0.9801475796848536,0.02269582089790223,3.8426621854205854,3.819966364522683,0.9862224459648132,0.0029297047294676304,-0.9832927412353456,4.306340529875687,-1.9839216935719874,-6.290262223447675
MMdata_1136.50s_0327_183428_2ml,149,745.0,2,4,4,2,2,0,8.360559877473861e-05,0.0007125191623345017,0.0006289135635597631,-4.46337822960168,-3.2221214988509814,1.241256730750699,0.004589512944221497,0.9912062287330627,0.9866167157888412,-0.45795953338534634,4.015749588173174,4.47370912155852,0.9953268766403198,0.008081236854195595,-0.9872456397861242,4.921337762987027,-0.7936280893221905,-5.714965852309217
MMdata_1136.50s_0327_183428_2ml,150,750.0,2,4,4,2,2,0,6.88940126565285e-05,0.0005846765707246959,0.0005157825580681674,-4.507830806903846,-3.2295650803892695,1.2782657265145767,0.0035572859924286604,0.9938657879829407,0.990308501990512,-0.5636469106898074,4.208733550196671,4.772380460886478,0.9963738322257996,0.005549457389861345,-0.9908243748359382,5.071477717593655,-0.9791684698074024,-6.050646187401058
MMdata_1136.50s_0327_183428_2ml,151,755.0,2,4,4,2,2,0,0.0001771342649590224,0.0007666363962925971,0.0005895021313335747,-4.266167304223658,-3.180479052503508,1.0856882517201503,0.011481990106403828,0.9909746050834656,0.9794926149770617,-0.09454029926166108,3.9839525055607843,4.078492804822446,0.9883408546447754,0.008258664980530739,-0.9800821896642447,4.360707603485317,-0.803473453057276,-5.164181056542594
MMdata_1136.50s_0327_183428_2ml,152,760.0,2,4,4,2,2,0,0.0001608466263860464,0.0010388029040768743,0.0008779562776908278,-4.3209692215574185,-2.96588692477617,1.3550822967812484,0.011155416257679462,0.9909960627555847,0.9798406464979053,-0.08174007939370398,3.8947546401346385,3.9764947195283424,0.9886837601661682,0.007965249009430408,-0.9807185111567378,4.402709300951121,-0.9288677153584675,-5.331577016309588
MMdata_1136.50s_0327_183428_2ml,153,765.0,2,4,4,2,2,0,9.306331776315346e-05,0.0006193104782141745,0.000526247160451021,-4.472809662682662,-3.0856595744095374,1.387150088273125,0.005857315845787525,0.9953433871269226,0.9894860712811351,-0.3306430294934195,4.296576767634952,4.6272197971283715,0.9940496683120728,0.0040373713709414005,-0.9900122969411314,4.803452692176081,-1.2109171932254146,-6.0143698854014955
MMdata_1136.50s_0327_183428_2ml,154,770.0,2,4,4,2,2,0,8.52658849908039e-05,0.000567467010114342,0.0004822011251235381,-4.448280155230406,-3.1380665926530797,1.3102135625773261,0.004562093876302242,0.9954661130905151,0.9909040192142129,-0.4685176077233386,4.331717153455318,4.800234761178657,0.9953526258468628,0.003966338466852903,-0.9913862873800099,4.916797762953744,-1.1936505608022374,-6.110448323755981
MMdata_1136.50s_0327_183428_2ml,155,775.0,2,4,4,2,2,0,0.00018988369265571237,0.0007819273159839213,0.0005920436233282089,-4.261743578678103,-3.4359400771050446,0.8258035015730583,0.013041123747825623,0.9805326461791992,0.9674915224313736,-0.03229231073658756,3.698149352486084,3.7304416632226713,0.9867689609527588,0.01868530362844467,-0.9680836573243141,4.2940358894146895,-0.2622092753810392,-4.556245164795729
MMdata_1136.50s_0327_183428_2ml,156,780.0,2,4,4,2,2,0,0.0001772704563336447,0.001629158854484558,0.0014518883981509134,-4.375319142584563,-2.2516389886657437,2.1236801539188193,0.016028741374611855,0.9960838556289673,0.9800551142543554,0.12914301481701962,4.164128616342851,4.034985601525832,0.9837940335273743,0.0022869366221129894,-0.9815070969052613,4.2461761277675425,-1.9124896276771084,-6.158665755444651
MMdata_1136.50s_0327_183428_2ml,157,785.0,2,4,4,2,2,0,9.253948519472033e-05,0.0006322088302113116,0.0005396693450165913,-4.450831568272603,-2.9893087005810424,1.4615228676915608,0.005419627763330936,0.9962194561958313,0.9907998284325004,-0.3806845749561454,4.373194382143716,4.753878957099861,0.9944878220558167,0.00314837833866477,-0.9913394437171519,4.831516143228748,-1.3838856815626732,-6.215401824791421
MMdata_1136.50s_0327_183428_2ml,158,790.0,2,4,4,2,2,0,6.215810572030023e-05,0.0005784804816357791,0.0005163223759154789,-4.5166727778970905,-3.209025793481586,1.3076469844155048,0.002971757436171174,0.994316041469574,0.9913442840334028,-0.6494452230924592,4.240379784331741,4.8898250074242,0.9969660639762878,0.005105515010654926,-0.9918605489656329,5.166118000989549,-1.0313539908501559,-6.197471991839705
MMdata_1136.50s_0327_183428_2ml,159,795.0,2,4,4,2,2,0,0.0001644510921323672,0.0008122024592012167,0.0006477513670688495,-4.286008073903594,-3.14269762884919,1.143310445054404,0.010492905043065548,0.9909109473228455,0.9804180422797799,-0.13016669007135917,3.9639326759203595,4.094099365991719,0.9893426895141602,0.008276804350316525,-0.9810658851638436,4.416174763974951,-0.8212350470711702,-5.2374098110461205
MMdata_1136.50s_0327_183428_2ml,160,800.0,2,4,4,2,2,0,0.0001764848129823804,0.0018460905412212014,0.001669605728238821,-4.370082245219748,-2.222121771679645,2.1479604735401026,0.015633035451173782,0.9954645037651062,0.9798314683139324,0.11382453882343313,4.068017512372254,3.954192973548821,0.9841905236244202,0.0026893410831689835,-0.9815011825412512,4.2562577063963145,-1.845895740692609,-6.102153447088924
MMdata_1136.50s_0327_183428_2ml,161,805.0,2,4,4,2,2,0,9.193009464070201e-05,0.0006260687950998545,0.0005341387004591525,-4.466002774969987,-3.0389851458346726,1.4270176291353147,0.005598541349172592,0.9957886338233948,0.9901900924742222,-0.35676985289958285,4.332844891786927,4.6896147446865095,0.9943095445632935,0.003585257800295949,-0.9907242867629975,4.822772627869568,-1.293859745952254,-6.1166323738218225
MMdata_1136.50s_0327_183428_2ml,162,810.0,2,4,4,2,2,0,7.909513806225732e-05,0.0006066365167498589,0.0005275413786876015,-4.467905168657139,-3.04579122337785,1.422113945279289,0.004162028897553682,0.9959583878517151,0.9917963589541614,-0.5047986257118886,4.357739740548068,4.862538366259956,0.9957588315010071,0.0034350010100752115,-0.9923238304909319,4.972703794369025,-1.3119485171702179,-6.284652311539243
MMdata_1136.50s_0327_183428_2ml,163,815.0,2,4,4,2,2,0,0.00017134836525656283,0.000792952545452863,0.0006216041801963001,-4.276817317507964,-3.460487668855842,0.8163296486521223,0.011088485829532146,0.9784792065620422,0.9673907207325101,-0.10685348914246973,3.6575037683722127,3.7643572575146824,0.9887401461601257,0.02072788029909134,-0.9680122658610344,4.383670806650434,-0.19701609951637122,-4.580686906166806
MMdata_1136.50s_0327_183428_2ml,164,820.0,2,4,4,2,2,0,0.00015573976270388812,0.0060213906690478325,0.005865650906343944,-4.378408273922344,-1.4431927432269132,2.9352155306954306,0.012441139668226242,0.9912018775939941,0.9787607379257679,0.0021692748967492292,3.660407240559802,3.658237965663053,0.987403154373169,0.0027767925057560205,-0.9846263618674129,4.376238999025592,-2.21721449733289,-6.593453496358482
MMdata_1136.50s_0327_183428_2ml,165,825.0,2,4,4,2,2,0,7.982143870322034e-05,0.000625566637609154,0.0005457451989059336,-4.476513235936846,-3.1165152155137736,1.3599980204230722,0.004350532777607441,0.9948533177375793,0.9905027849599719,-0.4782517655461618,4.255177511221228,4.73342927676739,0.99556964635849,0.004521100781857967,-0.991048545576632,4.9547650014830085,-1.1386622957074533,-6.093427297190462
MMdata_1136.50s_0327_183428_2ml,166,830.0,2,4,4,2,2,0,6.480405136244372e-05,0.0005983092705719173,0.0005335052192094736,-4.531546298350078,-3.0473051886740397,1.484241109676038,0.0033789295703172684,0.9960454106330872,0.9926664810627699,-0.5776001776331618,4.370135144727246,4.9477353223604075,0.996556282043457,0.003356261644512415,-0.9932000203989446,5.109146475983239,-1.322829956053206,-6.4319764320364445
MMdata_1136.50s_0327_183428_2ml,167,835.0,2,4,4,2,2,0,0.00016185271670110524,0.0008153585367836058,0.0006535058200825006,-4.279196909792197,-3.4844519905123073,0.7947449192798897,0.00995290745049715,0.9755648374557495,0.9656119300052524,-0.16026368177656192,3.60269197325656,3.762955655033122,0.9898852109909058,0.02361978404223919,-0.9662654269486666,4.439460591568757,-0.11823998274425085,-4.557700574313008
MMdata_1136.50s_0327_183428_2ml,168,840.0,2,4,4,2,2,0,0.00016323936870321631,0.000805006711743772,0.0006417673430405557,-4.376207320323168,-2.842081074603297,1.5341262457198708,0.013594215735793114,0.9959119558334351,0.982317740097642,0.045974704146995116,4.278482445344822,4.232507741197827,0.9862425327301025,0.003283057129010558,-0.982959475601092,4.330232616176171,-1.4364013707415237,-5.766633986917695
MMdata_1136.50s_0327_183428_2ml,169,845.0,2,4,4,2,2,0,8.042778063099831e-05,0.0006483749020844698,0.0005679471214534715,-4.4775107822249725,-3.308149865225925,1.1693609169990475,0.004430475644767284,0.9906849265098572,0.9862544508650899,-0.4686082026668652,4.023532880975169,4.492141083642034,0.9954890608787537,0.008666635490953922,-0.9868224253877997,4.946118984891837,-0.7153830157492429,-5.66150200064108
MMdata_1136.50s_0327_183428_2ml,170,850.0,2,4,4,2,2,0,6.128622771939263e-05,0.0005835683550685644,0.0005222821273491718,-4.551590580917151,-3.18238831507807,1.369202265839081,0.003208782523870468,0.9946211576461792,0.9914123751223087,-0.5934988603325735,4.258567290963677,4.852066151296251,0.9967299699783325,0.004795201122760773,-0.9919347688555717,5.145089441249724,-1.0761789758856075,-6.221268417135332
MMdata_1136.50s_0327_183428_2ml,171,855.0,2,4,4,2,2,0,0.00014056384679861367,0.0007280951831489801,0.0005875313363503665,-4.295847615401477,-3.2960979558931047,0.9997496595083719,0.007874645292758942,0.9887101054191589,0.9808354601264,-0.27010600607807245,3.917626707121465,4.187732713199537,0.9919847846031189,0.010561821050941944,-0.981422963552177,4.56595362147955,-0.62152875122836,-5.18748237270791
MMdata_1136.50s_0327_183428_2ml,172,860.0,2,4,4,2,2,0,0.0001493385643698275,0.0021314704790711403,0.0019821319147013128,-4.379620258965733,-2.1198237985323027,2.2597964604334306,0.011469759978353977,0.9952303171157837,0.9837605571374297,-0.03836694749401559,4.026338279038818,4.064705226532833,0.9883809089660645,0.0026382647920399904,-0.9857426441740245,4.417987206459749,-1.906514480506515,-6.324501686966264
MMdata_1136.50s_0327_183428_2ml,173,865.0,2,4,4,2,2,0,8.589238132117316e-05,0.0006518503651022911,0.000565957983781118,-4.480629117538394,-3.141653353993987,1.3389757635444068,0.0051039522513747215,0.9940503239631653,0.9889463717117906,-0.3959537803331088,4.188074723882399,4.584028504215508,0.9948101043701172,0.005297800526022911,-0.9895123038440943,4.876582897871502,-1.046421369888412,-5.9230042677599135
MMdata_1136.50s_0327_183428_2ml,174,870.0,2,4,4,2,2,0,5.79377228859812e-05,0.0005926898447796702,0.000534752121893689,-4.558240109989467,-3.1864213670054466,1.3718187429840203,0.002924662083387375,0.9943997263908386,0.9914750643074512,-0.6366745743702253,4.238801942204946,4.875476516575171,0.9970173835754395,0.005007599946111441,-0.992009783629328,5.194914684359693,-1.0523805751995008,-6.247295259559194
MMdata_1136.50s_0327_183428_2ml,175,875.0,2,4,4,2,2,0,0.00016402755863964558,0.0006783292628824711,0.0005143017042428255,-4.2972092862171305,-3.183545793074182,1.1136634931429485,0.010799010284245014,0.9928083419799805,0.9820093316957355,-0.11003397184435748,4.105114313714952,4.21514828555931,0.9890369772911072,0.006513355765491724,-0.9825236215256155,4.407243258061489,-0.9215685206407684,-5.328811778702257
MMdata_1136.50s_0327_183428_2ml,176,880.0,2,4,4,2,2,0,0.00021477205154951662,0.001268266118131578,0.0010534940665820614,-4.320585700809234,-2.414534551574791,1.9060511492344432,0.020047739148139954,0.9964732527732849,0.976425513625145,0.2157087245361371,4.2520370402085845,4.036328315672447,0.9797374606132507,0.0022584591060876846,-0.977479001507163,4.104876976273097,-1.8375024886337945,-5.9423794649068915
MMdata_1136.50s_0327_183428_2ml,177,885.0,2,4,4,2,2,0,8.079333929345012e-05,0.0006453601527027786,0.0005645668134093285,-4.483356831686153,-3.1695375606044385,1.313819271081715,0.004550493787974119,0.9937067627906799,0.9891562690027058,-0.4522603284422111,4.1698513370131165,4.622111665455328,0.9953687191009521,0.005647861864417791,-0.9897208572365344,4.935617160128364,-1.000313776408679,-5.9359309365370425
MMdata_1136.50s_0327_183428_2ml,178,890.0,2,4,4,2,2,0,7.458585605490953e-05,0.0005847822758369148,0.0005101964197820053,-4.525077031549936,-3.098529156259586,1.4265478752903498,0.004394466057419777,0.9956750273704529,0.9912805613130331,-0.44892660956742425,4.341407449426619,4.790334058994043,0.9955310225486755,0.0037401854060590267,-0.9917908371426165,4.97400364111736,-1.242878293167033,-6.216881934284393
MMdata_1136.50s_0327_183428_2ml,179,895.0,2,4,4,2,2,0,0.000174724031239748,0.0007151105091907084,0.0005403864779509604,-4.295894297842558,-3.389116786476427,0.9067775113661312,0.012222856283187866,0.985776960849762,0.9735541045665741,-0.04803911889664558,3.8396315264253915,3.887670645322037,0.9876024127006531,0.0135080236941576,-0.9740943890064955,4.343933416739205,-0.45051473994896485,-4.794448156688169
MMdata_1136.50s_0327_183428_2ml,180,900.0,2,4,4,2,2,0,0.0001920364738907665,0.0015163611387833953,0.0013243246648926288,-4.323507763070143,-2.314176190876947,2.0093315721931964,0.016103846952319145,0.9960935711860657,0.9799897242337465,0.10562037833117266,4.17335153222329,4.067731153892117,0.983704149723053,0.002390050096437335,-0.9813140996266156,4.21788738473897,-1.8591753413463445,-6.077062726085314
MMdata_1136.50s_0327_183428_2ml,181,905.0,2,4,4,2,2,0,7.458047184627503e-05,0.0006270653684623539,0.0005524848966160789,-4.493278040775508,-3.201584473453189,1.2916935673223193,0.003992433659732342,0.9935013651847839,0.9895089315250516,-0.5130004784906452,4.166355450516948,4.679355929007593,0.9959329962730408,0.005871493369340897,-0.9900615029036999,5.006278519266155,-0.9647709770637585,-5.971049496329914
MMdata_1136.50s_0327_183428_2ml,182,910.0,2,4,4,2,2,0,7.007375097600743e-05,0.0006119463359937072,0.0005418725850176997,-4.501791314028568,-3.225409647965953,1.2763816660626155,0.0036142913158982992,0.9933812618255615,0.9897669705096632,-0.5586885113055473,4.166815578460618,4.725504089766165,0.9963156580924988,0.0060068052262067795,-0.990308852866292,5.0604798253341166,-0.941405930494664,-6.001885755828781
MMdata_1136.50s_0327_183428_2ml,183,915.0,2,4,4,2,2,0,0.00016325635078828782,0.0006807464524172246,0.0005174901016289368,-4.2975026787372075,-3.2663363073789995,1.031166371358208,0.010706108063459396,0.9908937215805054,0.980187613517046,-0.11425464373134275,4.016836336315578,4.13109098004692,0.9891306161880493,0.008425568230450153,-0.9807050479575992,4.411757322468552,-0.7505000289365773,-5.162257351405129
MMdata_1136.50s_0327_183428_2ml,184,920.0,2,4,4,2,2,0,0.0001733991812216118,0.000737204507458955,0.0005638053262373433,-4.386642930571237,-2.9068356908892987,1.4798072396819384,0.015863526612520218,0.9959192872047424,0.9800557605922222,0.12953855639267164,4.301720465377837,4.1721819089851655,0.9839630722999573,0.00334364315494895,-0.9806194291450083,4.257104374178565,-1.3948847744885375,-5.651989148667102
MMdata_1136.50s_0327_183428_2ml,185,925.0,2,4,4,2,2,0,9.61015175562352e-05,0.000628253270406276,0.0005321517528500408,-4.4762850177255205,-3.161079009084486,1.3152060086410344,0.006314386148005724,0.994155764579773,0.9878413784317672,-0.29110430032838774,4.205626787094761,4.496731087423148,0.9935895204544067,0.005215940065681934,-0.9883735803887248,4.767389318053908,-1.0445477780102754,-5.811937096064184
MMdata_1136.50s_0327_183428_2ml,186,930.0,2,4,4,2,2,0,7.715116953477263e-05,0.0005908965831622481,0.0005137454136274755,-4.500570933458183,-3.1897708503596327,1.3108000830985507,0.004368571564555168,0.9943813681602478,0.9900127965956926,-0.4641463098292862,4.238464215972692,4.702610525801978,0.9955542683601379,0.005027703009545803,-0.9905265653505921,4.96471724328747,-1.0486933656130581,-6.013410608900529
MMdata_1136.50s_0327_183428_2ml,187,935.0,2,4,4,2,2,0,0.00016834106645546854,0.0006635935860686004,0.0004952525196131319,-4.281107105215798,-3.1441653471986193,1.136941758017179,0.010838531889021397,0.9938031435012817,0.9829646116122603,-0.1162363528778636,4.16745918114748,4.283695534025344,0.9889931082725525,0.005533309653401375,-0.9834597986191511,4.39734345809366,-1.0232938339488618,-5.420637292042522
MMdata_1136.50s_0327_183428_2ml,188,940.0,2,4,4,2,2,0,0.00010936917533399537,0.0007318176794797182,0.0006224485041457228,-4.4354230736798845,-3.0797866836214114,1.3556363900584731,0.007241582032293081,0.9937200546264648,0.9864784725941718,-0.24255718859343656,4.133892715977247,4.376449904570683,0.9926490187644958,0.005548106972128153,-0.9871009117923677,4.677980262273321,-1.0541060323558353,-5.732086294629156
MMdata_1136.50s_0327_183428_2ml,189,945.0,2,4,4,2,2,0,9.045071783475578e-05,0.0006114035495556891,0.0005209528317209333,-4.492379665745601,-3.1940766015988347,1.2983030641467668,0.005867680534720421,0.993933379650116,0.9880656991153955,-0.3199701179708372,4.199591644249715,4.519561762220552,0.9940418601036072,0.005455168429762125,-0.988586691673845,4.81234978371644,-1.005515042650881,-5.817864826367321
MMdata_1136.50s_0327_183428_2ml,190,950.0,2,4,4,2,2,0,7.424954674206674e-05,0.0005876928335055709,0.0005134432867635041,-4.512076856449124,-3.137709627616167,1.3743672288329565,0.0041874791495501995,0.9951614737510681,0.9909739946015179,-0.4796543327203189,4.296746241127639,4.776400573847958,0.9957382678985596,0.004250863566994667,-0.9914874043315649,4.991731189169442,-1.1590366135114722,-6.150767802680914
MMdata_1136.50s_0327_183428_2ml,191,955.0,2,4,4,2,2,0,0.00014713662676513195,0.0006915112608112395,0.0005443746340461075,-4.300207986521279,-3.2822239695365036,1.0179840169847756,0.008749687112867832,0.990183413028717,0.9814337259158492,-0.21479635523737617,3.9845420655131014,4.199338420750477,0.9911031723022461,0.009125110693275928,-0.9819780616089702,4.515004341758654,-0.7023180959765964,-5.21732243773525
MMdata_1136.50s_0327_183428_2ml,192,960.0,2,4,4,2,2,0,0.00013611267786473036,0.000691354856826365,0.0005552421789616346,-4.424907075485139,-2.872013935624837,1.552893139860302,0.01090833730995655,0.9966616630554199,0.9857533257454634,-0.041107465245380226,4.401499467771674,4.442606933017054,0.988955557346344,0.0026469985023140907,-0.9863085588440299,4.46601454073052,-1.529485532146838,-5.995500072877358
MMdata_1136.50s_0327_183428_2ml,193,965.0,2,4,4,2,2,0,8.275507570942864e-05,0.0006355151417665184,0.0005527600660570897,-4.479715007332415,-3.2986679056195385,1.1810471017128767,0.004723109304904938,0.9912766218185425,0.9865535125136375,-0.4353777448492293,4.053645085880489,4.489022830729718,0.995194137096405,0.008087918162345886,-0.9871062189340591,4.915092752181645,-0.7549771802609486,-5.670069932442594
MMdata_1136.50s_0327_183428_2ml,194,970.0,2,4,4,2,2,0,6.0413953178795055e-05,0.0005969384801574051,0.0005365245269786101,-4.543375205166662,-3.2632137279722455,1.280161477194416,0.003041670424863696,0.9929983615875244,0.9899566911626607,-0.6244331709685733,4.153456505321286,4.77788967628986,0.9968979358673096,0.006404684856534004,-0.9904932510107756,5.167808376135233,-0.8902427773490418,-6.058051153484275
MMdata_1136.50s_0327_183428_2ml,195,975.0,2,4,4,2,2,0,0.00014035894128028303,0.0007006247760728002,0.0005602658347925171,-4.3090583952065185,-3.2845352862214017,1.0245231089851168,0.00817157793790102,0.989863932132721,0.9816923541948199,-0.24484409574611377,3.968815009937393,4.213659105683506,0.991688072681427,0.009435439482331276,-0.9822526331990957,4.553902490952633,-0.6842797237159908,-5.238182214668624
MMdata_1136.50s_0327_183428_2ml,196,980.0,2,4,4,2,2,0,0.00016416401194874197,0.000900912273209542,0.0007367482612608001,-4.408783431921617,-2.693432197349206,1.7153512345724113,0.01518463809043169,0.9964680671691895,0.9812834290787578,0.11839011097175245,4.315132288943246,4.196742177971494,0.9846512079238892,0.0026310544926673174,-0.9820201534312218,4.2903933209498675,-1.6217000915940414,-5.912093412543909
MMdata_1136.50s_0327_183428_2ml,197,985.0,2,4,4,2,2,0,0.0001015143352560699,0.0006642568623647094,0.0005627425271086395,-4.445698588880685,-3.3280744546881857,1.117624134192499,0.006428760010749102,0.989669144153595,0.9832403841428459,-0.2973616571675901,3.978382598157911,4.275744255325501,0.9934697151184082,0.009666631929576397,-0.9838030831888318,4.743060246048276,-0.650308143469724,-5.393368389518
MMdata_1136.50s_0327_183428_2ml,198,990.0,2,4,4,2,2,0,7.051539432723075e-05,0.0006044203182682395,0.0005339049239410087,-4.495812373984365,-3.202420533404667,1.293391840579698,0.0035948618315160275,0.9939291477203369,0.9903342858888209,-0.5643825833149343,4.2027308226466795,4.767113405961614,0.9963345527648926,0.005466424860060215,-0.9908681279048324,5.060194957299302,-1.0003102892420133,-6.060505246541315
MMdata_1136.50s_0327_183428_2ml,199,995.0,2,4,4,2,2,0,0.0001260451099369675,0.0007253868971019983,0.0005993417871650308,-4.315794584178163,-3.1703065397836916,1.1454880443944715,0.006714447867125273,0.9921112060546875,0.9853967581875622,-0.3404175606620088,4.050578779389275,4.3909963400512835,0.9931595325469971,0.00716339610517025,-0.9859961364418268,4.656212144840171,-0.880272239605584,-5.536484384445755
MMdata_1136.50s_0327_183428_2ml,200,1000.0,2,4,4,2,2,0,0.00016826739010866731,0.0009122552582994103,0.000743987868190743,-4.370177302232212,-3.0706748625572793,1.2995024396749324,0.014194314368069172,0.9906731247901917,0.9764788104221225,0.06486514263453813,3.9195452131413173,3.854680070506779,0.985637366771698,0.00841460656374693,-0.9772227602079511,4.305312159597675,-0.848870350584038,-5.154182510181713
MMdata_1136.50s_0327_183428_2ml,201,1005.0,2,4,4,2,2,0,8.986968896351755e-05,0.0006949113449081779,0.0006050416559446603,-4.4708431869908845,-3.3848425179777344,1.08600066901315,0.005427713971585035,0.9867239594459534,0.9812962454743683,-0.36993058312046934,3.8735188088296475,4.243449391950117,0.9944823980331421,0.012581094168126583,-0.9819013038650155,4.840773770111354,-0.4886762908519122,-5.329450060963266
MMdata_1136.50s_0327_183428_2ml,202,1010.0,2,4,4,2,2,0,5.432814214145765e-05,0.0006384420557878911,0.0005841139136464335,-4.530694152021011,-3.292444061465414,1.2382500905555975,0.0023662936873733997,0.9913506507873535,0.9889843570999801,-0.756656351129223,4.055348603740316,4.812004954869539,0.9975793957710266,0.008010996505618095,-0.9895683992654085,5.287350503150234,-0.7629045422749039,-6.050255045425138
MMdata_1136.50s_0327_183428_2ml,203,1015.0,2,4,4,2,2,0,0.00012756726937368512,0.0006815829547122121,0.000554015685338527,-4.312903023722645,-3.241819704570518,1.0710833191521267,0.006818923633545637,0.9914757013320923,0.9846567776985466,-0.3340899387299743,4.040712047649453,4.374801986379428,0.9930534958839417,0.007842754013836384,-0.9852107418701053,4.646992962452619,-0.7988923430789345,-5.4458853055315535
MMdata_1136.50s_0327_183428_2ml,204,1020.0,2,4,4,2,2,0,0.0001799418096197769,0.0009686358971521258,0.0007886940875323489,-4.392526932267307,-2.565757079821589,1.826769852445718,0.017415029928088188,0.9969587326049805,0.9795437026768923,0.179928450321027,4.37081878655038,4.190890336229353,0.9824050068855286,0.002072651870548725,-0.9803323550149798,4.212598481946279,-1.8050617067287904,-6.01766018867507
MMdata_1136.50s_0327_183428_2ml,205,1025.0,2,4,4,2,2,0,9.205985406879336e-05,0.0006085524219088256,0.0005164925678400323,-4.474950159712717,-3.1960537030740204,1.2788964566386962,0.00576808350160718,0.9939549565315247,0.9881868730299175,-0.33729395736532464,4.20231040806211,4.539604365427435,0.9941399097442627,0.005436441861093044,-0.9887034678831697,4.812244117078043,-1.006256704988088,-5.818500822066131
MMdata_1136.50s_0327_183428_2ml,206,1030.0,2,4,4,2,2,0,6.238571222638711e-05,0.0005889481981284916,0.0005265624859021045,-4.531040698704896,-3.0650276628926756,1.46601303581222,0.003125899937003851,0.9959812164306641,0.9928553164936602,-0.6168994765780029,4.36811778355507,4.985017260133073,0.9968116879463196,0.003429863601922989,-0.9933818243443966,5.147940175282898,-1.3030901206623948,-6.4510302959452925
MMdata_1136.50s_0327_183428_2ml,207,1035.0,2,4,4,2,2,0,0.00013549358118325472,0.0006493874243460596,0.0005138938431628048,-4.29625524307699,-3.184311026321045,1.111944216755945,0.007321633864194155,0.9933708906173706,0.9860492567531765,-0.3065907233936729,4.148518857678108,4.455109581071781,0.9925428628921509,0.005979741923511028,-0.9865631209686399,4.602845966470664,-0.9642078313570632,-5.567053797827727
MMdata_1136.50s_0327_183428_2ml,208,1040.0,2,4,4,2,2,0,0.0002103313454426825,0.0013933888403698802,0.0011830574949271977,-4.326043625198399,-3.136532052151925,1.1895115730464743,0.01953437179327011,0.9742849469184875,0.9547505751252174,0.2052031010791584,3.413432967348541,3.2082298662693827,0.9802552461624146,0.024321723729372025,-0.9559335224330425,4.12084052411924,-0.27690091519661486,-4.397741439315855
MMdata_1136.50s_0327_183428_2ml,209,1045.0,2,4,4,2,2,0,7.450403063558042e-05,0.0006046780617907643,0.0005301740311551839,-4.484379558823307,-3.0950281501993304,1.3893514086239769,0.003878857009112835,0.9954370856285095,0.9915582286193967,-0.5319369812979922,4.311212864395644,4.843149845693636,0.9960466027259827,0.003958180081099272,-0.9920884226448834,5.0163165401213,-1.2161847141963138,-6.232501254317614
MMdata_1136.50s_0327_183428_2ml,210,1050.0,2,4,4,2,2,0,7.595695205964148e-05,0.0006235252367332578,0.0005475682846736163,-4.497504234021219,-3.1370811331522157,1.3604231008690029,0.004194861743599176,0.9945976734161377,0.9904028116725385,-0.4860553326306176,4.237623212675825,4.723678545306442,0.9957291483879089,0.004778721369802952,-0.990950427018106,4.983559566651837,-1.100542079523608,-6.084101646175445
MMdata_1136.50s_0327_183428_2ml,211,1055.0,2,4,4,2,2,0,0.00013831982505507767,0.0006397677934728563,0.0005014479684177786,-4.301913877569776,-3.2713964172311636,1.0305174603386122,0.007764383684843779,0.9918116331100464,0.9840472494252026,-0.2741800926424256,4.0747867772084705,4.348966869850896,0.9920972585678101,0.0075485543347895145,-0.9845487042330205,4.576093970212202,-0.8033903599773069,-5.379484330189509
MMdata_1136.50s_0327_183428_2ml,212,1060.0,2,4,4,2,2,0,0.0002021337568294257,0.0008715256117284298,0.0006693918548990041,-4.3236250771469065,-2.664479577292891,1.6591454998540156,0.01788060925900936,0.9968720078468323,0.9789913985878229,0.15891740509848962,4.3776528334975655,4.218735428399076,0.9819173216819763,0.0022564579267054796,-0.9796608637552708,4.164707672048418,-1.7131732562046746,-5.877880928253092
MMdata_1136.50s_0327_183428_2ml,213,1065.0,2,4,4,2,2,0,9.022813173942268e-05,0.0006943846237845719,0.0006041564920451492,-4.477774275598424,-3.387558001323343,1.0902162742750812,0.005586945917457342,0.986639678478241,0.9810527325607836,-0.3519274665099559,3.871476163107421,4.223403629617376,0.9943228960037231,0.012665865011513233,-0.9816570309922099,4.82970174210838,-0.4839181617840782,-5.313619903892459
MMdata_1136.50s_0327_183428_2ml,214,1070.0,2,4,4,2,2,0,7.150912279030308e-05,0.000588473747484386,0.0005169646246940829,-4.516669040917809,-3.072249765229582,1.4444192756882268,0.00393695617094636,0.9959119558334351,0.9919749996624887,-0.5083309156715616,4.3616320531693376,4.869962968840899,0.9959915280342102,0.003499585436657071,-0.9924919425975531,5.024999956589369,-1.2893822879397545,-6.314382244529123
MMdata_1136.50s_0327_183428_2ml,215,1075.0,2,4,4,2,2,0,0.0001540720695629716,0.0006472993991337717,0.0004932273295708001,-4.29929826788688,-2.9818094598412426,1.3174888080456375,0.009575881063938141,0.9961254000663757,0.9865495190024376,-0.1697159180682002,4.35701003519581,4.52672595326401,0.9902700185775757,0.0032273537945002317,-0.9870426647830755,4.46901418595508,-1.3752005753545662,-5.8442147613096465
MMdata_1136.50s_0327_183428_2ml,216,1080.0,2,4,4,2,2,0,0.00015910396177787334,0.0008664489723742008,0.0007073450105963275,-4.403006066336275,-2.842379536522839,1.5606265298134359,0.014001009054481983,0.9953246116638184,0.9813236026093364,0.07432077876939935,4.204041451223493,4.129720672454094,0.98583984375,0.003808995708823204,-0.9820308480411768,4.328685287566876,-1.3616619147006555,-5.690347202267532
MMdata_1136.50s_0327_183428_2ml,217,1085.0,2,4,4,2,2,0,9.350425534648821e-05,0.0006573981372639537,0.0005638938819174655,-4.476406573526227,-3.3349990897363084,1.1414074837899189,0.005977829918265343,0.9896759390830994,0.983698109164834,-0.31860062935037536,3.9818439167928856,4.300444546143261,0.9939286708831787,0.009666717611253262,-0.9842619532719254,4.795007202876604,-0.6468448270565772,-5.441852029933182
MMdata_1136.50s_0327_183428_2ml,218,1090.0,2,4,4,2,2,0,6.72521346132271e-05,0.0006089064409025013,0.0005416543062892742,-4.514643655384676,-3.062803102519764,1.4518405528649119,0.0034594011958688498,0.9957483410835266,0.9922889398876578,-0.5742416265269572,4.336782104035678,4.911023730562635,0.9964733719825745,0.0036427301820367575,-0.9928306418005377,5.088885281911633,-1.2739790015159143,-6.362864283427547
MMdata_1136.50s_0327_183428_2ml,219,1095.0,2,4,4,2,2,0,0.00015458438429050148,0.0007050380227155983,0.0005504536384250969,-4.3009217638136645,-2.9825369923858887,1.3183847714277759,0.009687834419310093,0.995455265045166,0.9857674306258559,-0.1630356939200892,4.270166737630819,4.433202431550908,0.9901575446128845,0.0038397363387048244,-0.9863178082741797,4.463957457733755,-1.2876297452449306,-5.751587202978685
MMdata_1136.50s_0327_183428_2ml,220,1100.0,2,4,4,2,2,0,0.00017938128439709544,0.0009838035330176353,0.0008044222486205399,-4.392700172838845,-2.714956371599719,1.6777438012391261,0.01731390692293644,0.9956666231155396,0.9783527161926031,0.17705153222915815,4.204785177639962,4.0277336454108035,0.9825066924095154,0.0033494578674435616,-0.9791572345420718,4.215648640609686,-1.4898288060402418,-5.705477446649928
MMdata_1136.50s_0327_183428_2ml,221,1105.0,2,4,4,2,2,0,9.638004121370614e-05,0.0006440008291974664,0.0005476207879837602,-4.479295399021492,-3.2915747642417816,1.1877206347797102,0.006409271154552698,0.9912250638008118,0.9848157926462591,-0.28209369883845703,4.047422117378796,4.329515816217253,0.9934943318367004,0.008130904287099838,-0.9853634275496006,4.76138909785995,-0.755847353137014,-5.517236450996964
MMdata_1136.50s_0327_183428_2ml,222,1110.0,2,4,4,2,2,0,5.7301400374853984e-05,0.0005854464252479374,0.0005281450248730835,-4.537513415664044,-3.066991054250673,1.4705223614133711,0.002687666332349181,0.9960053563117981,0.9933176899794489,-0.6894099168104146,4.372142183838971,5.0615521006493855,0.9972550272941589,0.0034091374836862087,-0.9938458898104727,5.226923332474459,-1.305151129588297,-6.532074462062756
MMdata_1136.50s_0327_183428_2ml,223,1115.0,2,4,4,2,2,0,0.00016306772886309773,0.0006333109922707081,0.00047024326340761036,-4.294428346503406,-3.1588812716156918,1.1355470748877146,0.010581991635262966,0.9941009879112244,0.9835189962759614,-0.12168504251013346,4.199751205856353,4.321436248366487,0.9892549514770508,0.005265718791633844,-0.9839892326854169,4.416113389013539,-1.0408699342406624,-5.456983323254201
MMdata_1136.50s_0327_183428_2ml,224,1120.0,2,4,4,2,2,0,0.0001799851597752422,0.0008278287714347243,0.0006478436116594821,-4.390127958444545,-2.712348266893308,1.6777796915512369,0.017296388745307922,0.9968218803405762,0.9795254915952682,0.17525065540740048,4.381172775248047,4.205922119840647,0.9825236201286316,0.002350374823436141,-0.9801732453051955,4.214877303037144,-1.6688245083547413,-5.8837018113918855
MMdata_1136.50s_0327_183428_2ml,225,1125.0,2,4,4,2,2,0,9.08292640815489e-05,0.0006631060969084501,0.0005722768328269012,-4.492063210600752,-3.371775293484754,1.120287917115998,0.00591154582798481,0.9883395433425903,0.9824279975146055,-0.31638209831254915,3.9350712886698647,4.251453386982414,0.9939975738525391,0.010997401550412178,-0.9830001723021269,4.8084453089133,-0.5632959951851109,-5.3717413040984106
MMdata_1136.50s_0327_183428_2ml,226,1130.0,2,4,4,2,2,0,6.764743739040568e-05,0.0005840728990733624,0.0005164254616829567,-4.508824843936363,-3.115183625230773,1.3936412187055902,0.003439551219344139,0.9954929351806641,0.9920533839613199,-0.5800380350638994,4.325783878257323,4.905821913321223,0.9964928030967712,0.003922989126294851,-0.9925698139704764,5.088862879000264,-1.2106002530265512,-6.2994631320268155
MMdata_235.00s_0320_224031_no_secretion,0,0.0,0,4,4,0,0,0,0.00011704236385412514,0.9977524876594543,0.9976354452956002,-4.268472054858049,4.682095206093226,8.950567260951274,0.0050146677531301975,0.001811120193451643,-0.0032035475596785545,-0.5108855607631506,-1.6294644858486445,-1.1185789250854938,0.994868278503418,0.00043638923671096563,-0.994431889266707,4.7793576156211985,-3.052630720244583,-7.831988335865781
MMdata_235.00s_0320_224031_no_secretion,1,5.0,0,4,4,0,0,0,0.00010691521310945973,0.9970853924751282,0.9969784772620187,-4.392728155879973,4.53886541928648,8.931593575166453,0.006081176921725273,0.002411757130175829,-0.003669419791549444,-0.35181074650058175,-1.4856154149345038,-1.133804668433922,0.993811845779419,0.000502942712046206,-0.9933089030673727,4.744538902380553,-3.053250004351976,-7.797788906732529
MMdata_235.00s_0320_224031_no_secretion,2,10.0,0,4,4,0,0,0,6.8384972109925e-05,0.9965967535972595,0.9965283686251496,-4.366220123662984,4.469681100144503,8.835901223807486,0.0022888758685439825,0.0028866934590041637,0.0005978175904601812,-0.8555571292322703,-1.3745534129459491,-0.5189962837136788,0.9976426959037781,0.0005166123155504465,-0.9971260835882276,5.2217772528952535,-3.095127687198554,-8.316904940093806
MMdata_235.00s_0320_224031_no_secretion,3,15.0,0,4,4,0,0,0,8.901797264115885e-05,0.9974867105484009,0.9973976925757597,-4.329639123986316,4.59479063189181,8.924429755878126,0.0034795505926012993,0.0020001025404781103,-0.001479448052123189,-0.6638189887475354,-1.6172497445402376,-0.9534307557927022,0.9964313507080078,0.0005131984362378716,-0.9959181522717699,4.993458112733849,-2.977540887351573,-7.970999000085422
MMdata_235.00s_0320_224031_no_secretion,4,20.0,0,4,4,0,0,0,0.00011358083429513499,0.9976435303688049,0.9975299495345098,-4.279987779421702,4.646060588654757,8.926048368076458,0.004887793213129044,0.0018908859929069877,-0.002996907220222056,-0.5180063643343198,-1.6222899413073941,-1.1042835769730743,0.9949986934661865,0.0004655968223232776,-0.9945330966438632,4.797994143756021,-3.023770647347364,-7.821764791103385
MMdata_235.00s_0320_224031_no_secretion,5,25.0,0,4,4,0,0,0,0.0001172970441984944,0.9967806339263916,0.9966633368821931,-4.379009116664369,4.469574304228466,8.848583420892835,0.007031181827187538,0.002657847013324499,-0.004373334813863039,-0.28560859070655287,-1.4574400138011905,-1.1718314230946376,0.9928514957427979,0.0005614807014353573,-0.9922900150413625,4.664617707370923,-3.0121342904272765,-7.6767519977982
MMdata_235.00s_0320_224031_no_secretion,6,30.0,0,4,4,0,0,0,7.53814892959781e-05,0.9974281191825867,0.9973527376932907,-4.351494779562756,4.611930716984933,8.96342549654769,0.0026620144490152597,0.0021097806748002768,-0.000552233774214983,-0.7872180975634162,-1.546665371719759,-0.7594472741563427,0.9972625970840454,0.0004620805848389864,-0.9968005164992064,5.138712877126173,-3.065265345265173,-8.203978222391346
MMdata_235.00s_0320_224031_no_secretion,7,35.0,0,4,4,0,0,0,9.945634519681334e-05,0.9970876574516296,0.9969882011064328,-4.310462332227087,4.529221832632833,8.83968416485992,0.004103212617337704,0.0023899381048977375,-0.0017132745124399662,-0.5906556273059742,-1.5043493866036926,-0.9136937592977183,0.9957973957061768,0.0005224345368333161,-0.9952749611693434,4.901117959533063,-3.02487244602914,-7.925990405562203
MMdata_235.00s_0320_224031_no_secretion,8,40.0,0,4,4,0,0,0,9.99646435957402e-05,0.9972591400146484,0.9971591753710527,-4.28301016011483,4.57439895866046,8.85740911877529,0.0038164544384926558,0.0022577543277293444,-0.0015587001107633114,-0.6407496064087068,-1.516241038322283,-0.8754914319135763,0.9960836172103882,0.00048309293924830854,-0.9956005242711399,4.923759766523536,-3.0581579203381777,-7.981917686861713
MMdata_235.00s_0320_224031_no_secretion,9,45.0,0,4,4,0,0,0,0.00011558080586837605,0.996912956237793,0.9967973754319246,-4.38018785573111,4.494878440844553,8.875066296575664,0.006849853787571192,0.0025429886300116777,-0.004306865157559514,-0.29817517283410666,-1.4764450042892276,-1.178269831455121,0.9930346012115479,0.000544085749424994,-0.9924905154621229,4.678363028565218,-3.018433436555326,-7.696796465120544
MMdata_235.00s_0320_224031_no_secretion,10,50.0,0,4,4,0,0,0,8.739718759898096e-05,0.997132420539856,0.997045023352257,-4.344648396575888,4.558829414114942,8.90347781069083,0.0035085680428892374,0.0023893823381513357,-0.0011191857047379017,-0.6521482319875425,-1.4750192694009225,-0.8228710374133801,0.9964040517807007,0.0004781857714988291,-0.9959258660092019,4.99679662856343,-3.083810144714019,-8.080606773277449
MMdata_235.00s_0320_224031_no_secretion,11,55.0,0,4,4,0,0,0,0.00010881128400797024,0.9975080490112305,0.9973992377272225,-4.302514546654495,4.596675511889008,8.899190058543503,0.004799097776412964,0.001975191058591008,-0.0028239067178219557,-0.515946373025657,-1.6279195738253378,-1.1119732007996808,0.9950920343399048,0.0005167628405615687,-0.9945752714993432,4.818460919680152,-2.968755938063672,-7.787216857743824
MMdata_235.00s_0320_224031_no_secretion,12,60.0,0,4,4,0,0,0,0.00010895260493271053,0.9977486729621887,0.997639720357256,-4.274723386012914,4.6660248578837855,8.9407482438967,0.004425019025802612,0.00178720208350569,-0.002637816942296922,-0.5706064995013858,-1.6588252408884268,-1.088218741387041,0.9954659938812256,0.0004640685219783336,-0.9950019253592473,4.8453298855143005,-3.0071996169953588,-7.852529502509659
MMdata_235.00s_0320_224031_no_secretion,13,65.0,0,4,4,0,0,0,0.00011306881060590968,0.9969000816345215,0.9967870128239156,-4.388200584380578,4.492088947892659,8.880289532273238,0.006713896058499813,0.002553552621975541,-0.004160343436524272,-0.30426246506483956,-1.4750760233475004,-1.1708135582826609,0.9931730628013611,0.000546374125406146,-0.9926266886759549,4.692463049445418,-3.01701292454516,-7.709475973990577
MMdata_235.00s_0320_224031_no_secretion,14,70.0,0,4,4,0,0,0,7.570638990728185e-05,0.9963456988334656,0.9962699924435583,-4.371776766655704,4.4263906491764065,8.798167415832111,0.0028540058992803097,0.003108361503109336,0.0002543556038290262,-0.7421604694086525,-1.3436078958863398,-0.6014474264776872,0.9970703125,0.0005460312240757048,-0.9965242812759243,5.113937236064356,-3.0827827532900676,-8.196719989354424
MMdata_235.00s_0320_224031_no_secretion,15,75.0,0,4,4,0,0,0,0.00012216271716170013,0.9972358345985413,0.9971136718813796,-4.284936558793322,4.5519343129552965,8.83687087174862,0.005743879824876785,0.0022445025388151407,-0.0034993772860616446,-0.43440027344659793,-1.5445690628991278,-1.1101687894525298,0.9941340088844299,0.0005197994178161025,-0.9936142094666138,4.719336832239921,-3.0073652500561687,-7.7267020822960895
MMdata_235.00s_0320_224031_no_secretion,16,80.0,0,4,4,0,0,0,0.00011680076568154618,0.997611403465271,0.9974946026995894,-4.266570732300975,4.6415982514082055,8.908168983709182,0.004965334665030241,0.0019251250196248293,-0.0030402096454054117,-0.5168043791187094,-1.6087746629011717,-1.0919702837824623,0.9949178695678711,0.00046344942529685795,-0.9944544201425742,4.783375111419683,-3.032823588507033,-7.816198699926716
MMdata_235.00s_0320_224031_no_secretion,17,85.0,0,4,4,0,0,0,0.0001127943251049146,0.9971151351928711,0.9970023408677662,-4.380337371056749,4.526660092418583,8.906997463475332,0.006524325348436832,0.002349304500967264,-0.004175020847469568,-0.32261056753186157,-1.5240868251966146,-1.201476257664753,0.9933629035949707,0.0005356002948246896,-0.992827303300146,4.702947938588611,-3.002573267221969,-7.70552120581058
MMdata_235.00s_0320_224031_no_secretion,18,90.0,0,4,4,0,0,0,7.53645072109066e-05,0.9974740147590637,0.9973986502518528,-4.39688876785367,4.62569475252906,9.02258352038273,0.003050189698114991,0.002075013006106019,-0.0009751766920089722,-0.6962661416245757,-1.5495639238628698,-0.8532977822382941,0.9968744516372681,0.00045085951569490135,-0.9964235921215732,5.093154909478247,-3.07613082866619,-8.169285738144437
MMdata_235.00s_0320_224031_no_secretion,19,95.0,0,4,4,0,0,0,0.00011613554670475423,0.9972743391990662,0.9971582036523614,-4.299345795191205,4.561855925493545,8.86120172068475,0.005418600980192423,0.0022142690140753984,-0.0032043319661170244,-0.4565108708223491,-1.5482476384995962,-1.0917367676772471,0.9944652915000916,0.0005114843370392919,-0.9939538071630523,4.755856666013556,-3.0136082869939482,-7.769464953007504
MMdata_235.00s_0320_224031_no_secretion,20,100.0,0,4,4,0,0,0,0.00010595987987471744,0.9974926710128784,0.9973867111330037,-4.274283065984251,4.623168669735561,8.897451735719812,0.0041786921210587025,0.002046631881967187,-0.0021320602390915155,-0.5995900098425571,-1.5658806740809492,-0.9662906642383922,0.995715320110321,0.00046060618478804827,-0.995254713925533,4.873873075826807,-3.057287995654611,-7.931161071481418
MMdata_235.00s_0320_224031_no_secretion,21,105.0,0,4,4,0,0,0,0.0001154488927568309,0.9972008466720581,0.9970853977793013,-4.381934338235599,4.5349165812504255,8.916850919486023,0.006870269309729338,0.0022545969113707542,-0.0046156723983585835,-0.2958036980353347,-1.5570644157440352,-1.2612607177087005,0.9930142760276794,0.0005445385468192399,-0.9924697374808602,4.677738036270934,-2.9778521655063903,-7.655590201777325
MMdata_235.00s_0320_224031_no_secretion,22,110.0,0,4,4,0,0,0,6.10940478509292e-05,0.9975507855415344,0.9974896914936835,-4.43841145065271,4.64437438666107,9.08278583731378,0.0022685248404741287,0.002008871641010046,-0.0002596531994640827,-0.8239408463498821,-1.563355481819972,-0.7394146354700899,0.9976703524589539,0.0004403919156175107,-0.9972299605433363,5.262352297002593,-3.0810189048410974,-8.343371201843691
MMdata_235.00s_0320_224031_no_secretion,23,115.0,0,4,4,0,0,0,0.00011935008660657331,0.9972986578941345,0.997179307807528,-4.296956510109433,4.561491957006693,8.858448467116126,0.005683376453816891,0.002181748393923044,-0.0035016280598938465,-0.4337168073494402,-1.563431753741459,-1.1297149463920189,0.9941972494125366,0.000519700872246176,-0.9936775485402904,4.730673317458873,-2.998060203265232,-7.728733520724105
MMdata_235.00s_0320_224031_no_secretion,24,120.0,0,4,4,0,0,0,0.00011429813457652926,0.9972975850105286,0.997183286875952,-4.295892842894426,4.580310815450786,8.876203658345212,0.0051932246424257755,0.002219637855887413,-0.0029735867865383625,-0.4795929915386461,-1.527394335827779,-1.047801344289133,0.9946925044059753,0.0004827877855859697,-0.9942097166203894,4.7754858344330735,-3.052916479623007,-7.82840231405608
MMdata_235.00s_0320_224031_no_secretion,25,125.0,0,4,4,0,0,0,0.00011394586908863857,0.9969481825828552,0.9968342367137666,-4.3799832706143595,4.489161336414724,8.869144607029083,0.006652016192674637,0.0024853860959410667,-0.00416663009673357,-0.3130314991179608,-1.5051094407794405,-1.1920779416614797,0.9932339787483215,0.0005663661868311465,-0.9926676125614904,4.693014769732321,-2.9840518956352824,-7.677066665367604
MMdata_235.00s_0320_224031_no_secretion,26,130.0,0,4,4,0,0,0,6.8907807872165e-05,0.9973199963569641,0.997251088549092,-4.403764121708665,4.600217544457862,9.003981666166528,0.002601894550025463,0.0022265505976974964,-0.0003753439523279667,-0.7725384833670006,-1.5044005625030135,-0.7318620791360129,0.9973292350769043,0.0004534080217126757,-0.9968758270551916,5.176302605075666,-3.095816981954849,-8.272119587030515
MMdata_235.00s_0320_224031_no_secretion,27,135.0,0,4,4,0,0,0,0.00012292645988054574,0.9975741505622864,0.9974512241024058,-4.281598608366472,4.614517831129088,8.896116439495561,0.0057580615393817425,0.0019224369898438454,-0.003835624549537897,-0.4348287390366252,-1.6372150045285991,-1.202386265491974,0.9941190481185913,0.000503337592817843,-0.9936157105257735,4.716427347403096,-2.9773028266004893,-7.693730174003585
MMdata_235.00s_0320_224031_no_secretion,28,140.0,0,4,4,0,0,0,0.00011013516632374376,0.9973791837692261,0.9972690486029023,-4.310817725542008,4.605281030248731,8.916098755790738,0.005041831638664007,0.0021606204099953175,-0.0028812112286686897,-0.48700140634355016,-1.529454584847417,-1.0424531785038669,0.9948480129241943,0.0004602541448548436,-0.9943877587793395,4.797819131885558,-3.0758264454013133,-7.873645577286871
MMdata_235.00s_0320_224031_no_secretion,29,145.0,0,4,4,0,0,0,9.838605910772458e-05,0.9969576597213745,0.9968592736622668,-4.3931627033981675,4.500160030576575,8.893322733974742,0.005151480436325073,0.002496863016858697,-0.0026546174194663763,-0.4350224059727159,-1.4895131200964196,-1.0544907141237037,0.9947502017021179,0.000545474817045033,-0.9942047268850729,4.828185109370884,-3.0106469104801565,-7.838832019851041
MMdata_235.00s_0320_224031_no_secretion,30,150.0,0,4,4,0,0,0,7.425657531712204e-05,0.997416615486145,0.9973423589108279,-4.391682479681616,4.619819283677506,9.01150176335912,0.0029148778412491083,0.00213805865496397,-0.0007768191862851381,-0.7216256189437491,-1.5254510213668588,-0.8038254024231097,0.9970108270645142,0.0004452946886885911,-0.9965655323758256,5.113308098625366,-3.094368262310647,-8.207676360936013
MMdata_235.00s_0320_224031_no_secretion,31,155.0,0,4,4,0,0,0,0.00010523322271183133,0.9974974989891052,0.9973922657663934,-4.314741796100901,4.590599706289221,8.905341502390122,0.004655689466744661,0.0019765777979046106,-0.0026791116688400507,-0.5250755598938319,-1.6332829707632657,-1.1082074108694338,0.9952390193939209,0.0005258881137706339,-0.9947131312801503,4.839817355994733,-2.9573167355259544,-7.797134091520688
MMdata_235.00s_0320_224031_no_secretion,32,160.0,0,4,4,0,0,0,0.0001367801014566794,0.9977703094482422,0.9976335293467855,-4.2778960509614326,4.678957347359252,8.956853398320685,0.007059638854116201,0.0017818661872297525,-0.005277772666886449,-0.3341214130109611,-1.6489045167221823,-1.3147831037112212,0.9928035140037537,0.00044776484719477594,-0.9923557491565589,4.612017463972394,-3.030052830637069,-7.6420702946094625
MMdata_235.00s_0320_224031_no_secretion,33,165.0,0,4,4,0,0,0,9.401130228070542e-05,0.9975556135177612,0.9974616022154805,-4.38941666751502,4.5963522175314555,8.985768885046475,0.0046486095525324345,0.001909093582071364,-0.0027395159704610705,-0.4885082466809596,-1.6623271175217482,-1.1738188708407886,0.9952573180198669,0.0005352242733351886,-0.9947220937465318,4.8779249141959795,-2.934025100009708,-7.811950014205688
MMdata_235.00s_0320_224031_no_secretion,34,170.0,0,4,4,0,0,0,6.987078813835979e-05,0.9977794289588928,0.9977095581707545,-4.3967708179520715,4.69635344106752,9.093124259019591,0.0026196350809186697,0.0017997774994000793,-0.0008198575815185905,-0.7726281655585536,-1.6215157519325212,-0.8488875863739676,0.9973105192184448,0.0004207742167636752,-0.9968897450016811,5.169398983510626,-3.0748376891349967,-8.244236672645624
MMdata_235.00s_0320_224031_no_secretion,35,175.0,0,4,4,0,0,0,0.00010156325879506767,0.9962385892868042,0.9961370260280091,-4.31792977246284,4.3656561981471915,8.683585970610032,0.004377053584903479,0.0031058702152222395,-0.0012711833696812391,-0.5544805366745829,-1.4050366395565268,-0.8505561028819439,0.9955214262008667,0.0006555445725098252,-0.9948658816283569,4.872410309137421,-2.9606195585906665,-7.833029867728087
MMdata_235.00s_0320_224031_no_secretion,36,180.0,0,4,4,0,0,0,0.00016588831203989685,0.9978646636009216,0.9976987752888817,-4.245036761001592,4.705697717956159,8.950734478957752,0.009432095102965832,0.001702852314338088,-0.007729242788627744,-0.20447797869904605,-1.6676152645072966,-1.4631372858082505,0.9904020428657532,0.00043250451562926173,-0.9899695383501239,4.449514739700637,-3.0380824534488626,-7.4875971931495
MMdata_235.00s_0320_224031_no_secretion,37,185.0,0,4,4,0,0,0,8.600870205555111e-05,0.997130811214447,0.9970448025123915,-4.407090526090829,4.514159197541412,8.92124972363224,0.004100454971194267,0.0023016193881630898,-0.0017988355830311775,-0.5426857887979555,-1.5571098116469306,-1.0144240228489751,0.9958135485649109,0.0005676066502928734,-0.995245941914618,4.949776314888787,-2.9570493858944804,-7.906825700783267
MMdata_235.00s_0320_224031_no_secretion,38,190.0,0,4,4,0,0,0,9.536720608593896e-05,0.9974141120910645,0.9973187448849785,-4.3325424333541624,4.617003774731802,8.949546208085964,0.004030803218483925,0.0021365906577557325,-0.0018942125607281923,-0.5885562561138498,-1.5289508591198206,-0.9403946030059709,0.9958738684654236,0.00044937810162082314,-0.9954244903638028,4.921098689468012,-3.088052915611982,-8.009151605079994
MMdata_235.00s_0320_224031_no_secretion,39,195.0,0,4,4,0,0,0,0.00010344397014705464,0.9970018267631531,0.996898382793006,-4.314954392349287,4.497825284005029,8.812779676354316,0.004500878509134054,0.002434804104268551,-0.0020660744048655033,-0.541956626278389,-1.5170610149091663,-0.9751043886307773,0.9953956007957458,0.000563359702937305,-0.9948322410928085,4.856911018627676,-2.9807642690958644,-7.83767528772354
MMdata_235.00s_0320_224031_no_secretion,40,200.0,0,4,4,0,0,0,0.00014015437045600265,0.9975625276565552,0.9974223732860992,-4.264908749943319,4.642251514673723,8.907160264617042,0.007129531819373369,0.0019899324979633093,-0.00513959932141006,-0.3356523634288022,-1.5749625989535554,-1.2393102355247532,0.9927303194999695,0.00044743428588844836,-0.992282885214081,4.600561113372121,-3.0672889157201677,-7.667850029092289
MMdata_235.00s_0320_224031_no_secretion,41,205.0,0,4,4,0,0,0,0.00010364241461502388,0.9967195391654968,0.9966158967508818,-4.404880855318667,4.449960242096006,8.854841097414674,0.005925812292844057,0.0026926661375910044,-0.0032331461552530527,-0.35875445639538484,-1.4639773515580066,-1.1052228951626217,0.993970513343811,0.0005877381772734225,-0.9933827751665376,4.7636353117140535,-2.985982890537999,-7.749618202252052
MMdata_235.00s_0320_224031_no_secretion,42,210.0,0,4,4,0,0,0,8.638942381367087e-05,0.997605562210083,0.9975191727862693,-4.354657793126027,4.658497964002324,9.01315575712835,0.003532704198732972,0.0019621970131993294,-0.0015705071855336428,-0.6437041332637197,-1.5727952353628023,-0.9290911020990826,0.9963809847831726,0.00043221042142249644,-0.9959487743617501,4.998361926389747,-3.0857027286395224,-8.08406465502927
MMdata_235.00s_0320_224031_no_secretion,43,215.0,0,4,4,0,0,0,9.552141273161396e-05,0.9967581629753113,0.9966626415625797,-4.324798254603367,4.449078982992029,8.773877237595396,0.003950666170567274,0.0026409674901515245,-0.0013096986804157495,-0.6025091995903722,-1.484283869261942,-0.8817746696715698,0.9959537982940674,0.0006008764612488449,-0.9953529218328185,4.927307454193739,-2.9647951137300863,-7.892102567923826
MMdata_235.00s_0320_224031_no_secretion,44,220.0,0,4,4,0,0,0,0.00016972966841422021,0.9976035952568054,0.9974338655883912,-4.236571313299818,4.639690720690774,8.876262033990592,0.009628316387534142,0.0019319811835885048,-0.007696335203945637,-0.19831463931125803,-1.6071192811752653,-1.4088046418640072,0.990202009677887,0.0004644477739930153,-0.989737561903894,4.434885952611077,-3.0325714395155074,-7.467457392126584
MMdata_235.00s_0320_224031_no_secretion,45,225.0,0,4,4,2,2,0,0.00010051028220914304,0.026170814409852028,0.026070304127642885,-4.403230971748399,-0.7369069790817964,3.6663239926666025,0.0055433944799005985,0.9673704504966736,0.961827056016773,-0.3931286904453364,2.873029699524235,3.266158389969571,0.994356095790863,0.006458706688135862,-0.9878973891027272,4.796359662193736,-2.1361227204424393,-6.9324823826361754
MMdata_235.00s_0320_224031_no_secretion,46,230.0,0,4,4,2,2,0,9.708299330668524e-05,0.4793146550655365,0.4792175720722298,-4.330703280388522,1.4107668569912963,5.741470137379818,0.004154687747359276,0.514198362827301,0.5100436750799417,-0.5742769407649453,1.4810186862213541,2.0552956269862994,0.9957482218742371,0.006487030535936356,-0.9892611913383007,4.904980221153465,-2.8917855432126505,-7.796765764366116
MMdata_442.75s_0327_203239_4ml,0,0.0,4,4,4,4,4,1,5.7132416259264573e-05,5.067529855296016e-06,-5.206488640396856e-05,-4.548893278072949,-4.342727637579472,0.2061656404934773,0.0027648413088172674,1.168605376733467e-05,-0.0027531552550499327,-0.6695264244916546,-3.5071849833039437,-2.837658558812289,0.9971780776977539,0.9999831914901733,0.0028051137924194336,5.218419702564602,7.849912620883414,2.631492918318812
MMdata_442.75s_0327_203239_4ml,1,5.0,4,4,4,4,4,1,3.827815089607611e-05,0.00022144753893371671,0.0001831693880376406,-4.607303758253221,-3.6158199200568957,0.9914838381963254,0.0014768629334867,0.002527721459046006,0.0010508585255593061,-0.9545075413642712,-1.1809320700901162,-0.22642452872584506,0.9984849095344543,0.9972508549690247,-0.0012340545654296875,5.561811299617494,4.796751990147011,-0.765059309470483
MMdata_442.75s_0327_203239_4ml,2,10.0,4,4,4,4,4,1,0.00018529473163653165,8.19362685433589e-06,-0.00017710110478219576,-4.319623640319727,-4.3611612433811375,-0.04153760306141052,0.014799579977989197,3.2289011869579554e-05,-0.014767290966119617,0.06078273781221544,-2.98979090002432,-3.0505736378365356,0.9850150942802429,0.9999594688415527,0.014944374561309814,4.258840902507511,7.350952143405459,3.0921112408979488
MMdata_442.75s_0327_203239_4ml,3,15.0,4,4,4,4,4,1,0.0002916103694587946,1.1806571819761302e-05,-0.0002798037976390333,-4.212751345618885,-4.026932982599615,0.18581836301927002,0.02693507820367813,2.4597316951258108e-05,-0.026910480886726873,0.3130148328532556,-3.292951922951148,-3.6059667558044035,0.9727733731269836,0.999963641166687,0.02719026803970337,3.89973651276563,7.319884905550766,3.420148392785136
MMdata_442.75s_0327_203239_4ml,4,20.0,4,4,4,4,4,1,5.7413344620727e-05,9.548522029945161e-06,-4.786482259078184e-05,-4.550753572063908,-3.916495033780599,0.6342585382833086,0.002807846525683999,1.155095833382802e-05,-0.002796295567350171,-0.660857225494146,-3.726113008882624,-3.065255783388478,0.9971346855163574,0.9999788999557495,0.00284421443939209,5.211610797558053,7.642608042663223,2.4309972451051705
MMdata_442.75s_0327_203239_4ml,5,25.0,4,4,4,4,4,1,4.156402428634465e-05,4.779202936333604e-05,6.228005076991394e-06,-4.598457647597181,-4.147470773679072,0.4509868739181089,0.0016960741486400366,0.000578967563342303,-0.0011171065852977335,-0.8896211047862543,-1.6530831954087937,-0.7634620906225393,0.998262345790863,0.9993732571601868,0.0011109113693237305,5.488078752383437,5.800553969087868,0.31247521670443046
MMdata_442.75s_0327_203239_4ml,6,30.0,4,4,4,4,4,1,0.00018553277186583728,6.714652045047842e-06,-0.00017881811982078943,-4.310995930077319,-4.195537279973719,0.11545865010360057,0.014453436248004436,1.3193248378229327e-05,-0.014440242999626207,0.04446000363881453,-3.5201240788001638,-3.5645840824389783,0.9853610396385193,0.999980092048645,0.014619052410125732,4.266535926438507,7.715661358773883,3.449125432335376
MMdata_442.75s_0327_203239_4ml,7,35.0,4,4,4,4,4,1,0.0003015244146808982,1.1498328603920527e-05,-0.00029002608607697766,-4.2335028765847635,-4.055369687838458,0.17813318874630557,0.030769014731049538,2.5407358407392167e-05,-0.030743607372642145,0.39190958050678404,-3.2625325407077694,-3.6544421212145535,0.9689295291900635,0.9999630451202393,0.03103351593017578,3.8415932960779795,7.317902228546227,3.476308932468248
MMdata_442.75s_0327_203239_4ml,8,40.0,4,4,4,4,4,1,6.252319144550711e-05,7.324049875023775e-06,-5.5199141570483334e-05,-4.53366437893241,-4.160407472718629,0.37325690621378094,0.0031646257266402245,1.4126609130471479e-05,-0.003150499117509753,-0.6094118562163953,-3.5035107180289655,-2.8940988618125703,0.996772825717926,0.9999785423278809,0.003205716609954834,5.143076235148806,7.663918190747597,2.520841955598791
MMdata_442.75s_0327_203239_4ml,9,45.0,4,4,4,4,4,1,3.8938349462114275e-05,5.000064629712142e-05,1.1062296835007146e-05,-4.604839199014527,-3.9892742887799146,0.6155649102346121,0.001517050783149898,0.00039418821688741446,-0.0011228625662624836,-0.9422953565393009,-1.9244817169990016,-0.9821863604597008,0.9984440207481384,0.999555766582489,0.001111745834350586,5.547134555553828,5.913756005778917,0.3666214502250895
MMdata_442.75s_0327_203239_4ml,10,50.0,4,4,4,4,4,1,0.00019167890422977507,6.216403107828228e-06,-0.00018546250112194684,-4.307936674301811,-4.202510880245275,0.10542579405653552,0.015299183316528797,1.154696656158194e-05,-0.015287636349967215,0.0717964554030246,-3.5832795741324395,-3.655076029535464,0.9845091700553894,0.9999822378158569,0.01547306776046753,4.236140218898785,7.785790454377717,3.549650235478932
MMdata_442.75s_0327_203239_4ml,11,55.0,4,4,4,4,4,1,0.00018051595543511212,9.413996849616524e-06,-0.0001711019585854956,-4.278945897319867,-4.064914030570778,0.2140318667490888,0.0124021852388978,1.7525442672194913e-05,-0.012384659796225606,-0.04913710193851806,-3.443457946830229,-3.394320844891711,0.9874173402786255,0.9999730587005615,0.012555718421936035,4.328082999258385,7.508371977401006,3.180288978142621
MMdata_442.75s_0327_203239_4ml,12,60.0,4,4,4,4,4,1,5.583196252700873e-05,9.692647836345714e-06,-4.6139314690663014e-05,-4.550818771534598,-3.878118192905429,0.6727005786291684,0.002655408112332225,1.0607906006043777e-05,-0.002644800206326181,-0.6888116455859121,-3.7878862632685415,-3.0990746176826294,0.9972888231277466,0.9999797344207764,0.002690911293029785,5.239630417120509,7.666004456173973,2.4263740390534645
MMdata_442.75s_0327_203239_4ml,13,65.0,4,4,4,4,4,1,4.165266000200063e-05,7.173775520641357e-05,3.0085095204412937e-05,-4.597825520921865,-4.0129151224233235,0.5849103984985415,0.0017000954831019044,0.0008714973810128868,-0.0008285981020890176,-0.8887510580920894,-1.5157194435482282,-0.6269683854561388,0.9982582926750183,0.9990567564964294,0.0007984638214111328,5.4865765790139545,5.528634565971551,0.04205798695759633
MMdata_442.75s_0327_203239_4ml,14,70.0,4,4,4,4,4,1,0.00011529807670740411,7.4828417382377665e-06,-0.00010781523496916634,-4.3660926723907485,-4.271951008204817,0.09414166418593162,0.006532065570354462,2.060627957689576e-05,-0.006511459290777566,-0.3291349263908865,-3.2589677763991682,-2.9298328500082818,0.9933526515960693,0.999971866607666,0.00661921501159668,4.695227598781634,7.530918784603986,2.835691185822352
MMdata_442.75s_0327_203239_4ml,15,75.0,4,4,4,4,4,1,0.0002884292625822127,1.0140042832063045e-05,-0.00027828921975014964,-4.263699353920787,-4.327980040272348,-0.06428068635156148,0.030825436115264893,4.4766897190129384e-05,-0.030780669218074763,0.4079462565865457,-2.843003298203535,-3.250949554790081,0.9688860774040222,0.9999450445175171,0.031058967113494873,3.85575309733424,7.170983338475886,3.315230241141646
MMdata_442.75s_0327_203239_4ml,16,80.0,4,4,4,4,4,1,5.145318209542893e-05,8.946126399678178e-06,-4.250705569575075e-05,-4.560625549548846,-4.126161613480302,0.4344639360685445,0.002321773674339056,1.9019096725969575e-05,-0.0023027545776130864,-0.7512111708549396,-3.3719386823335897,-2.62072751147865,0.9976268410682678,0.9999719858169556,0.002345144748687744,5.311836720403787,7.498100295813894,2.1862635754101074
MMdata_442.75s_0327_203239_4ml,17,85.0,4,4,4,4,4,1,4.018517574877478e-05,0.00014036116772331297,0.00010017599197453819,-4.603912795376343,-4.307872815457531,0.29603997991881137,0.0016114298487082124,0.00814258586615324,0.006531156017445028,-0.9125337918889329,-0.24722860310228612,0.6653051887866468,0.9983483552932739,0.9917170405387878,-0.006631314754486084,5.516446587265279,4.5551014185598175,-0.9613451687054617
MMdata_442.75s_0327_203239_4ml,18,90.0,4,4,4,4,4,1,0.0001918802154250443,6.559419034601888e-06,-0.0001853207963904424,-4.3061898615204965,-4.1382751810765805,0.167914680443916,0.015250450931489468,1.0602992006170098e-05,-0.015239847939483298,0.06930319001553187,-3.6580409922904034,-3.7273441823059352,0.9845577478408813,0.9999828338623047,0.01542508602142334,4.236886671504966,7.796316173366981,3.5594295018620157
MMdata_442.75s_0327_203239_4ml,19,95.0,4,4,4,4,4,1,0.0002772353182081133,2.5926503440132365e-05,-0.00025130881476798095,-4.314547158897007,-4.464195576806038,-0.14964841790903094,0.03325538709759712,0.00044057215563952923,-0.03281481494195759,0.4725582222734537,-1.6313870852341603,-2.103945307507614,0.9664673209190369,0.9995335340499878,0.03306621313095093,3.841988936623553,6.095582662040195,2.2535937254166423
MMdata_442.75s_0327_203239_4ml,20,100.0,4,4,4,4,4,1,5.574112947215326e-05,8.811052794044372e-06,-4.693007667810889e-05,-4.552552359983687,-3.9326576090863616,0.6198947508973252,0.0026605897583067417,1.0324248250981327e-05,-0.0026502655100557604,-0.686967554206988,-3.7741692142116774,-3.0872016600046894,0.9972836971282959,0.9999808073043823,0.0026971101760864258,5.239519914190674,7.706826823298039,2.467306909107365
MMdata_442.75s_0327_203239_4ml,21,105.0,4,4,4,4,4,1,3.8835038139950484e-05,1.887236794573255e-05,-1.9962670194217935e-05,-4.605757239076952,-4.233466788194343,0.37229045088260904,0.0015131670515984297,0.000116795337817166,-0.0013963717137812637,-0.9431200045186943,-2.4107424733736034,-1.467622468854909,0.9984480142593384,0.9998643398284912,0.001416325569152832,5.548877243595646,6.644209261567946,1.0953320179723
MMdata_442.75s_0327_203239_4ml,22,110.0,4,4,4,4,4,1,0.00020220561418682337,8.69361792865675e-06,-0.00019351199625816662,-4.289234781684585,-4.406508072107754,-0.11727329042316903,0.016110248863697052,4.164754136581905e-05,-0.016068601322331233,0.08869107043032898,-2.8398549211165696,-2.9285459915468985,0.9836875200271606,0.9999496936798096,0.016262173652648926,4.200543711254258,7.246362993224321,3.045819281970063
MMdata_442.75s_0327_203239_4ml,23,115.0,4,4,4,4,4,1,0.00012510811211541295,6.193761691974942e-06,-0.00011891435042343801,-4.410786633804009,-4.152621539266113,0.2581650945378957,0.008814787492156029,9.86956092674518e-06,-0.008804917931229284,-0.1557789072066713,-3.6867087792487423,-3.530929872042071,0.9910600781440735,0.9999839067459106,0.008923828601837158,4.566565541010682,7.839330318514855,3.2727647775041726
MMdata_442.75s_0327_203239_4ml,24,120.0,4,4,4,4,4,1,5.516468809219077e-05,2.2756748876417987e-05,-3.2407939215772785e-05,-4.5509106420152925,-3.9744211744266353,0.5764894675886572,0.0025928656104952097,7.806777284713462e-05,-0.002514797837648075,-0.700714725734688,-2.7417055976538647,-2.0409908719191767,0.9973520040512085,0.99989914894104,0.002547144889831543,5.25162536774998,6.7161267720804965,1.464501404330517
MMdata_442.75s_0327_203239_4ml,25,125.0,4,4,4,4,4,1,3.97513504140079e-05,2.51830970228184e-05,-1.45682533911895e-05,-4.604015823449619,-4.036696747693788,0.5673190757558313,0.0015772574115544558,0.00011524567526066676,-0.001462011736293789,-0.9232168343765146,-2.5158036077734574,-1.5925867733969428,0.9983830451965332,0.9998595714569092,0.0014765262603759766,5.527232657826134,6.552500355467249,1.025267697641115
MMdata_442.75s_0327_203239_4ml,26,130.0,4,4,4,4,4,1,0.00023240959853865206,7.607779025420314e-06,-0.00022480181951323175,-4.261399614840654,-4.02110861315071,0.24029100168994422,0.01964881829917431,1.0035968443844467e-05,-0.019638782330730464,0.17587153727553506,-3.7441044087399638,-3.919975946015499,0.9801187515258789,0.9999823570251465,0.019863605499267578,4.085528077565118,7.7652130218906725,3.6796849443255546
MMdata_442.75s_0327_203239_4ml,27,135.0,4,4,4,4,4,1,0.0002166626218240708,5.282979145704303e-06,-0.0002113796426783665,-4.361180307998052,-4.378389012480779,-0.017208704482727377,0.02311699464917183,1.4135031960904598e-05,-0.023102859617210925,0.3088016115732328,-3.394222930959698,-3.7030245425329307,0.9766663908958435,0.9999805688858032,0.023314177989959717,4.052378696424817,7.772611943440478,3.7202332470156607
MMdata_442.75s_0327_203239_4ml,28,140.0,4,4,4,4,4,1,4.810101745533757e-05,1.1558718142623547e-05,-3.654229931271402e-05,-4.56001858029335,-3.9864851436657665,0.5735334366275833,0.0020248014479875565,2.0881367163383402e-05,-0.002003920080824173,-0.8200949857420943,-3.395067875400806,-2.574972889658712,0.9979270696640015,0.9999675750732422,0.0020405054092407227,5.380113566035442,7.381553019066574,2.001439453031132
MMdata_442.75s_0327_203239_4ml,29,145.0,4,4,4,4,4,1,4.103279206901789e-05,0.00010583223047433421,6.479943840531632e-05,-4.603828436493204,-4.464896835444086,0.1389316010491184,0.0016798169817775488,0.007408869918435812,0.005729052936658263,-0.8917598630392476,-0.2163187453133073,0.6754411177259403,0.9982792139053345,0.9924853444099426,-0.005793869495391846,5.495588299532449,4.681215580757396,-0.8143727187750534
MMdata_442.75s_0327_203239_4ml,30,150.0,4,4,4,4,4,1,0.00023139726545196027,6.41186898064916e-06,-0.0002249853964713111,-4.259796127485165,-4.226153660891385,0.03364246659378001,0.01937919296324253,1.3187528566049878e-05,-0.01936600543467648,0.16802311704647366,-3.5050328845891956,-3.6730560016356693,0.980389416217804,0.9999804496765137,0.019591033458709717,4.091773010438691,7.731186545480581,3.63941353504189
MMdata_442.75s_0327_203239_4ml,31,155.0,4,4,4,4,4,1,0.00021731460583396256,3.177156031597406e-05,-0.0001855430455179885,-4.3541896648088025,-4.397639572729508,-0.04344990792070558,0.0227655041962862,0.0005419236258603632,-0.022223580570425838,0.2974659305158385,-1.5610860528639856,-1.858551983379824,0.9770171642303467,0.9994263648986816,0.02240920066833496,4.056723734292964,5.958725625593495,1.9020018913005305
MMdata_442.75s_0327_203239_4ml,32,160.0,4,4,4,4,4,1,5.2222789236111566e-05,1.3568380381911993e-05,-3.8654408854199573e-05,-4.554012506970088,-3.8461351466917213,0.707877360278367,0.00234482204541564,1.8885823010350578e-05,-0.0023259362224052893,-0.749566690807332,-3.5154657252483394,-2.7658990344410075,0.9976029992103577,0.9999675750732422,0.0023645758628845215,5.30357919777742,7.361600871940061,2.0580216741626405
MMdata_442.75s_0327_203239_4ml,33,165.0,4,4,4,4,4,1,1.3425712495518383e-05,1.591718682902865e-05,2.4914743335102685e-06,-4.696558960442484,-4.466810873045002,0.22974808739748198,0.00023716602299828082,0.00016731933283153921,-6.984669016674161e-05,-1.8249702568546748,-2.1143061719416476,-0.28933591508697276,0.9997493624687195,0.9998168349266052,6.747245788574219e-05,6.521529217297157,6.581117044986647,0.05958782768948989
MMdata_442.75s_0327_203239_4ml,34,170.0,4,4,4,4,4,1,0.0002438392402837053,7.362030373769812e-06,-0.00023647720990993548,-4.246503907977483,-4.068169209579378,0.17833469839810512,0.02070627734065056,1.0823144293681253e-05,-0.020695454196356877,0.19517912161653594,-3.682818138919795,-3.877997260536331,0.9790498614311218,0.9999817609786987,0.020931899547576904,4.051324786360948,7.750987348499172,3.699662562138224
MMdata_442.75s_0327_203239_4ml,35,175.0,4,4,4,4,4,1,0.00020490230235736817,5.859595603396883e-06,-0.0001990427067539713,-4.35900323844364,-4.090199204607481,0.26880403383615903,0.020485512912273407,7.3247679210908245e-06,-0.020478188144352316,0.24593669798108353,-3.8670183248822134,-4.1129550228632965,0.9793095588684082,0.9999867677688599,0.02067720890045166,4.1130665404625555,7.957217529489696,3.84415098902714
MMdata_442.75s_0327_203239_4ml,36,180.0,4,4,4,4,4,1,7.106510020093992e-05,0.0001365743373753503,6.550923717441037e-05,-4.516860481431025,-3.8438230802354223,0.6730374011956028,0.003890265943482518,0.0019040519837290049,-0.0019862139597535133,-0.5142240424015574,-1.2089526254208929,-0.6947285830193355,0.9960386753082275,0.9979593753814697,0.0019207000732421875,5.031084523832582,5.052775705656317,0.021691181823735306
MMdata_442.75s_0327_203239_4ml,37,185.0,4,4,4,4,4,1,1.1292285307717975e-05,1.3856004443368874e-05,2.5637191356508993e-06,-4.702646262372249,-4.5485944824013735,0.15405177997087538,0.00017086091975215822,0.00016204695566557348,-8.813964086584747e-06,-1.985916148018835,-2.089427011881794,-0.10351086386295894,0.9998179078102112,0.9998241066932678,6.198883056640625e-06,6.688562410391083,6.638021494283165,-0.05054091610791822
MMdata_442.75s_0327_203239_4ml,38,190.0,4,4,4,4,4,1,0.00022270619228947908,8.342249202542007e-06,-0.00021436394308693707,-4.270117500963409,-3.9503558719772753,0.319761628986134,0.01849854551255703,9.759497515915427e-06,-0.018488786015041114,0.14947650667181334,-3.793447825468113,-3.9429243321399263,0.9812787771224976,0.9999818801879883,0.018703103065490723,4.120640994291595,7.743803697445389,3.6231627031537945
MMdata_442.75s_0327_203239_4ml,39,195.0,4,4,4,4,4,1,0.00019641338440123945,6.688617759209592e-06,-0.00018972476664202986,-4.372239183664042,-4.067029627549017,0.30520955611502476,0.019567232578992844,8.903179150365759e-06,-0.019558329399842478,0.22915091305035684,-3.7810284465077935,-4.01017935955815,0.9802363514900208,0.9999843835830688,0.019748032093048096,4.143088270613686,7.848058074056808,3.704969803443122
MMdata_442.75s_0327_203239_4ml,40,200.0,4,4,4,4,4,1,7.30917599867098e-05,8.89452076080488e-06,-6.419723922590492e-05,-4.51583734165557,-3.9699058633985915,0.5459314782569784,0.004103593062609434,1.1764641385525465e-05,-0.004091828421223909,-0.48793475392757113,-3.690242765449736,-3.202308011522165,0.9958232641220093,0.9999793767929077,0.0041561126708984375,5.003772095583142,7.660148628848328,2.6563765332651856
MMdata_442.75s_0327_203239_4ml,41,205.0,4,4,4,4,4,1,4.643581996788271e-05,8.012443686311599e-06,-3.842337628157111e-05,-4.589305227049312,-4.424569723062279,0.16473550398703285,0.0020604021847248077,3.7346366298152134e-05,-0.0020230558184266556,-0.7967198924920709,-2.885329898076285,-2.088610005584214,0.9978931546211243,0.9999545812606812,0.0020614266395568848,5.386025119541381,7.309899621138566,1.9238745015971848
MMdata_442.75s_0327_203239_4ml,42,210.0,4,4,4,4,4,1,0.00020443473476916552,6.8159524744260125e-06,-0.0001976187822947395,-4.283570423216129,-4.126193348732796,0.1573770744833327,0.016191309317946434,1.1041037396353204e-05,-0.01618026828055008,0.08841071303996628,-3.6438401620914345,-3.7322508751314007,0.9836042523384094,0.9999821186065674,0.01637786626815796,4.195159710176162,7.770033510824232,3.5748738006480707
MMdata_442.75s_0327_203239_4ml,43,215.0,4,4,4,4,4,1,0.00019355669792275876,7.434347935486585e-06,-0.00018612234998727217,-4.363389806623597,-4.376071985190139,-0.012682178566541857,0.018483873456716537,2.7797954317065887e-05,-0.01845607550239947,0.19569363717392285,-3.057220426964946,-3.252914064138869,0.9813225269317627,0.999964714050293,0.018642187118530273,4.167696169449675,7.433292412155083,3.265596242705408
MMdata_442.75s_0327_203239_4ml,44,220.0,4,4,4,4,4,1,6.0762966313632205e-05,7.261233258759603e-05,1.1849366273963824e-05,-4.541550476969259,-3.8320385649799986,0.7095119119892601,0.0030601758044213057,0.0005187729257158935,-0.002541402878705412,-0.6223033279554979,-1.8657070780174818,-1.243403750061984,0.9968791007995605,0.9994086027145386,0.0025295019149780273,5.163853804924757,5.697745642997483,0.5338918380727264
MMdata_442.75s_0327_203239_4ml,45,225.0,4,4,4,4,4,1,4.6523797209374607e-05,2.2564778191735968e-05,-2.395901901763864e-05,-4.588539424867075,-4.570318513021605,0.0182209118454697,0.0020634771790355444,0.0004588424344547093,-0.001604634744580835,-0.7963555847118213,-1.5580018454328801,-0.7616462607210588,0.997890055179596,0.999518632888794,0.001628577709197998,5.384895009578898,6.128320358454487,0.7434253488755891
MMdata_442.75s_0327_203239_4ml,46,230.0,4,4,4,4,4,1,0.00013918775948695838,1.0806184036482591e-05,-0.0001283815754504758,-4.308600878121514,-3.8606847867271386,0.4479160913943758,0.008023547939956188,1.2513452929852065e-05,-0.008011034487026336,-0.254288697870531,-3.7139990529860176,-3.4597103551154866,0.991837203502655,0.999976634979248,0.008139431476593018,4.562889575992046,7.574683839713154,3.011794263721108
MMdata_442.75s_0327_203239_4ml,47,235.0,4,4,4,4,4,1,0.00016791364760138094,5.847827924299054e-05,-0.0001094353683583904,-4.412122407877475,-4.076095548298474,0.33602685957900125,0.016060495749115944,0.0006998355966061354,-0.015360660152509809,0.14854560282346618,-1.5939054931298449,-1.742451095953311,0.9837716221809387,0.9992417097091675,0.01547008752822876,4.263576805054009,5.670001041428319,1.4064242363743098
MMdata_442.75s_0327_203239_4ml,48,240.0,4,4,4,4,4,1,6.723174737999216e-05,1.4492726222670171e-05,-5.2739021157321986e-05,-4.5278908853727975,-4.134824729427669,0.39306615594512806,0.0035979703534394503,5.1229886594228446e-05,-0.003546740466845222,-0.5479112778480824,-2.8721485288857496,-2.324237251037667,0.9963347911834717,0.9999343156814575,0.00359952449798584,5.075802163220879,7.006973258313422,1.9311710950925427
MMdata_442.75s_0327_203239_4ml,49,245.0,4,4,4,4,4,1,3.782342537306249e-05,6.175768703542417e-06,-3.1647656669520075e-05,-4.606026367765852,-4.297345793679795,0.30868057408605765,0.0014364083763211966,1.514718769612955e-05,-0.001421261188625067,-0.9690539035057277,-3.4001642707443045,-2.4311103672385768,0.9985257983207703,0.9999786615371704,0.0014528632164001465,5.575080271271577,7.6975100644241,2.1224297931525236
MMdata_442.75s_0327_203239_4ml,50,250.0,4,4,4,4,4,1,0.00026258258731104434,7.529425602115225e-06,-0.0002550531617089291,-4.244912163793053,-4.224024460681078,0.020887703111974965,0.023978108540177345,1.8069509678753093e-05,-0.023960039030498592,0.26941873424362717,-3.3486172486337678,-3.618035982877395,0.9757593274116516,0.9999743700027466,0.02421504259109497,3.9754934295494255,7.572641709314849,3.597148279765423
MMdata_442.75s_0327_203239_4ml,51,255.0,4,4,4,4,4,1,0.0001313321990892291,0.0005336535978130996,0.0004023213987238705,-4.424050481856037,-4.25879755916961,0.16525292268642744,0.010121392086148262,0.11374689638614655,0.10362550429999828,-0.07937397477111663,1.1031865575201563,1.182560532291273,0.9897472858428955,0.8857194185256958,-0.10402786731719971,4.503424456627155,3.1556110016494534,-1.3478134549777012
MMdata_442.75s_0327_203239_4ml,52,260.0,4,4,4,4,4,1,7.538967474829406e-05,1.5667043044231832e-05,-5.9722631704062223e-05,-4.5126497036262085,-4.191319123314215,0.3213305803119937,0.004325095098465681,7.092706073308364e-05,-0.0042541680377325974,-0.46313062237643177,-2.6812264247930324,-2.2180958024166006,0.9955995082855225,0.9999134540557861,0.004313945770263672,4.975780326002642,6.872545548107251,1.8967652221046087
MMdata_442.75s_0327_203239_4ml,53,265.0,4,4,4,4,4,1,4.945858381688595e-05,9.84959569905186e-06,-3.960898811783409e-05,-4.582622205720532,-3.9401385205842585,0.6424836851362734,0.002291521057486534,1.3194351595302578e-05,-0.0022783267058912315,-0.7467867412096245,-3.6477801005781414,-2.900993359368517,0.9976589679718018,0.9999769926071167,0.0023180246353149414,5.3294089469301555,7.587918621162398,2.2585096742322426
MMdata_442.75s_0327_203239_4ml,54,270.0,4,4,4,4,4,1,0.00019204597629141062,1.0190947250521276e-05,-0.00018185502904088935,-4.283363360799574,-3.875622102668708,0.4077412581308657,0.014251218177378178,1.16391820483841e-05,-0.014239578995329794,0.023499504162348472,-3.7427447353404064,-3.766244239502755,0.9855567812919617,0.9999781847000122,0.014421403408050537,4.259863856637226,7.618366838009115,3.358502981371889
MMdata_442.75s_0327_203239_4ml,55,275.0,4,4,4,4,4,1,0.00012992072151973844,1.1552887372090481e-05,-0.00011836783414764795,-4.454456692893953,-4.364491431912584,0.08996526098136925,0.010859094560146332,6.48392378934659e-05,-0.010794255322252866,-0.028622906684693916,-2.6395158834135097,-2.610892976728816,0.9890109896659851,0.999923586845398,0.010912597179412842,4.483079599578647,7.004007315326094,2.5209277157474466
MMdata_442.75s_0327_203239_4ml,56,280.0,4,4,4,4,4,1,3.681840462377295e-05,1.1298990102659445e-05,-2.5519414521113504e-05,-4.574619435775593,-3.869080282320203,0.7055391534553896,0.0012384544825181365,1.4029780686541926e-05,-0.0012244247018315946,-1.0589977854261496,-3.6526113703567695,-2.59361358493062,0.9987247586250305,0.9999747276306152,0.0012499690055847168,5.633617221201744,7.521691652676973,1.8880744314752285
MMdata_442.75s_0327_203239_4ml,57,285.0,4,4,4,4,4,1,5.3033625590614974e-05,7.140866728150286e-06,-4.589275886246469e-05,-4.573100612319172,-4.175241813999437,0.39785879831973503,0.0025612772442400455,1.4039916095498484e-05,-0.002547237328144547,-0.6957654332181136,-3.499171551005227,-2.8034061177871132,0.9973856806755066,0.99997878074646,0.002593100070953369,5.268866045537287,7.674413365004663,2.4055473194673764
MMdata_442.75s_0327_203239_4ml,58,290.0,4,4,4,4,4,1,0.00026272982358932495,1.1939792784687597e-05,-0.00025079003080463735,-4.245382732965943,-3.8790760527385695,0.3663066802273738,0.024040458723902702,1.614320535736624e-05,-0.024024315518545336,0.27098451976977733,-3.5774535656014708,-3.848438085371248,0.9756968021392822,0.999971866607666,0.02427506446838379,3.9743982131961664,7.456529618340039,3.482131405143873
MMdata_442.75s_0327_203239_4ml,59,295.0,4,4,4,4,4,1,0.0001171757685369812,0.00012013810919597745,2.962340658996254e-06,-4.470340724291903,-4.378211161485077,0.09212956280682594,0.009249012917280197,0.007360741030424833,-0.0018882718868553638,-0.10174371379402292,-0.2629372623081361,-0.16119354851411316,0.9906338453292847,0.9925191402435303,0.0018852949142456055,4.572084438085928,4.6411484237932115,0.06906398570728367
MMdata_442.75s_0327_203239_4ml,60,300.0,4,4,4,4,4,1,2.7959902581642382e-05,9.659353963797912e-06,-1.830054861784447e-05,-4.5930778386652,-4.024944286810659,0.5681335518545403,0.0007544949767179787,1.6365931514883414e-05,-0.0007381290452030953,-1.2978006513972913,-3.4976692278457504,-2.199868576448459,0.9992175102233887,0.9999740123748779,0.0007565021514892578,5.8908784900624935,7.52261351465641,1.6317350245939162
MMdata_442.75s_0327_203239_4ml,61,305.0,4,4,4,4,4,1,3.3215867006219923e-05,6.062367447157158e-06,-2.7153499559062766e-05,-4.624749704333758,-4.373854589633193,0.25089511470056536,0.0011714521097019315,1.8361910406383686e-05,-0.0011530901992955478,-1.0617780103188634,-3.2656765488567965,-2.203898538537933,0.9987952709197998,0.9999755620956421,0.0011802911758422852,5.686527714652621,7.639531138489989,1.9530034238373677
MMdata_442.75s_0327_203239_4ml,62,310.0,4,4,4,4,4,1,0.00027317681815475225,7.637617272848729e-06,-0.0002655392008819035,-4.229566319057852,-4.176236528958866,0.053329790098985974,0.024805622175335884,1.6109257558127865e-05,-0.024789512917777756,0.27914001694516033,-3.429928097862896,-3.709068114808056,0.9749211668968201,0.9999762773513794,0.025055110454559326,3.9504263021126924,7.60616462682176,3.655738324709068
MMdata_442.75s_0327_203239_4ml,63,315.0,4,4,4,4,4,1,0.00010897040192503482,4.424757571541704e-05,-6.472282620961778e-05,-4.475624102903395,-4.2473048926093435,0.22831921029405144,0.008117478340864182,0.0006696260534226894,-0.007447852287441492,-0.16492557051549195,-1.5303860491171442,-1.3654604786016522,0.9917735457420349,0.9992861151695251,0.007512569427490234,4.640549673418886,5.777690941726488,1.1371412683076016
MMdata_442.75s_0327_203239_4ml,64,320.0,4,4,4,4,4,1,5.2092083933530375e-05,9.79355627350742e-06,-4.2298527660022955e-05,-4.545801793148553,-4.110976817291838,0.4348249758567153,0.0022761754225939512,2.177801070502028e-05,-0.002254397411888931,-0.7685629232788758,-3.3118006861179667,-2.543237762839091,0.9976716637611389,0.999968409538269,0.002296745777130127,5.314364716427431,7.422777503409802,2.1084127869823712
MMdata_442.75s_0327_203239_4ml,65,325.0,4,4,4,4,4,1,2.4203252905863337e-05,1.1425057891756296e-05,-1.2778195014107041e-05,-4.648182677023404,-3.8427057446216333,0.8054769324017705,0.0006669419235549867,1.3253336874186061e-05,-0.0006536885866808007,-1.3319667477577077,-3.6942653882140286,-2.362298640456321,0.9993088245391846,0.999975323677063,0.000666499137878418,5.980149424781112,7.536971132835659,1.5568217080545468
MMdata_442.75s_0327_203239_4ml,66,330.0,4,4,4,4,4,1,0.00027273374143987894,1.1568052286747843e-05,-0.0002611656891531311,-4.21963649733604,-3.8207862029211244,0.39885029441491593,0.023979192599654198,1.272243207495194e-05,-0.023966470167579246,0.2568092477559518,-3.7256666477779783,-3.98247589553393,0.9757481217384338,0.9999756813049316,0.024227559566497803,3.96282724958009,7.546452850699101,3.583625601119011
MMdata_442.75s_0327_203239_4ml,67,335.0,4,4,4,4,4,1,0.00014931612531654537,5.9954509197268635e-06,-0.0001433206743968185,-4.432615922075542,-4.270590790318017,0.16202513175752564,0.013469470664858818,1.3174498235457577e-05,-0.01345629616662336,0.06949934436697802,-3.48330878282976,-3.552808127196738,0.9863812327384949,0.9999808073043823,0.013599574565887451,4.363116577708565,7.753899573147775,3.39078299543921
MMdata_442.75s_0327_203239_4ml,68,340.0,4,4,4,4,4,1,6.034327452653088e-05,1.3183259397919755e-05,-4.716001512861112e-05,-4.540447223527798,-4.124671020917971,0.4157762026098277,0.0030079171992838383,4.111826638109051e-05,-0.0029667989329027478,-0.6314935658531784,-2.987166357933763,-2.3556727920805844,0.9969316720962524,0.9999456405639648,0.0030139684677124023,5.171940789380979,7.111837378851732,1.9398965894707532
MMdata_442.75s_0327_203239_4ml,69,345.0,4,4,4,4,4,1,2.9986160370754078e-05,1.2544632227218244e-05,-1.7441528143535834e-05,-4.6325820128113815,-3.7782402091339478,0.8543418036774337,0.0009772232733666897,1.3168420082365628e-05,-0.000964054853284324,-1.1486028115772768,-3.729711527053583,-2.581108715476306,0.9989927411079407,0.999974250793457,0.0009815096855163574,5.78118482438866,7.507951736187531,1.7267669117988707
MMdata_442.75s_0327_203239_4ml,70,350.0,4,4,4,4,4,1,0.00026977251400239766,8.729219189262949e-06,-0.0002610432948131347,-4.218803832645522,-4.009544318962797,0.2092595136827251,0.023388545960187912,1.2762302503688261e-05,-0.023375783657684224,0.2436187968510426,-3.629724536231792,-3.8733433330828344,0.976341724395752,0.9999785423278809,0.023636817932128906,3.9751850357944787,7.639268855194589,3.6640838194001106
MMdata_442.75s_0327_203239_4ml,71,355.0,4,4,4,4,4,1,0.00014988469774834812,7.189944426500006e-06,-0.0001426947533218481,-4.427596582442079,-4.23304242874164,0.19455415370043916,0.013368037529289722,1.692865407676436e-05,-0.013351108875212958,0.06315897839537588,-3.3767181774882618,-3.4398771558836376,0.9864821434020996,0.9999759197235107,0.013493776321411133,4.364437604046701,7.6097606062299,3.2453230021831985
MMdata_442.75s_0327_203239_4ml,72,360.0,4,4,4,4,4,1,7.895431917859241e-05,9.17244324227795e-06,-6.978187593631446e-05,-4.508158348229137,-4.129390759907038,0.37876758832209934,0.004681976977735758,2.018820305238478e-05,-0.004661788774683373,-0.4255520643533872,-3.340496022820613,-2.9149439584672256,0.9952390193939209,0.9999706745147705,0.004731655120849609,4.933710412582525,7.469886782727648,2.5361763701451228
MMdata_442.75s_0327_203239_4ml,73,365.0,4,4,4,4,4,1,4.603121487889439e-05,1.0736018339230213e-05,-3.5295196539664175e-05,-4.589702946416971,-3.8630657366838337,0.7266372097331377,0.0020270016975700855,1.244001578015741e-05,-0.002014561681789928,-0.804709713164895,-3.7157516692996078,-2.9110419561347127,0.9979269504547119,0.9999768733978271,0.0020499229431152344,5.3944126595818656,7.5788174059834414,2.184404746401576
MMdata_442.75s_0327_203239_4ml,74,370.0,4,4,4,4,4,1,0.00028828339418396354,1.6113397578010336e-05,-0.0002721699966059532,-4.23104905994815,-4.230821209702794,0.00022785024535565412,0.027835041284561157,8.446657011518255e-05,-0.027750574714445975,0.3390579199561392,-2.5741164472065314,-2.9131743671626706,0.9718766808509827,0.9998993873596191,0.028022706508636475,3.891991139992011,6.804937656909326,2.912946516917315
MMdata_442.75s_0327_203239_4ml,75,375.0,4,4,4,4,4,1,0.0001498199999332428,4.5415887143462896e-05,-0.0001044041127897799,-4.433746679565562,-4.121912988498376,0.3118336910671866,0.013608536683022976,0.00048419227823615074,-0.013124344404786825,0.07527131944598864,-1.7552928725035404,-1.830564191949529,0.9862415790557861,0.9994704127311707,0.013228833675384521,4.3584753601195745,5.877205861001919,1.5187305008823442
MMdata_442.75s_0327_203239_4ml,76,380.0,4,4,4,4,4,1,6.91327586537227e-05,1.0735697287600487e-05,-5.8397061366122216e-05,-4.530396339978707,-4.097585357222132,0.4328109827565747,0.003833933500573039,2.5139244826277718e-05,-0.0038087942557467613,-0.5147784556494788,-3.2467295770616387,-2.73195112141216,0.9960969090461731,0.9999641180038452,0.003867208957672119,5.045174795628186,7.344314934283769,2.2991401386555834
MMdata_442.75s_0327_203239_4ml,77,385.0,4,4,4,4,4,1,4.820200410904363e-05,1.7505748473922722e-05,-3.0696255635120906e-05,-4.583143535618171,-3.7239596128920924,0.8591839227260785,0.0021797199733555317,2.179032890126109e-05,-0.0021579296444542706,-0.771592439892955,-3.5050226811262446,-2.7334302412332896,0.9977720379829407,0.9999606609344482,0.0021886229515075684,5.354735975511129,7.228982294018335,1.8742463185072067
MMdata_442.75s_0327_203239_4ml,78,390.0,4,4,4,4,4,1,0.0002709415857680142,1.4022609320818447e-05,-0.00025691897644719575,-4.249407170587396,-4.234772331509375,0.014634839078021322,0.025927651673555374,6.473015673691407e-05,-0.02586292151681846,0.311754892796134,-2.7052161160300523,-3.0169710088261863,0.9738014340400696,0.9999212026596069,0.026119768619537354,3.937652277791261,6.939988447539425,3.0023361697481636
MMdata_442.75s_0327_203239_4ml,79,395.0,4,4,4,4,4,1,0.00016259631956927478,9.962335752788931e-06,-0.00015263398381648585,-4.409904962310928,-4.0515148993930366,0.3583900629178913,0.014942514710128307,1.885326491901651e-05,-0.01492366144520929,0.11079024085371003,-3.4136403526792245,-3.5244305935329345,0.9848949313163757,0.9999711513519287,0.015076220035552979,4.299114721457219,7.465155252072261,3.1660405306150423
MMdata_442.75s_0327_203239_4ml,80,400.0,4,4,4,4,4,1,5.4925549193285406e-05,1.4545595149684232e-05,-4.0379954043601174e-05,-4.558851695312669,-3.7749201399890655,0.7839315553236039,0.0026325094513595104,1.7529029719298705e-05,-0.0026149804216402117,-0.6891374782390631,-3.58835000124356,-2.899212523004497,0.9973125457763672,0.9999679327011108,0.0026553869247436523,5.2479891735517326,7.363270141232626,2.115280967680893
MMdata_442.75s_0327_203239_4ml,81,405.0,4,4,4,4,4,1,3.831500362139195e-05,1.1622157217061613e-05,-2.669284640433034e-05,-4.607288792451222,-3.843187401317185,0.7641013911340364,0.001479645841754973,1.3734402273257729e-05,-0.0014659114394817152,-0.9535723093791084,-3.6761969823281513,-2.722624672949043,0.9984820485115051,0.9999746084213257,0.0014925599098205566,5.560861101830332,7.519384383645337,1.9585232818150056
MMdata_442.75s_0327_203239_4ml,82,410.0,4,4,4,4,4,1,0.00025492976419627666,5.774213786935434e-05,-0.00019718762632692233,-4.263804860001795,-4.177784260310884,0.08602059969091069,0.023917105048894882,0.0009259320213459432,-0.02299117302754894,0.27755624165953074,-1.402970638776429,-1.6805268804359597,0.9758279323577881,0.999016284942627,0.023188352584838867,3.9862486183422647,5.580754899087309,1.5945062807450445
MMdata_442.75s_0327_203239_4ml,83,415.0,4,4,4,4,4,1,0.00011748170800274238,1.401661393174436e-05,-0.00010346509407099802,-4.4702995833607995,-4.420201292128886,0.05009829123191345,0.009296676144003868,0.00011281020852038637,-0.009183865935483482,-0.0991700168669416,-2.334737791535182,-2.2355677746682403,0.9905858635902405,0.999873161315918,0.00928729772567749,4.56946960022774,6.754939083664065,2.185469483436325
MMdata_442.75s_0327_203239_4ml,84,420.0,4,4,4,4,4,1,5.198064900469035e-05,1.0108395144925453e-05,-4.1872253859764896e-05,-4.561739911133478,-4.144382417180231,0.41735749395324717,0.0023776902817189693,2.5646446374594234e-05,-0.002352043835344375,-0.738726600341713,-3.2133436791198315,-2.4746170787781185,0.9975703358650208,0.9999642372131348,0.0023939013481140137,5.30046651147519,7.357726096300059,2.0572595848248687
MMdata_442.75s_0327_203239_4ml,85,425.0,4,4,4,4,4,1,2.2340098439599387e-05,1.624442847969476e-05,-6.095669959904626e-06,-4.658418020043521,-3.7129776589940677,0.9454403610494531,0.000585881934966892,1.8155196812585928e-05,-0.0005677267381543061,-1.391682926990521,-3.6017708007011437,-2.2100878737106227,0.9993917942047119,0.9999655485153198,0.0005737543106079102,6.050100947034041,7.314748459695213,1.2646475126611723
MMdata_442.75s_0327_203239_4ml,86,430.0,4,4,4,4,4,1,0.0002456430811434984,1.0628080417518504e-05,-0.00023501500072597992,-4.256495463009737,-4.38233022746558,-0.12583476445584285,0.021674660965800285,5.7890185416908935e-05,-0.021616770780383376,0.22352410408822854,-2.687281960902162,-2.9108060649903904,0.9780796766281128,0.9999314546585083,0.021851778030395508,4.032971358921509,7.069612188367741,3.036640829446232
MMdata_442.75s_0327_203239_4ml,87,435.0,4,4,4,4,4,1,0.00011342960351612419,9.292968570662197e-06,-0.00010413663494546199,-4.472612063602004,-4.3694330445165,0.10317901908550464,0.008721659891307354,4.257880209479481e-05,-0.00867908108921256,-0.13022962146545325,-2.8473345650205797,-2.7171049435551264,0.9911648631095886,0.9999481439590454,0.008783280849456787,4.602841685067458,7.216767609537079,2.613925924469622
